{
	"credit": "Made with Blockbench",
	"textures": {
		"1": "custom/fish/glow_bait_solo",
		"particle": "custom/fish/glow_bait_solo",
		"layer0": "custom/fish/titan_bait_solo"
	},
	"elements": [
		{
			"from": [4, 4, 9],
			"to": [12, 12, 9],
			"rotation": {"angle": -22.5, "axis": "z", "origin": [8, 8, 9]},
			"faces": {
				"north": {"uv": [16, 0, 0, 16], "texture": "#layer0"},
				"east": {"uv": [0, 0, 0, 8], "texture": "#layer0"},
				"south": {"uv": [0, 0, 16, 16], "texture": "#layer0"},
				"west": {"uv": [0, 0, 0, 8], "texture": "#layer0"},
				"up": {"uv": [0, 0, 8, 0], "texture": "#layer0"},
				"down": {"uv": [0, 0, 8, 0], "texture": "#layer0"}
			}
		},
		{
			"from": [4, 10, 3],
			"to": [12, 10, 11],
			"rotation": {"angle": 22.5, "axis": "x", "origin": [8, 8, 7]},
			"faces": {
				"north": {"uv": [0, 0, 8, 0], "texture": "#1"},
				"east": {"uv": [0, 0, 0, 8], "rotation": 270, "texture": "#1"},
				"south": {"uv": [0, 0, 8, 0], "rotation": 180, "texture": "#1"},
				"west": {"uv": [0, 0, 0, 8], "rotation": 90, "texture": "#1"},
				"up": {"uv": [0, 0, 16, 16], "rotation": 180, "texture": "#1"},
				"down": {"uv": [16, 0, 0, 16], "texture": "#1"}
			}
		}
	],
	"display": {
		"thirdperson_righthand": {
			"rotation": [29, 0, 45],
			"translation": [0, 0, -0.5]
		},
		"thirdperson_lefthand": {
			"rotation": [30, 0, 45],
			"translation": [0, 0, -0.5]
		},
		"firstperson_righthand": {
			"rotation": [0, -60, 0]
		},
		"gui": {
			"rotation": [30, -35, -7],
			"scale": [2, 2, 2]
		},
		"head": {
			"rotation": [126, 180, 180],
			"translation": [0, -47.5, 0.25],
			"scale": [1.5, 1.5, 1.5]
		},
		"fixed": {
			"scale": [2, 2, 2]
		}
	}
}