{
	"credit": "Made with Blockbench",
	"textures": {
		"layer0": "custom/fish/luxury_bait_solo"
	},
	"elements": [
		{
			"from": [4, 4, 8],
			"to": [12, 12, 8],
			"faces": {
				"north": {"uv": [16, 0, 0, 16], "texture": "#layer0"},
				"east": {"uv": [0, 0, 0, 8], "texture": "#layer0"},
				"south": {"uv": [0, 0, 16, 16], "texture": "#layer0"},
				"west": {"uv": [0, 0, 0, 8], "texture": "#layer0"},
				"up": {"uv": [0, 0, 8, 0], "texture": "#layer0"},
				"down": {"uv": [0, 0, 8, 0], "texture": "#layer0"}
			}
		}
	],
	"display": {
		"thirdperson_righthand": {
			"rotation": [29, 0, 45],
			"translation": [0, 0, -0.5]
		},
		"thirdperson_lefthand": {
			"rotation": [30, 0, 45],
			"translation": [0, 0, -0.5]
		},
		"firstperson_righthand": {
			"rotation": [0, -60, 0]
		},
		"gui": {
			"rotation": [30, -35, -7],
			"scale": [2, 2, 2]
		},
		"head": {
			"rotation": [126, 0, 180],
			"translation": [0, -46.5, 0.25],
			"scale": [1.5, 1.5, 1.5]
		},
		"fixed": {
			"scale": [2, 2, 2]
		}
	}
}