{
  "variants": {
    "": [
      {"model": "minecraft:block/dead_bush1", "weight": 24},
      {"model": "minecraft:block/dead_bush1_large", "weight": 1},
      {"model": "minecraft:block/dead_bush1_large", "weight": 1,"y": 90},
      {"model": "minecraft:block/dead_bush2", "weight": 14},
      {"model": "minecraft:block/dead_bush2_large", "weight": 1},
      {"model": "minecraft:block/dead_bush2_large", "weight": 1,"y": 90},
      {"model": "minecraft:block/dead_bush3", "weight": 14},
      {"model": "minecraft:block/dead_bush3_large", "weight": 1},
      {"model": "minecraft:block/dead_bush3_large", "weight": 1,"y": 90}
    ]
  }
}