{
  "variants": {
    "": [
      {"model": "minecraft:block/lily_pad", "weight": 1},
      {"model": "minecraft:block/lily_pad", "weight": 1,"y": 90},
      {"model": "minecraft:block/lily_pad", "weight": 1,"y": 180},
      {"model": "minecraft:block/lily_pad", "weight": 1,"y": 270},
      {"model": "minecraft:block/lily_pad2", "weight": 1},
      {"model": "minecraft:block/lily_pad2", "weight": 1,"y": 90},
      {"model": "minecraft:block/lily_pad2", "weight": 1,"y": 180},
      {"model": "minecraft:block/lily_pad2", "weight": 1,"y": 270},
      {"model": "minecraft:block/lily_pad3", "weight": 1},
      {"model": "minecraft:block/lily_pad3", "weight": 1,"y": 90},
      {"model": "minecraft:block/lily_pad3", "weight": 1,"y": 180},
      {"model": "minecraft:block/lily_pad3", "weight": 1,"y": 270}
    ]
  }
}