{
  "variants": {
    "": [
      {"model": "minecraft:block/sand", "weight": 4000},
      {"model": "minecraft:block/sand2", "weight": 1},
      {"model": "minecraft:block/sand2", "weight": 1,"y": 90},
      {"model": "minecraft:block/sand2", "weight": 1,"y": 180},
      {"model": "minecraft:block/sand2", "weight": 1,"y": 270},
      {"model": "minecraft:block/sand3", "weight": 1},
      {"model": "minecraft:block/sand3", "weight": 1,"y": 90},
      {"model": "minecraft:block/sand3", "weight": 1,"y": 180},
      {"model": "minecraft:block/sand3", "weight": 1,"y": 270},
      {"model": "minecraft:block/sand4", "weight": 1},
      {"model": "minecraft:block/sand4", "weight": 1,"y": 90},
      {"model": "minecraft:block/sand4", "weight": 1,"y": 180},
      {"model": "minecraft:block/sand4", "weight": 1,"y": 270},
      {"model": "minecraft:block/sand5", "weight": 1},
      {"model": "minecraft:block/sand5", "weight": 1,"y": 90},
      {"model": "minecraft:block/sand5", "weight": 1,"y": 180},
      {"model": "minecraft:block/sand5", "weight": 1,"y": 270},
      {"model": "minecraft:block/sand6", "weight": 1},
      {"model": "minecraft:block/sand6", "weight": 1,"y": 90},
      {"model": "minecraft:block/sand6", "weight": 1,"y": 180},
      {"model": "minecraft:block/sand6", "weight": 1,"y": 270},
      {"model": "minecraft:block/sand7", "weight": 1},
      {"model": "minecraft:block/sand7", "weight": 1,"y": 90},
      {"model": "minecraft:block/sand7", "weight": 1,"y": 180},
      {"model": "minecraft:block/sand7", "weight": 1,"y": 270},
      {"model": "minecraft:block/sand8", "weight": 4},
      {"model": "minecraft:block/sand8", "weight": 4,"y": 90},
      {"model": "minecraft:block/sand8", "weight": 4,"y": 180},
      {"model": "minecraft:block/sand8", "weight": 4,"y": 270},
      {"model": "minecraft:block/sand9", "weight": 4},
      {"model": "minecraft:block/sand9", "weight": 4,"y": 90},
      {"model": "minecraft:block/sand9", "weight": 4,"y": 180},
      {"model": "minecraft:block/sand9", "weight": 4,"y": 270}
    ]
  }
}