{
	"parent": "minecraft:item/generated",
	"textures": {
	  "layer0": "minecraft:item/bread"
	},
	  
	  "overrides": [
		  {"predicate": {"custom_model_data":1}, "model": "item/key_voting"},
		  {"predicate": {"custom_model_data":2}, "model": "item/key_mining"},
		  {"predicate": {"custom_model_data":3}, "model": "item/key_chromatic"},
		  {"predicate": {"custom_model_data":4}, "model": "item/key_legendary"},
		  {"predicate": {"custom_model_data":5}, "model": "item/goodie_bag"},
		  {"predicate": {"custom_model_data":6}, "model": "item/gemstone"},
		  {"predicate": {"custom_model_data":7}, "model": "item/jar_of_gems"},
		  {"predicate": {"custom_model_data":8}, "model": "item/moonstone"},		  
		  {"predicate": {"custom_model_data":9}, "model": "item/ocelot_leather"},
		  {"predicate": {"custom_model_data":10}, "model": "item/parrot_feather"},		  
		  {"predicate": {"custom_model_data":11}, "model": "item/fox_tail"},
		  {"predicate": {"custom_model_data":12}, "model": "item/snow_fox_tail"},		  
		  {"predicate": {"custom_model_data":13}, "model": "item/bat_wing"},
		  {"predicate": {"custom_model_data":14}, "model": "item/polar_bear_fur"},
		  {"predicate": {"custom_model_data":15}, "model": "item/rose_quartz"},
		  {"predicate": {"custom_model_data":16}, "model": "item/hive_scroll"},
		  {"predicate": {"custom_model_data":17}, "model": "item/airdrop_scroll"},
		  {"predicate": {"custom_model_data":18}, "model": "item/geode"},
		  {"predicate": {"custom_model_data":19}, "model": "item/blueprint_pickaxe"},
		  {"predicate": {"custom_model_data":20}, "model": "item/spider_fang"},
		  {"predicate": {"custom_model_data":21}, "model": "item/llama_wool"},		  
		  {"predicate": {"custom_model_data":22}, "model": "item/fish/speed_bait"},
		  {"predicate": {"custom_model_data":23}, "model": "item/fish/glow_bait"},
		  {"predicate": {"custom_model_data":24}, "model": "item/fish/luxury_bait"},
		  {"predicate": {"custom_model_data":25}, "model": "item/fish/titan_bait"},
		  {"predicate": {"custom_model_data":26}, "model": "item/fish_oil"},
		  {"predicate": {"custom_model_data":27}, "model": "item/axolotl_gill"},
		  {"predicate": {"custom_model_data":28}, "model": "item/bee_fuzz"},
		  {"predicate": {"custom_model_data":29}, "model": "item/goat_horn"},
		  {"predicate": {"custom_model_data":30}, "model": "item/mendingapple_perk"},
		  {"predicate": {"custom_model_data":31}, "model": "item/banknote"},
		  {"predicate": {"custom_model_data":32}, "model": "item/gem_bundle"},
		  {"predicate": {"custom_model_data":33}, "model": "item/moonstone_bundle"},
		  {"predicate": {"custom_model_data":34}, "model": "item/exotic_shard_bundle"},
		  {"predicate": {"custom_model_data":35}, "model": "item/infected_geode"},
		  {"predicate": {"custom_model_data":36}, "model": "item/fly_perk"},
		  {"predicate": {"custom_model_data":37}, "model": "item/ocean_geode"},
		  {"predicate": {"custom_model_data":38}, "model": "item/earth_essence"},
		  {"predicate": {"custom_model_data":39}, "model": "item/earth_geode"},
		  {"predicate": {"custom_model_data":40}, "model": "item/infected_essence"},
		  {"predicate": {"custom_model_data":41}, "model": "item/ocean_essence"},
		  {"predicate": {"custom_model_data":42}, "model": "item/ametrine"},
		  {"predicate": {"custom_model_data":43}, "model": "item/exotic_shard"},
		  {"predicate": {"custom_model_data":44}, "model": "item/gleam_leather"},
		  {"predicate": {"custom_model_data":45}, "model": "item/rabbit_scroll"},
		  {"predicate": {"custom_model_data":46}, "model": "item/meteorite_scroll"},
		  {"predicate": {"custom_model_data":47}, "model": "item/money_bundle"},
		  
		  {"predicate": {"custom_model_data":200}, "model": "item/fish/goldfish"},
		  {"predicate": {"custom_model_data":201}, "model": "item/fish/sea_urchin"},
		  {"predicate": {"custom_model_data":202}, "model": "item/fish/stonefish"},
		  {"predicate": {"custom_model_data":203}, "model": "item/fish/zebra_fin"},
		  {"predicate": {"custom_model_data":204}, "model": "item/fish/water_snake"},
		  {"predicate": {"custom_model_data":205}, "model": "item/fish/giant_squid"},
		  {"predicate": {"custom_model_data":206}, "model": "item/fish/glimmer"},
		  {"predicate": {"custom_model_data":207}, "model": "item/fish/starfish"},
		  {"predicate": {"custom_model_data":208}, "model": "item/fish/rainbow_snapper"},
		  {"predicate": {"custom_model_data":209}, "model": "item/fish/sea_horse"},
		  {"predicate": {"custom_model_data":210}, "model": "item/fish/sunfish"},
		  {"predicate": {"custom_model_data":211}, "model": "item/fish/prismatic_ray"},
		  {"predicate": {"custom_model_data":212}, "model": "item/fish/shrimp"},
		  {"predicate": {"custom_model_data":213}, "model": "item/fish/isopod"},
		  {"predicate": {"custom_model_data":214}, "model": "item/fish/jellyfish"},
		  {"predicate": {"custom_model_data":215}, "model": "item/fish/octopus"},
		  {"predicate": {"custom_model_data":216}, "model": "item/fish/anglerfish"},
		  {"predicate": {"custom_model_data":217}, "model": "item/fish/ghost_shark"},
		  
		  {"predicate": {"custom_model_data":300}, "model": "block/custom/airdrop_with_parachute"},
		  {"predicate": {"custom_model_data":301}, "model": "block/custom/rank1"},
		  {"predicate": {"custom_model_data":302}, "model": "block/custom/rank2"},
		  {"predicate": {"custom_model_data":303}, "model": "block/custom/rank3"},
		  {"predicate": {"custom_model_data":305}, "model": "block/custom/cookies1"},
		  {"predicate": {"custom_model_data":306}, "model": "block/custom/cookies2"},
		  {"predicate": {"custom_model_data":307}, "model": "block/custom/cookies3"},
		  {"predicate": {"custom_model_data":308}, "model": "block/custom/cookies4"},
		  {"predicate": {"custom_model_data":309}, "model": "block/custom/cookies5"},
		  {"predicate": {"custom_model_data":310}, "model": "block/custom/pvp1"},
		  {"predicate": {"custom_model_data":311}, "model": "block/custom/pvp2"},
		  {"predicate": {"custom_model_data":312}, "model": "block/custom/pvp3"},
		  {"predicate": {"custom_model_data":313}, "model": "block/custom/hologram"},
		  {"predicate": {"custom_model_data":314}, "model": "block/custom/spotlight"},
		  {"predicate": {"custom_model_data":315}, "model": "block/custom/cobblestone"},
		  {"predicate": {"custom_model_data":316}, "model": "block/custom/coal"},
		  {"predicate": {"custom_model_data":317}, "model": "block/custom/iron_ingot"},
		  {"predicate": {"custom_model_data":318}, "model": "block/custom/redstone"},
		  {"predicate": {"custom_model_data":319}, "model": "block/custom/gold_ingot"},
		  {"predicate": {"custom_model_data":320}, "model": "block/custom/lapis_lazuli"},
		  {"predicate": {"custom_model_data":321}, "model": "block/custom/emerald"},
		  {"predicate": {"custom_model_data":322}, "model": "block/custom/diamond"},
		  {"predicate": {"custom_model_data":323}, "model": "block/custom/rose_quartz"},
		  {"predicate": {"custom_model_data":324}, "model": "block/custom/season_title"},
		  {"predicate": {"custom_model_data":325}, "model": "block/custom/dungeon_treasure"},
		  {"predicate": {"custom_model_data":332}, "model": "block/custom/voting_crate_closed"},
		  {"predicate": {"custom_model_data":333}, "model": "block/custom/voting_crate_open"},
		  {"predicate": {"custom_model_data":334}, "model": "block/custom/mining_crate_closed"},
		  {"predicate": {"custom_model_data":335}, "model": "block/custom/mining_crate_open"},
		  {"predicate": {"custom_model_data":336}, "model": "block/custom/chromatic_crate_closed"},
		  {"predicate": {"custom_model_data":337}, "model": "block/custom/chromatic_crate_open"},
		  {"predicate": {"custom_model_data":338}, "model": "block/custom/legendary_crate_closed"},
		  {"predicate": {"custom_model_data":339}, "model": "block/custom/legendary_crate_open"},
		  {"predicate": {"custom_model_data":340}, "model": "block/custom/golden_airdrop_with_parachute"},
		  {"predicate": {"custom_model_data":341}, "model": "block/custom/donator_board1"},
		  {"predicate": {"custom_model_data":342}, "model": "block/custom/donator_board2"},
		  {"predicate": {"custom_model_data":343}, "model": "block/custom/donator_board3"},
		  {"predicate": {"custom_model_data":344}, "model": "block/custom/donator_board4"},
		  {"predicate": {"custom_model_data":345}, "model": "block/custom/donator_board5"},
		  {"predicate": {"custom_model_data":346}, "model": "block/custom/donator_board6"},
		  {"predicate": {"custom_model_data":347}, "model": "block/custom/donator_board7"},
		  {"predicate": {"custom_model_data":348}, "model": "block/custom/donator_board8"},
		  {"predicate": {"custom_model_data":349}, "model": "block/custom/donator_board9"},
		  {"predicate": {"custom_model_data":350}, "model": "block/custom/donator_board10"},
		  {"predicate": {"custom_model_data":351}, "model": "block/custom/donator_board11"},
		  {"predicate": {"custom_model_data":352}, "model": "block/custom/socials_board1"},
		  {"predicate": {"custom_model_data":353}, "model": "block/custom/socials_board2"},
		  {"predicate": {"custom_model_data":354}, "model": "block/custom/socials_board3"},
		  {"predicate": {"custom_model_data":355}, "model": "block/custom/socials_board4"},
		  {"predicate": {"custom_model_data":356}, "model": "block/custom/socials_board5"},
		  {"predicate": {"custom_model_data":357}, "model": "block/custom/socials_board6"},
		  {"predicate": {"custom_model_data":358}, "model": "block/custom/socials_board7"},
		  {"predicate": {"custom_model_data":359}, "model": "block/custom/socials_board8"},
		  {"predicate": {"custom_model_data":360}, "model": "block/custom/socials_board9"},
		  {"predicate": {"custom_model_data":361}, "model": "block/custom/socials_board10"},
		  {"predicate": {"custom_model_data":362}, "model": "block/custom/socials_board11"},
		  {"predicate": {"custom_model_data":363}, "model": "block/custom/big_logo"},
		  {"predicate": {"custom_model_data":364}, "model": "block/custom/prisonrank_1"},
		  {"predicate": {"custom_model_data":365}, "model": "block/custom/prisonrank_2"},
		  {"predicate": {"custom_model_data":366}, "model": "block/custom/prisonrank_3"},
		  {"predicate": {"custom_model_data":367}, "model": "block/custom/prisonrank_4"},
		  {"predicate": {"custom_model_data":368}, "model": "block/custom/prisonrank_5"},
		  {"predicate": {"custom_model_data":369}, "model": "block/custom/ametrine"},
		  {"predicate": {"custom_model_data":370}, "model": "block/custom/prison"},
		  {"predicate": {"custom_model_data":371}, "model": "block/custom/floater"},

		  {"predicate": {"custom_model_data":1000}, "model": "item/fish/bait_1"},
		  {"predicate": {"custom_model_data":1001}, "model": "item/fish/bait_2"},
		  {"predicate": {"custom_model_data":1002}, "model": "item/fish/bait_3"},
		  {"predicate": {"custom_model_data":1003}, "model": "item/fish/bait_4"},
		  {"predicate": {"custom_model_data":1004}, "model": "item/fish/bait_5"},
		  {"predicate": {"custom_model_data":1005}, "model": "item/fish/bait_6"},
		  {"predicate": {"custom_model_data":1006}, "model": "item/fish/bait_7"},
		  {"predicate": {"custom_model_data":1007}, "model": "item/fish/bait_8"},
		  {"predicate": {"custom_model_data":1008}, "model": "item/fish/bait_9"},
		  {"predicate": {"custom_model_data":1009}, "model": "item/fish/bait_10"},
		  {"predicate": {"custom_model_data":1010}, "model": "item/fish/bait_11"},
		  {"predicate": {"custom_model_data":1011}, "model": "item/fish/bait_12"},
		  {"predicate": {"custom_model_data":1012}, "model": "item/fish/bait_13"},
		  {"predicate": {"custom_model_data":1013}, "model": "item/fish/bait_14"},
		  {"predicate": {"custom_model_data":1014}, "model": "item/fish/bait_15"}
	  ]
  }