{
  "parent": "minecraft:item/generated",
  "textures": {
    "layer0": "minecraft:item/egg"
  },
	
	"overrides": [
		{"predicate": {"custom_model_data":1}, "model": "block/custom/pet/chick"},
		{"predicate": {"custom_model_data":2}, "model": "block/custom/pet/snail"},
		{"predicate": {"custom_model_data":3}, "model": "block/custom/pet/bread"},
		{"predicate": {"custom_model_data":4}, "model": "block/custom/pet/penguin"},
		{"predicate": {"custom_model_data":5}, "model": "block/custom/pet/turtle"},
		{"predicate": {"custom_model_data":6}, "model": "block/custom/pet/beaver"},
		{"predicate": {"custom_model_data":7}, "model": "block/custom/pet/cat"},
		{"predicate": {"custom_model_data":8}, "model": "block/custom/pet/dog"},
		{"predicate": {"custom_model_data":9}, "model": "block/custom/pet/red_panda"},
		{"predicate": {"custom_model_data":10}, "model": "block/custom/pet/dragon"},
		{"predicate": {"custom_model_data":11}, "model": "block/custom/pet/monkey"},

		{"predicate": {"custom_model_data":100}, "model": "block/custom/alien_minion"},
		{"predicate": {"custom_model_data":101}, "model": "block/custom/alien_alpha"},
		{"predicate": {"custom_model_data":102}, "model": "block/custom/alien_alpha_ravage"},
		{"predicate": {"custom_model_data":103}, "model": "block/custom/wave_sound"},
		{"predicate": {"custom_model_data":104}, "model": "block/custom/wave_shock"},
		{"predicate": {"custom_model_data":105}, "model": "block/custom/wave_ravage"}
	]
}