{
  "parent": "minecraft:item/generated",
  "textures": {
    "layer0": "minecraft:item/enchanted_book"
  },
	
	"overrides": [
		{"predicate": {"custom_model_data":1}, "model": "item/book/fire_protection"},
		{"predicate": {"custom_model_data":2}, "model": "item/book/projectile_protection"},
		{"predicate": {"custom_model_data":3}, "model": "item/book/blast_protection"},
		{"predicate": {"custom_model_data":4}, "model": "item/book/sharpness"},
		{"predicate": {"custom_model_data":5}, "model": "item/book/power"},
		{"predicate": {"custom_model_data":6}, "model": "item/book/efficiency"},
		{"predicate": {"custom_model_data":7}, "model": "item/book/fire_aspect"},
		{"predicate": {"custom_model_data":8}, "model": "item/book/flame"},
		{"predicate": {"custom_model_data":9}, "model": "item/book/smite"},
		{"predicate": {"custom_model_data":10}, "model": "item/book/sweeping_edge"},
		{"predicate": {"custom_model_data":11}, "model": "item/book/knockback"},
		{"predicate": {"custom_model_data":12}, "model": "item/book/punch"},
		{"predicate": {"custom_model_data":13}, "model": "item/book/unbreaking"},
		{"predicate": {"custom_model_data":14}, "model": "item/book/infinity"},
		{"predicate": {"custom_model_data":15}, "model": "item/book/gold_strike"},
		{"predicate": {"custom_model_data":16}, "model": "item/book/energize"},
		{"predicate": {"custom_model_data":17}, "model": "item/book/leap"},
		{"predicate": {"custom_model_data":18}, "model": "item/book/night_vision"},
		{"predicate": {"custom_model_data":19}, "model": "item/book/speed"},
		{"predicate": {"custom_model_data":20}, "model": "item/book/gem_luck"},
		{"predicate": {"custom_model_data":21}, "model": "item/book/geode_luck"},
		{"predicate": {"custom_model_data":22}, "model": "item/book/lure"},
		{"predicate": {"custom_model_data":23}, "model": "item/book/key_luck"},
		{"predicate": {"custom_model_data":24}, "model": "item/book/multishot"}
	]
}