{
	"credit": "Made with Blockbench",
	"parent": "minecraft:block/cube",
	"texture_size": [64, 64],
	"textures": {
		"0": "custom/block/excavator",
		"1": "custom/block/excavator_drill",
		"particle": "custom/block/excavator"
	},
	"elements": [
		{
			"from": [0, -16, 0],
			"to": [16, 0, 16],
			"rotation": {"angle": 0, "axis": "y", "origin": [8, 16, 8]},
			"faces": {
				"north": {"uv": [0, 0, 4, 4], "texture": "#0"},
				"east": {"uv": [0, 0, 4, 4], "texture": "#0"},
				"south": {"uv": [0, 0, 4, 4], "texture": "#0"},
				"west": {"uv": [0, 0, 4, 4], "texture": "#0"},
				"up": {"uv": [0, 0, 4, 4], "texture": "#0"},
				"down": {"uv": [0, 0, 4, 4], "texture": "#0"}
			}
		},
		{
			"from": [3, 0, 3],
			"to": [13, 7, 13],
			"rotation": {"angle": 0, "axis": "y", "origin": [8, 16, 8]},
			"faces": {
				"north": {"uv": [0, 6.5, 2.5, 8.25], "texture": "#0"},
				"east": {"uv": [0, 6.5, 2.5, 8.25], "texture": "#0"},
				"south": {"uv": [0, 6.5, 2.5, 8.25], "texture": "#0"},
				"west": {"uv": [0, 6.5, 2.5, 8.25], "texture": "#0"},
				"up": {"uv": [0, 4, 2.5, 6.5], "texture": "#0"},
				"down": {"uv": [0, 4, 2.5, 6.5], "texture": "#0"}
			}
		},
		{
			"from": [-4, 16, 6],
			"to": [0, 20, 10],
			"rotation": {"angle": 0, "axis": "y", "origin": [8, 6.25, 8]},
			"faces": {
				"north": {"uv": [6.5, 0, 5.5, 1], "texture": "#0"},
				"east": {"uv": [5.5, 1, 4.5, 0], "texture": "#0"},
				"south": {"uv": [5.5, 0, 6.5, 1], "texture": "#0"},
				"west": {"uv": [5.5, 0, 4.5, 1], "texture": "#0"},
				"up": {"uv": [6.5, 0, 5.5, 1], "rotation": 180, "texture": "#0"},
				"down": {"uv": [6.5, 0, 5.5, 1], "rotation": 180, "texture": "#0"}
			}
		},
		{
			"from": [6, 16, 16],
			"to": [10, 20, 20],
			"rotation": {"angle": 0, "axis": "y", "origin": [8, 6.25, 8]},
			"faces": {
				"north": {"uv": [4.5, 1, 5.5, 0], "texture": "#0"},
				"east": {"uv": [5.5, 0, 6.5, 1], "texture": "#0"},
				"south": {"uv": [4.5, 0, 5.5, 1], "texture": "#0"},
				"west": {"uv": [6.5, 0, 5.5, 1], "texture": "#0"},
				"up": {"uv": [5.5, 0, 6.5, 1], "rotation": 270, "texture": "#0"},
				"down": {"uv": [5.5, 0, 6.5, 1], "rotation": 90, "texture": "#0"}
			}
		},
		{
			"from": [16, 16, 6],
			"to": [20, 20, 10],
			"rotation": {"angle": 0, "axis": "y", "origin": [8, 6.25, 8]},
			"faces": {
				"north": {"uv": [5.5, 0, 6.5, 1], "texture": "#0"},
				"east": {"uv": [4.5, 0, 5.5, 1], "texture": "#0"},
				"south": {"uv": [6.5, 0, 5.5, 1], "texture": "#0"},
				"west": {"uv": [4.5, 1, 5.5, 0], "texture": "#0"},
				"up": {"uv": [5.5, 0, 6.5, 1], "rotation": 180, "texture": "#0"},
				"down": {"uv": [5.5, 0, 6.5, 1], "rotation": 180, "texture": "#0"}
			}
		},
		{
			"from": [15, 16, 0],
			"to": [16, 32, 15],
			"rotation": {"angle": 0, "axis": "y", "origin": [8, 6.25, 8]},
			"faces": {
				"north": {"uv": [0.25, 9, 0, 13], "texture": "#0"},
				"east": {"uv": [0.25, 9, 4, 13], "texture": "#0"},
				"south": {"uv": [0.25, 9, 0, 13], "texture": "#0"},
				"west": {"uv": [4, 9, 0.25, 13], "texture": "#0"},
				"up": {"uv": [11.5, 0.25, 15.25, 0], "rotation": 90, "texture": "#0"},
				"down": {"uv": [0, 13, 3.75, 12.75], "rotation": 270, "texture": "#0"}
			}
		},
		{
			"from": [1, 16, 15],
			"to": [16, 32, 16],
			"rotation": {"angle": 0, "axis": "y", "origin": [8, 6.25, 8]},
			"faces": {
				"north": {"uv": [4, 9, 0.25, 13], "texture": "#0"},
				"east": {"uv": [0.25, 9, 0, 13], "texture": "#0"},
				"south": {"uv": [0.25, 9, 4, 13], "texture": "#0"},
				"west": {"uv": [0.25, 9, 0, 13], "texture": "#0"},
				"up": {"uv": [15.25, 0, 11.5, 0.25], "texture": "#0"},
				"down": {"uv": [3.75, 12.75, 0, 13], "texture": "#0"}
			}
		},
		{
			"from": [16, 27, 5],
			"to": [17, 29, 11],
			"rotation": {"angle": 0, "axis": "y", "origin": [8, 6.25, 8]},
			"faces": {
				"north": {"uv": [4, 5.25, 3.75, 5.75], "texture": "#0"},
				"east": {"uv": [2.5, 5.25, 4, 5.75], "texture": "#0"},
				"south": {"uv": [4, 5.25, 3.75, 5.75], "texture": "#0"},
				"west": {"uv": [4, 5.25, 2.5, 5.75], "texture": "#0"},
				"up": {"uv": [2.5, 5.25, 4, 5], "rotation": 90, "texture": "#0"},
				"down": {"uv": [2.5, 6, 4, 5.75], "rotation": 270, "texture": "#0"}
			}
		},
		{
			"from": [16, 24, 5],
			"to": [17, 26, 11],
			"rotation": {"angle": 0, "axis": "y", "origin": [8, 6.25, 8]},
			"faces": {
				"north": {"uv": [4, 5.25, 3.75, 5.75], "texture": "#0"},
				"east": {"uv": [2.5, 5.25, 4, 5.75], "texture": "#0"},
				"south": {"uv": [4, 5.25, 3.75, 5.75], "texture": "#0"},
				"west": {"uv": [4, 5.25, 2.5, 5.75], "texture": "#0"},
				"up": {"uv": [2.5, 5.25, 4, 5], "rotation": 90, "texture": "#0"},
				"down": {"uv": [2.5, 6, 4, 5.75], "rotation": 270, "texture": "#0"}
			}
		},
		{
			"from": [16, 21, 5],
			"to": [17, 23, 11],
			"rotation": {"angle": 0, "axis": "y", "origin": [8, 6.25, 8]},
			"faces": {
				"north": {"uv": [4, 5.25, 3.75, 5.75], "texture": "#0"},
				"east": {"uv": [2.5, 5.25, 4, 5.75], "texture": "#0"},
				"south": {"uv": [4, 5.25, 3.75, 5.75], "texture": "#0"},
				"west": {"uv": [4, 5.25, 2.5, 5.75], "texture": "#0"},
				"up": {"uv": [2.5, 5.25, 4, 5], "rotation": 90, "texture": "#0"},
				"down": {"uv": [2.5, 6, 4, 5.75], "rotation": 270, "texture": "#0"}
			}
		},
		{
			"from": [-1, 27, 5],
			"to": [0, 29, 11],
			"rotation": {"angle": 0, "axis": "y", "origin": [8, 6.25, 8]},
			"faces": {
				"north": {"uv": [3.75, 5.25, 4, 5.75], "texture": "#0"},
				"east": {"uv": [2.5, 5.25, 4, 5.75], "texture": "#0"},
				"south": {"uv": [3.75, 5.25, 4, 5.75], "texture": "#0"},
				"west": {"uv": [4, 5.25, 2.5, 5.75], "texture": "#0"},
				"up": {"uv": [2.5, 5, 4, 5.25], "rotation": 90, "texture": "#0"},
				"down": {"uv": [2.5, 5.75, 4, 6], "rotation": 270, "texture": "#0"}
			}
		},
		{
			"from": [-1, 24, 5],
			"to": [0, 26, 11],
			"rotation": {"angle": 0, "axis": "y", "origin": [8, 6.25, 8]},
			"faces": {
				"north": {"uv": [3.75, 5.25, 4, 5.75], "texture": "#0"},
				"east": {"uv": [2.5, 5.25, 4, 5.75], "texture": "#0"},
				"south": {"uv": [3.75, 5.25, 4, 5.75], "texture": "#0"},
				"west": {"uv": [4, 5.25, 2.5, 5.75], "texture": "#0"},
				"up": {"uv": [2.5, 5, 4, 5.25], "rotation": 90, "texture": "#0"},
				"down": {"uv": [2.5, 5.75, 4, 6], "rotation": 270, "texture": "#0"}
			}
		},
		{
			"from": [-1, 21, 5],
			"to": [0, 23, 11],
			"rotation": {"angle": 0, "axis": "y", "origin": [8, 6.25, 8]},
			"faces": {
				"north": {"uv": [3.75, 5.25, 4, 5.75], "texture": "#0"},
				"east": {"uv": [2.5, 5.25, 4, 5.75], "texture": "#0"},
				"south": {"uv": [3.75, 5.25, 4, 5.75], "texture": "#0"},
				"west": {"uv": [4, 5.25, 2.5, 5.75], "texture": "#0"},
				"up": {"uv": [2.5, 5, 4, 5.25], "rotation": 90, "texture": "#0"},
				"down": {"uv": [2.5, 5.75, 4, 6], "rotation": 270, "texture": "#0"}
			}
		},
		{
			"from": [1, 16, 1],
			"to": [15, 17, 15],
			"rotation": {"angle": 0, "axis": "y", "origin": [8, 6.25, 8]},
			"faces": {
				"north": {"uv": [0.25, 3.75, 3.75, 4], "texture": "#0"},
				"east": {"uv": [0.25, 3.75, 3.75, 4], "texture": "#0"},
				"south": {"uv": [0.25, 3.75, 3.75, 4], "texture": "#0"},
				"west": {"uv": [0.25, 3.75, 3.75, 4], "texture": "#0"},
				"up": {"uv": [12.25, 0.25, 15.75, 3.75], "texture": "#0"},
				"down": {"uv": [0.25, 0.25, 3.75, 3.75], "texture": "#0"}
			}
		},
		{
			"from": [5, 27, 16],
			"to": [11, 29, 17],
			"rotation": {"angle": 0, "axis": "y", "origin": [8, 6.25, 8]},
			"faces": {
				"north": {"uv": [2.5, 5.25, 4, 5.75], "texture": "#0"},
				"east": {"uv": [3.75, 5.25, 4, 5.75], "texture": "#0"},
				"south": {"uv": [4, 5.25, 2.5, 5.75], "texture": "#0"},
				"west": {"uv": [3.75, 5.25, 4, 5.75], "texture": "#0"},
				"up": {"uv": [2.5, 5, 4, 5.25], "texture": "#0"},
				"down": {"uv": [2.5, 5.75, 4, 6], "texture": "#0"}
			}
		},
		{
			"from": [5, 24, 16],
			"to": [11, 26, 17],
			"rotation": {"angle": 0, "axis": "y", "origin": [8, 6.25, 8]},
			"faces": {
				"north": {"uv": [2.5, 5.25, 4, 5.75], "texture": "#0"},
				"east": {"uv": [3.75, 5.25, 4, 5.75], "texture": "#0"},
				"south": {"uv": [4, 5.25, 2.5, 5.75], "texture": "#0"},
				"west": {"uv": [3.75, 5.25, 4, 5.75], "texture": "#0"},
				"up": {"uv": [2.5, 5, 4, 5.25], "texture": "#0"},
				"down": {"uv": [2.5, 5.75, 4, 6], "texture": "#0"}
			}
		},
		{
			"from": [5, 21, 16],
			"to": [11, 23, 17],
			"rotation": {"angle": 0, "axis": "y", "origin": [8, 6.25, 8]},
			"faces": {
				"north": {"uv": [2.5, 5.25, 4, 5.75], "texture": "#0"},
				"east": {"uv": [3.75, 5.25, 4, 5.75], "texture": "#0"},
				"south": {"uv": [4, 5.25, 2.5, 5.75], "texture": "#0"},
				"west": {"uv": [3.75, 5.25, 4, 5.75], "texture": "#0"},
				"up": {"uv": [2.5, 5, 4, 5.25], "texture": "#0"},
				"down": {"uv": [2.5, 5.75, 4, 6], "texture": "#0"}
			}
		},
		{
			"from": [5, 27, -1],
			"to": [11, 29, 0],
			"rotation": {"angle": 0, "axis": "y", "origin": [8, 6.25, 8]},
			"faces": {
				"north": {"uv": [2.5, 5.25, 4, 5.75], "texture": "#0"},
				"east": {"uv": [4, 5.25, 3.75, 5.75], "texture": "#0"},
				"south": {"uv": [4, 5.25, 2.5, 5.75], "texture": "#0"},
				"west": {"uv": [4, 5.25, 3.75, 5.75], "texture": "#0"},
				"up": {"uv": [2.5, 5.25, 4, 5], "texture": "#0"},
				"down": {"uv": [2.5, 6, 4, 5.75], "texture": "#0"}
			}
		},
		{
			"from": [5, 24, -1],
			"to": [11, 26, 0],
			"rotation": {"angle": 0, "axis": "y", "origin": [8, 6.25, 8]},
			"faces": {
				"north": {"uv": [2.5, 5.25, 4, 5.75], "texture": "#0"},
				"east": {"uv": [4, 5.25, 3.75, 5.75], "texture": "#0"},
				"south": {"uv": [4, 5.25, 2.5, 5.75], "texture": "#0"},
				"west": {"uv": [4, 5.25, 3.75, 5.75], "texture": "#0"},
				"up": {"uv": [2.5, 5.25, 4, 5], "texture": "#0"},
				"down": {"uv": [2.5, 6, 4, 5.75], "texture": "#0"}
			}
		},
		{
			"from": [5, 21, -1],
			"to": [11, 23, 0],
			"rotation": {"angle": 0, "axis": "y", "origin": [8, 6.25, 8]},
			"faces": {
				"north": {"uv": [2.5, 5.25, 4, 5.75], "texture": "#0"},
				"east": {"uv": [4, 5.25, 3.75, 5.75], "texture": "#0"},
				"south": {"uv": [4, 5.25, 2.5, 5.75], "texture": "#0"},
				"west": {"uv": [4, 5.25, 3.75, 5.75], "texture": "#0"},
				"up": {"uv": [2.5, 5.25, 4, 5], "texture": "#0"},
				"down": {"uv": [2.5, 6, 4, 5.75], "texture": "#0"}
			}
		},
		{
			"from": [0, 16, 0],
			"to": [15, 32, 1],
			"rotation": {"angle": 0, "axis": "y", "origin": [8, 6.25, 8]},
			"faces": {
				"north": {"uv": [0.25, 9, 4, 13], "texture": "#0"},
				"east": {"uv": [0.25, 9, 0, 13], "texture": "#0"},
				"south": {"uv": [4, 9, 0.25, 13], "texture": "#0"},
				"west": {"uv": [0.25, 9, 0, 13], "texture": "#0"},
				"up": {"uv": [11.5, 0.25, 15.25, 0], "texture": "#0"},
				"down": {"uv": [0, 13, 3.75, 12.75], "texture": "#0"}
			}
		},
		{
			"from": [6, 16, -4],
			"to": [10, 20, 0],
			"rotation": {"angle": 0, "axis": "y", "origin": [8, 6.25, 8]},
			"faces": {
				"north": {"uv": [5.5, 0, 4.5, 1], "texture": "#0"},
				"east": {"uv": [6.5, 0, 5.5, 1], "texture": "#0"},
				"south": {"uv": [5.5, 1, 4.5, 0], "texture": "#0"},
				"west": {"uv": [5.5, 0, 6.5, 1], "texture": "#0"},
				"up": {"uv": [6.5, 0, 5.5, 1], "rotation": 270, "texture": "#0"},
				"down": {"uv": [6.5, 0, 5.5, 1], "rotation": 90, "texture": "#0"}
			}
		},
		{
			"from": [0, 16, 1],
			"to": [1, 32, 16],
			"rotation": {"angle": 0, "axis": "y", "origin": [8, 6.25, 8]},
			"faces": {
				"north": {"uv": [0.25, 9, 0, 13], "texture": "#0"},
				"east": {"uv": [4, 9, 0.25, 13], "texture": "#0"},
				"south": {"uv": [0.25, 9, 0, 13], "texture": "#0"},
				"west": {"uv": [0.25, 9, 4, 13], "texture": "#0"},
				"up": {"uv": [15.25, 0, 11.5, 0.25], "rotation": 90, "texture": "#0"},
				"down": {"uv": [3.75, 12.75, 0, 13], "rotation": 270, "texture": "#0"}
			}
		},
		{
			"from": [6, 8, 7],
			"to": [10, 13, 9],
			"rotation": {"angle": 0, "axis": "y", "origin": [8, 16, 8]},
			"faces": {
				"north": {"uv": [8, 0, 0, 10], "texture": "#1"},
				"east": {"uv": [2, 0, 6, 10], "texture": "#1"},
				"south": {"uv": [8, 0, 0, 10], "texture": "#1"},
				"west": {"uv": [2, 0, 6, 10], "texture": "#1"},
				"up": {"uv": [0, 0, 8, 4], "texture": "#1"},
				"down": {"uv": [0, 0, 8, 4], "texture": "#1"}
			}
		},
		{
			"from": [7, 8, 6],
			"to": [9, 13, 10],
			"rotation": {"angle": 0, "axis": "y", "origin": [8, 16, 8]},
			"faces": {
				"north": {"uv": [2, 0, 6, 10], "texture": "#1"},
				"east": {"uv": [8, 0, 0, 10], "texture": "#1"},
				"south": {"uv": [2, 0, 6, 10], "texture": "#1"},
				"west": {"uv": [8, 0, 0, 10], "texture": "#1"},
				"up": {"uv": [0, 0, 4, 8], "texture": "#1"},
				"down": {"uv": [0, 0, 4, 8], "texture": "#1"}
			}
		},
		{
			"from": [7, 7, 7],
			"to": [9, 8, 9],
			"rotation": {"angle": 0, "axis": "y", "origin": [8, 16, 8]},
			"faces": {
				"north": {"uv": [2, 10, 6, 12], "texture": "#1"},
				"east": {"uv": [2, 10, 6, 12], "texture": "#1"},
				"south": {"uv": [2, 10, 6, 12], "texture": "#1"},
				"west": {"uv": [2, 10, 6, 12], "texture": "#1"},
				"up": {"uv": [2, 8, 6, 12], "texture": "#1"},
				"down": {"uv": [2, 8, 6, 12], "texture": "#1"}
			}
		},
		{
			"from": [4, 13, 4],
			"to": [12, 16, 12],
			"rotation": {"angle": 0, "axis": "y", "origin": [8, 16, 8]},
			"faces": {
				"north": {"uv": [4.5, 1, 6.5, 1.75], "texture": "#0"},
				"east": {"uv": [4.5, 1, 6.5, 1.75], "texture": "#0"},
				"south": {"uv": [4.5, 1, 6.5, 1.75], "texture": "#0"},
				"west": {"uv": [4.5, 1, 6.5, 1.75], "texture": "#0"},
				"up": {"uv": [4.5, 1.75, 6.5, 3.75], "texture": "#0"},
				"down": {"uv": [6.5, 1.75, 4.5, 3.75], "texture": "#0"}
			}
		},
		{
			"from": [16, -10, 6],
			"to": [20, -6, 10],
			"rotation": {"angle": 0, "axis": "y", "origin": [8, 16, 8]},
			"faces": {
				"north": {"uv": [5.5, 0, 6.5, 1], "texture": "#0"},
				"east": {"uv": [4.5, 0, 5.5, 1], "texture": "#0"},
				"south": {"uv": [6.5, 0, 5.5, 1], "texture": "#0"},
				"west": {"uv": [4.5, 1, 5.5, 0], "texture": "#0"},
				"up": {"uv": [5.5, 0, 6.5, 1], "rotation": 180, "texture": "#0"},
				"down": {"uv": [5.5, 0, 6.5, 1], "rotation": 180, "texture": "#0"}
			}
		},
		{
			"from": [17, -6, 7],
			"to": [19, 16, 9],
			"rotation": {"angle": 0, "axis": "y", "origin": [8, 16, 8]},
			"faces": {
				"north": {"uv": [4, 0, 4.5, 5.5], "texture": "#0"},
				"east": {"uv": [4, 5.5, 4.5, 0], "texture": "#0"},
				"south": {"uv": [4, 0, 4.5, 5.5], "texture": "#0"},
				"west": {"uv": [4, 5.5, 4.5, 0], "texture": "#0"},
				"up": {"uv": [4.75, 0.25, 5.25, 0.75], "texture": "#0"},
				"down": {"uv": [4.75, 0.25, 5.25, 0.75], "texture": "#0"}
			}
		},
		{
			"from": [-3, -6, 7],
			"to": [-1, 16, 9],
			"rotation": {"angle": 0, "axis": "y", "origin": [8, 16, 8]},
			"faces": {
				"north": {"uv": [4.5, 0, 4, 5.5], "texture": "#0"},
				"east": {"uv": [4.5, 5.5, 4, 0], "texture": "#0"},
				"south": {"uv": [4.5, 0, 4, 5.5], "texture": "#0"},
				"west": {"uv": [4.5, 5.5, 4, 0], "texture": "#0"},
				"up": {"uv": [5.25, 0.25, 4.75, 0.75], "texture": "#0"},
				"down": {"uv": [5.25, 0.25, 4.75, 0.75], "texture": "#0"}
			}
		},
		{
			"from": [-4, -10, 6],
			"to": [0, -6, 10],
			"rotation": {"angle": 0, "axis": "y", "origin": [8, 16, 8]},
			"faces": {
				"north": {"uv": [6.5, 0, 5.5, 1], "texture": "#0"},
				"east": {"uv": [5.5, 1, 4.5, 0], "texture": "#0"},
				"south": {"uv": [5.5, 0, 6.5, 1], "texture": "#0"},
				"west": {"uv": [5.5, 0, 4.5, 1], "texture": "#0"},
				"up": {"uv": [6.5, 0, 5.5, 1], "rotation": 180, "texture": "#0"},
				"down": {"uv": [6.5, 0, 5.5, 1], "rotation": 180, "texture": "#0"}
			}
		},
		{
			"from": [7, -6, 17],
			"to": [9, 16, 19],
			"rotation": {"angle": 0, "axis": "y", "origin": [8, 16, 8]},
			"faces": {
				"north": {"uv": [4, 5.5, 4.5, 0], "texture": "#0"},
				"east": {"uv": [4, 0, 4.5, 5.5], "texture": "#0"},
				"south": {"uv": [4, 5.5, 4.5, 0], "texture": "#0"},
				"west": {"uv": [4, 0, 4.5, 5.5], "texture": "#0"},
				"up": {"uv": [4.75, 0.25, 5.25, 0.75], "rotation": 90, "texture": "#0"},
				"down": {"uv": [4.75, 0.25, 5.25, 0.75], "rotation": 270, "texture": "#0"}
			}
		},
		{
			"from": [6, -10, 16],
			"to": [10, -6, 20],
			"rotation": {"angle": 0, "axis": "y", "origin": [8, 16, 8]},
			"faces": {
				"north": {"uv": [4.5, 1, 5.5, 0], "texture": "#0"},
				"east": {"uv": [5.5, 0, 6.5, 1], "texture": "#0"},
				"south": {"uv": [4.5, 0, 5.5, 1], "texture": "#0"},
				"west": {"uv": [6.5, 0, 5.5, 1], "texture": "#0"},
				"up": {"uv": [5.5, 0, 6.5, 1], "rotation": 270, "texture": "#0"},
				"down": {"uv": [5.5, 0, 6.5, 1], "rotation": 90, "texture": "#0"}
			}
		},
		{
			"from": [7, -6, -3],
			"to": [9, 16, -1],
			"rotation": {"angle": 0, "axis": "y", "origin": [8, 16, 8]},
			"faces": {
				"north": {"uv": [4.5, 5.5, 4, 0], "texture": "#0"},
				"east": {"uv": [4.5, 0, 4, 5.5], "texture": "#0"},
				"south": {"uv": [4.5, 5.5, 4, 0], "texture": "#0"},
				"west": {"uv": [4.5, 0, 4, 5.5], "texture": "#0"},
				"up": {"uv": [5.25, 0.25, 4.75, 0.75], "rotation": 90, "texture": "#0"},
				"down": {"uv": [5.25, 0.25, 4.75, 0.75], "rotation": 270, "texture": "#0"}
			}
		},
		{
			"from": [6, -10, -4],
			"to": [10, -6, 0],
			"rotation": {"angle": 0, "axis": "y", "origin": [8, 16, 8]},
			"faces": {
				"north": {"uv": [5.5, 0, 4.5, 1], "texture": "#0"},
				"east": {"uv": [6.5, 0, 5.5, 1], "texture": "#0"},
				"south": {"uv": [5.5, 1, 4.5, 0], "texture": "#0"},
				"west": {"uv": [5.5, 0, 6.5, 1], "texture": "#0"},
				"up": {"uv": [6.5, 0, 5.5, 1], "rotation": 270, "texture": "#0"},
				"down": {"uv": [6.5, 0, 5.5, 1], "rotation": 90, "texture": "#0"}
			}
		},
		{
			"from": [16, -16, 5],
			"to": [22, -13, 11],
			"rotation": {"angle": 0, "axis": "y", "origin": [8, 16, 8]},
			"faces": {
				"north": {"uv": [6.5, 0, 8, 0.75], "texture": "#0"},
				"east": {"uv": [6.5, 0, 8, 0.75], "texture": "#0"},
				"south": {"uv": [8, 0, 6.5, 0.75], "texture": "#0"},
				"west": {"uv": [6.5, 0.75, 8, 0], "texture": "#0"},
				"up": {"uv": [6.5, 0.75, 8, 2.25], "rotation": 180, "texture": "#0"},
				"down": {"uv": [6.5, 0.75, 8, 2.25], "rotation": 180, "texture": "#0"}
			}
		},
		{
			"from": [-6, -16, 5],
			"to": [0, -13, 11],
			"rotation": {"angle": 0, "axis": "y", "origin": [8, 16, 8]},
			"faces": {
				"north": {"uv": [8, 0, 6.5, 0.75], "texture": "#0"},
				"east": {"uv": [8, 0.75, 6.5, 0], "texture": "#0"},
				"south": {"uv": [6.5, 0, 8, 0.75], "texture": "#0"},
				"west": {"uv": [8, 0, 6.5, 0.75], "texture": "#0"},
				"up": {"uv": [8, 0.75, 6.5, 2.25], "rotation": 180, "texture": "#0"},
				"down": {"uv": [8, 0.75, 6.5, 2.25], "rotation": 180, "texture": "#0"}
			}
		},
		{
			"from": [5, -16, 16],
			"to": [11, -13, 22],
			"rotation": {"angle": 0, "axis": "y", "origin": [8, 16, 8]},
			"faces": {
				"north": {"uv": [6.5, 0.75, 8, 0], "texture": "#0"},
				"east": {"uv": [6.5, 0, 8, 0.75], "texture": "#0"},
				"south": {"uv": [6.5, 0, 8, 0.75], "texture": "#0"},
				"west": {"uv": [8, 0, 6.5, 0.75], "texture": "#0"},
				"up": {"uv": [6.5, 0.75, 8, 2.25], "rotation": 270, "texture": "#0"},
				"down": {"uv": [6.5, 0.75, 8, 2.25], "rotation": 90, "texture": "#0"}
			}
		},
		{
			"from": [5, -16, -6],
			"to": [11, -13, 0],
			"rotation": {"angle": 0, "axis": "y", "origin": [8, 16, 8]},
			"faces": {
				"north": {"uv": [8, 0, 6.5, 0.75], "texture": "#0"},
				"east": {"uv": [8, 0, 6.5, 0.75], "texture": "#0"},
				"south": {"uv": [8, 0.75, 6.5, 0], "texture": "#0"},
				"west": {"uv": [6.5, 0, 8, 0.75], "texture": "#0"},
				"up": {"uv": [8, 0.75, 6.5, 2.25], "rotation": 270, "texture": "#0"},
				"down": {"uv": [8, 0.75, 6.5, 2.25], "rotation": 90, "texture": "#0"}
			}
		}
	],
	"display": {
		"thirdperson_righthand": {
			"rotation": [55, 45, 0],
			"translation": [0, 2.5, 0],
			"scale": [0.26, 0.26, 0.26]
		},
		"thirdperson_lefthand": {
			"rotation": [55, -45, 0],
			"translation": [0, 2.5, 0],
			"scale": [0.26, 0.26, 0.26]
		},
		"firstperson_righthand": {
			"rotation": [0, 45, 0],
			"translation": [0, 3, 0],
			"scale": [0.3, 0.3, 0.3]
		},
		"firstperson_lefthand": {
			"rotation": [0, -135, 0],
			"translation": [0, 3, 0],
			"scale": [0.3, 0.3, 0.3]
		},
		"ground": {
			"translation": [0, 3, 0],
			"scale": [0.25, 0.25, 0.25]
		},
		"gui": {
			"rotation": [30, -135, 0],
			"scale": [0.45, 0.45, 0.45]
		},
		"head": {
			"translation": [0, 22.25, 0],
			"scale": [0.66, 0.66, 0.66]
		},
		"fixed": {
			"rotation": [-90, 45, 0],
			"translation": [0, 0, -19],
			"scale": [0.83, 0.83, 0.83]
		}
	}
}