{
    "parent": "item/handheld_rod",
    "textures": {
        "layer0": "item/fishing_rod"
    },
    "overrides": [
        {"predicate": {"cast": 1},"model": "item/fishing_rod_cast"},

		{"predicate": {"custom_model_data":1}, "model": "item/fish/rod_1"},
		{"predicate": {"custom_model_data":1, "cast": 1}, "model": "item/fishing_rod_cast"},
		{"predicate": {"custom_model_data":2}, "model": "item/fish/rod_2"},
		{"predicate": {"custom_model_data":2, "cast": 1}, "model": "item/fishing_rod_cast"},
		{"predicate": {"custom_model_data":3}, "model": "item/fish/rod_3"},
		{"predicate": {"custom_model_data":3, "cast": 1}, "model": "item/fishing_rod_cast"},
		{"predicate": {"custom_model_data":4}, "model": "item/fish/rod_4"},
		{"predicate": {"custom_model_data":4, "cast": 1}, "model": "item/fishing_rod_cast"},
		{"predicate": {"custom_model_data":5}, "model": "item/fish/rod_5"},
		{"predicate": {"custom_model_data":5, "cast": 1}, "model": "item/fishing_rod_cast"},
		{"predicate": {"custom_model_data":6}, "model": "item/fish/rod_6"},
		{"predicate": {"custom_model_data":6, "cast": 1}, "model": "item/fishing_rod_cast"},
		{"predicate": {"custom_model_data":7}, "model": "item/fish/rod_7"},
		{"predicate": {"custom_model_data":7, "cast": 1}, "model": "item/fishing_rod_cast"},
		{"predicate": {"custom_model_data":8}, "model": "item/fish/rod_8"},
		{"predicate": {"custom_model_data":8, "cast": 1}, "model": "item/fishing_rod_cast"},
		{"predicate": {"custom_model_data":9}, "model": "item/fish/rod_9"},
		{"predicate": {"custom_model_data":9, "cast": 1}, "model": "item/fishing_rod_cast"},
		{"predicate": {"custom_model_data":10}, "model": "item/fish/rod_10"},
		{"predicate": {"custom_model_data":10, "cast": 1}, "model": "item/fishing_rod_cast"},
		{"predicate": {"custom_model_data":11}, "model": "item/fish/rod_11"},
		{"predicate": {"custom_model_data":11, "cast": 1}, "model": "item/fishing_rod_cast"},
		{"predicate": {"custom_model_data":12}, "model": "item/fish/rod_12"},
		{"predicate": {"custom_model_data":12, "cast": 1}, "model": "item/fishing_rod_cast"},
		{"predicate": {"custom_model_data":13}, "model": "item/fish/rod_13"},
		{"predicate": {"custom_model_data":13, "cast": 1}, "model": "item/fishing_rod_cast"},
		{"predicate": {"custom_model_data":14}, "model": "item/fish/rod_14"},
		{"predicate": {"custom_model_data":14, "cast": 1}, "model": "item/fishing_rod_cast"},
		{"predicate": {"custom_model_data":15}, "model": "item/fish/rod_15"},
		{"predicate": {"custom_model_data":15, "cast": 1}, "model": "item/fishing_rod_cast"}
    ]
}
