{
	"credit": "Made with Blockbench",
	"texture_size": [64, 64],
	"textures": {
		"0": "block/flowering_azalea",
		"particle": "block/flowering_azalea"
	},
	"elements": [
		{
			"from": [8, 0, -2],
			"to": [8, 16, 18],
			"shade": false,
			"rotation": {"angle": 45, "axis": "y", "origin": [8, 12, 8]},
			"faces": {
				"north": {"uv": [0, 4, 0, 8], "texture": "#0"},
				"east": {"uv": [0, 4, 4, 8], "texture": "#0"},
				"south": {"uv": [0, 4, 0, 8], "texture": "#0"},
				"west": {"uv": [0, 4, 4, 8], "texture": "#0"},
				"up": {"uv": [0, 6.25, 4, 6.25], "rotation": 270, "texture": "#0"},
				"down": {"uv": [0, 6.25, 4, 6.25], "rotation": 90, "texture": "#0"}
			}
		},
		{
			"from": [0, 16, 0],
			"to": [16, 16, 16],
			"shade": false,
			"rotation": {"angle": 0, "axis": "y", "origin": [8, 12, 8]},
			"faces": {
				"north": {"uv": [4, 5.25, 8, 5.25], "texture": "#0"},
				"east": {"uv": [4, 5.25, 8, 5.25], "texture": "#0"},
				"south": {"uv": [4, 5.25, 8, 5.25], "texture": "#0"},
				"west": {"uv": [4, 5.25, 8, 5.25], "texture": "#0"},
				"up": {"uv": [4, 1.25, 8, 5.25], "rotation": 180, "texture": "#0"},
				"down": {"uv": [4, 1.25, 8, 5.25], "rotation": 180, "texture": "#0"}
			}
		},
		{
			"from": [-15.39104, 6.93853, -10],
			"to": [0.60896, 6.93853, 26],
			"shade": false,
			"rotation": {"angle": -22.5, "axis": "z", "origin": [8, 10, 8]},
			"faces": {
				"north": {"uv": [8, 0, 12, 0], "texture": "#0"},
				"east": {"uv": [8, 4, 8, 4], "texture": "#0"},
				"south": {"uv": [8, 0, 12, 0], "texture": "#0"},
				"west": {"uv": [8, 4, 8, 4], "texture": "#0"},
				"up": {"uv": [8, 0, 12, 9], "rotation": 180, "texture": "#0"},
				"down": {"uv": [8, 0, 12, 9], "rotation": 180, "texture": "#0"}
			}
		},
		{
			"from": [-10, 6.93853, -15.39104],
			"to": [26, 6.93853, 0.60896],
			"shade": false,
			"rotation": {"angle": 22.5, "axis": "x", "origin": [8, 10, 8]},
			"faces": {
				"north": {"uv": [8, 4, 8, 4], "texture": "#0"},
				"east": {"uv": [8, 0, 12, 0], "texture": "#0"},
				"south": {"uv": [8, 4, 8, 4], "texture": "#0"},
				"west": {"uv": [8, 0, 12, 0], "texture": "#0"},
				"up": {"uv": [8, 0, 12, 9], "rotation": 270, "texture": "#0"},
				"down": {"uv": [8, 0, 12, 9], "rotation": 90, "texture": "#0"}
			}
		},
		{
			"from": [-10, 6.93853, 15.39104],
			"to": [26, 6.93853, 31.39104],
			"shade": false,
			"rotation": {"angle": -22.5, "axis": "x", "origin": [8, 10, 8]},
			"faces": {
				"north": {"uv": [8, 4, 8, 4], "texture": "#0"},
				"east": {"uv": [8, 0, 12, 0], "texture": "#0"},
				"south": {"uv": [8, 4, 8, 4], "texture": "#0"},
				"west": {"uv": [8, 0, 12, 0], "texture": "#0"},
				"up": {"uv": [8, 0, 12, 9], "rotation": 90, "texture": "#0"},
				"down": {"uv": [8, 0, 12, 9], "rotation": 270, "texture": "#0"}
			}
		},
		{
			"from": [15.39104, 6.93853, -10],
			"to": [31.39104, 6.93853, 26],
			"shade": false,
			"rotation": {"angle": 22.5, "axis": "z", "origin": [8, 10, 8]},
			"faces": {
				"north": {"uv": [8, 0, 12, 0], "texture": "#0"},
				"east": {"uv": [8, 4, 8, 4], "texture": "#0"},
				"south": {"uv": [8, 0, 12, 0], "texture": "#0"},
				"west": {"uv": [8, 4, 8, 4], "texture": "#0"},
				"up": {"uv": [8, 0, 12, 9], "texture": "#0"},
				"down": {"uv": [8, 0, 12, 9], "texture": "#0"}
			}
		},
		{
			"from": [16, 5, 0],
			"to": [16, 16, 16],
			"shade": false,
			"rotation": {"angle": 0, "axis": "y", "origin": [8, 12, 8]},
			"faces": {
				"north": {"uv": [4, 5.25, 4, 8], "texture": "#0"},
				"east": {"uv": [4, 5.25, 8, 8], "texture": "#0"},
				"south": {"uv": [4, 5.25, 4, 8], "texture": "#0"},
				"west": {"uv": [8, 5.25, 4, 8], "texture": "#0"},
				"up": {"uv": [8, 4, 12, 4], "rotation": 90, "texture": "#0"},
				"down": {"uv": [8, 4, 12, 4], "rotation": 270, "texture": "#0"}
			}
		},
		{
			"from": [0, 5, 0],
			"to": [16, 16, 0],
			"shade": false,
			"rotation": {"angle": 0, "axis": "y", "origin": [8, 12, 8]},
			"faces": {
				"north": {"uv": [4, 5.25, 8, 8], "texture": "#0"},
				"east": {"uv": [4, 5.25, 4, 8], "texture": "#0"},
				"south": {"uv": [8, 5.25, 4, 8], "texture": "#0"},
				"west": {"uv": [4, 5.25, 4, 8], "texture": "#0"},
				"up": {"uv": [8, 4, 12, 4], "texture": "#0"},
				"down": {"uv": [8, 4, 12, 4], "texture": "#0"}
			}
		},
		{
			"from": [0, 5, 16],
			"to": [16, 16, 16],
			"shade": false,
			"rotation": {"angle": 0, "axis": "y", "origin": [8, 12, 8]},
			"faces": {
				"north": {"uv": [8, 5.25, 4, 8], "texture": "#0"},
				"east": {"uv": [4, 5.25, 4, 8], "texture": "#0"},
				"south": {"uv": [4, 5.25, 8, 8], "texture": "#0"},
				"west": {"uv": [4, 5.25, 4, 8], "texture": "#0"},
				"up": {"uv": [8, 4, 12, 4], "rotation": 180, "texture": "#0"},
				"down": {"uv": [8, 4, 12, 4], "rotation": 180, "texture": "#0"}
			}
		},
		{
			"from": [0, 5, 0],
			"to": [0, 16, 16],
			"shade": false,
			"rotation": {"angle": 0, "axis": "y", "origin": [8, 12, 8]},
			"faces": {
				"north": {"uv": [4, 5.25, 4, 8], "texture": "#0"},
				"east": {"uv": [8, 5.25, 4, 8], "texture": "#0"},
				"south": {"uv": [4, 5.25, 4, 8], "texture": "#0"},
				"west": {"uv": [4, 5.25, 8, 8], "texture": "#0"},
				"up": {"uv": [8, 4, 12, 4], "rotation": 270, "texture": "#0"},
				"down": {"uv": [8, 4, 12, 4], "rotation": 90, "texture": "#0"}
			}
		},
		{
			"from": [8, 0, -2],
			"to": [8, 16, 18],
			"shade": false,
			"rotation": {"angle": -45, "axis": "y", "origin": [8, 12, 8]},
			"faces": {
				"north": {"uv": [0, 4, 0, 8], "texture": "#0"},
				"east": {"uv": [0, 4, 4, 8], "texture": "#0"},
				"south": {"uv": [0, 4, 0, 8], "texture": "#0"},
				"west": {"uv": [0, 4, 4, 8], "texture": "#0"},
				"up": {"uv": [0, 6.25, 4, 6.25], "rotation": 90, "texture": "#0"},
				"down": {"uv": [0, 6.25, 4, 6.25], "rotation": 270, "texture": "#0"}
			}
		}
	],
	"display": {
		"thirdperson_righthand": {
			"rotation": [75, -135, 0],
			"translation": [0, 2.75, 0],
			"scale": [0.31, 0.31, 0.31]
		},
		"thirdperson_lefthand": {
			"rotation": [75, 135, 0],
			"translation": [0, 2.75, 0],
			"scale": [0.31, 0.31, 0.31]
		},
		"firstperson_righthand": {
			"rotation": [0, 45, 0],
			"scale": [0.4, 0.4, 0.4]
		},
		"firstperson_lefthand": {
			"rotation": [0, -135, 0],
			"scale": [0.4, 0.4, 0.4]
		},
		"ground": {
			"rotation": [0, 180, 0],
			"translation": [0, 3, 0],
			"scale": [0.25, 0.25, 0.25]
		},
		"gui": {
			"rotation": [30, 45, 0],
			"translation": [0, -2.75, 0],
			"scale": [0.75, 0.75, 0.75]
		},
		"head": {
			"rotation": [0, 180, 0],
			"translation": [0, -6.5, 0],
			"scale": [1.6, 1.6, 1.6]
		},
		"fixed": {
			"rotation": [0, 180, 0],
			"scale": [0.68, 0.68, 0.68]
		}
	}
}