{
	"providers":[
		{"file":"font/chat/black.png","chars":[""],"height":1024,"ascent":512,"type":"bitmap"},
		{"file":"font/chat/lunar_icon.png","chars":[""],"height":10,"ascent":8,"type":"bitmap"},
		{"file":"font/chat/solar_icon.png","chars":[""],"height":10,"ascent":8,"type":"bitmap"},
		{"file":"font/chat/galactic_icon.png","chars":[""],"height":10,"ascent":8,"type":"bitmap"},
		{"file":"font/chat/cosmic_icon.png","chars":[""],"height":10,"ascent":8,"type":"bitmap"},
		{"file":"font/chat/eternal_icon.png","chars":[""],"height":10,"ascent":8,"type":"bitmap"},

		{"file":"font/chat/prisoner_rank.png","chars":[""],"height":7,"ascent":7,"type":"bitmap"},
		{"file":"font/chat/lunar_rank.png","chars":[""],"height":7,"ascent":7,"type":"bitmap"},
		{"file":"font/chat/solar_rank.png","chars":[""],"height":7,"ascent":7,"type":"bitmap"},
		{"file":"font/chat/galactic_rank.png","chars":[""],"height":7,"ascent":7,"type":"bitmap"},
		{"file":"font/chat/cosmic_rank.png","chars":[""],"height":7,"ascent":7,"type":"bitmap"},
		{"file":"font/chat/eternal_rank.png","chars":[""],"height":7,"ascent":7,"type":"bitmap"},
		{"file":"font/chat/mod_label.png","chars":[""],"height":8,"ascent":8,"type":"bitmap"},
		{"file":"font/chat/admin_label.png","chars":[""],"height":8,"ascent":8,"type":"bitmap"},
		{"file":"font/chat/owner_label.png","chars":[""],"height":8,"ascent":8,"type":"bitmap"},

		{"file":"font/chat/pvp.png","chars":[""],"height":28,"ascent":28,"type":"bitmap"},
		{"file":"font/chat/moon_island.png","chars":[""],"height":60,"ascent":60,"type":"bitmap"},
		{"file":"font/chat/hive.png","chars":[""],"height":28,"ascent":28,"type":"bitmap"},
		{"file":"font/chat/volcano.png","chars":[""],"height":28,"ascent":28,"type":"bitmap"},
		
		
		{"file":"font/chat/fish_alert.png","chars":[""],"height":32,"ascent":32,"type":"bitmap"},
		{"file":"font/chat/fish_fail.png","chars":[""],"height":32,"ascent":32,"type":"bitmap"},
		{"file":"font/chat/msg_label.png","chars":[""],"height":8,"ascent":8,"type":"bitmap"},

		{"file":"font/chat/gamemode.png","chars":[""],"height":20,"ascent":15,"type":"bitmap"},
		{"file":"font/chat/logo.png","chars":[""],"height":20,"ascent":15,"type":"bitmap"},
		{"file":"font/chat/title.png","chars":[""],"height":40,"ascent":33,"type":"bitmap"},
		{"file":"font/chat/title_season.png","chars":[""],"height":7,"ascent":7,"type":"bitmap"},

		{"file":"font/chat/content_creator.png","chars":[""],"height":8,"ascent":8,"type":"bitmap"},
		{"file":"font/chat/logo.png","chars":[""],"height":38,"ascent":29,"type":"bitmap"},
		{"file":"font/chat/celestial_icon.png","chars":[""],"height":10,"ascent":8,"type":"bitmap"},
		{"file":"font/chat/celestial_rank.png","chars":[""],"height":7,"ascent":7,"type":"bitmap"},
		{"file":"font/chat/death.png","chars":[""],"height":15,"ascent":13,"type":"bitmap"},

		{"file":"font/chat/prestige_1.png","chars":[""],"height":8,"ascent":8,"type":"bitmap"},
		{"file":"font/chat/prestige_2.png","chars":[""],"height":8,"ascent":8,"type":"bitmap"},
		{"file":"font/chat/prestige_3.png","chars":[""],"height":8,"ascent":8,"type":"bitmap"},
		{"file":"font/chat/prestige_4.png","chars":[""],"height":8,"ascent":8,"type":"bitmap"},
		{"file":"font/chat/prestige_5.png","chars":[""],"height":8,"ascent":8,"type":"bitmap"},
		{"file":"font/chat/prestige_6.png","chars":[""],"height":8,"ascent":8,"type":"bitmap"},
		{"file":"font/chat/prestige_7.png","chars":[""],"height":8,"ascent":8,"type":"bitmap"},
		{"file":"font/chat/prestige_8.png","chars":[""],"height":8,"ascent":8,"type":"bitmap"},
		{"file":"font/chat/prestige_9.png","chars":[""],"height":8,"ascent":8,"type":"bitmap"},
		{"file":"font/chat/prestige_10.png","chars":[""],"height":8,"ascent":8,"type":"bitmap"},

		{"file":"font/chat/game_menu.png","chars":[""],"height":116,"ascent":115,"type":"bitmap"},
		{"file":"font/chat/helper_label.png","chars":[""],"height":8,"ascent":8,"type":"bitmap"},
		{"file":"font/chat/dev_label.png","chars":[""],"height":8,"ascent":8,"type":"bitmap"},
		{"file":"font/chat/srmod_label.png","chars":[""],"height":8,"ascent":8,"type":"bitmap"},
		{"file":"font/chat/staffchat_label.png","chars":[""],"height":8,"ascent":8,"type":"bitmap"},
		{"file":"font/chat/genie_label.png","chars":[""],"height":8,"ascent":8,"type":"bitmap"},
		
		{"file":"font/chat/rarity_1.png","chars":[""],"height":8,"ascent":8,"type":"bitmap"},
		{"file":"font/chat/rarity_2.png","chars":[""],"height":8,"ascent":8,"type":"bitmap"},
		{"file":"font/chat/rarity_3.png","chars":[""],"height":8,"ascent":8,"type":"bitmap"},
		{"file":"font/chat/rarity_4.png","chars":[""],"height":8,"ascent":8,"type":"bitmap"},
		{"file":"font/chat/rarity_5.png","chars":[""],"height":8,"ascent":8,"type":"bitmap"},
		
		{"file":"font/chat/booster_millionaire.png","chars":[""],"height":9,"ascent":8,"type":"bitmap"},
		{"file":"font/chat/booster_pond.png","chars":[""],"height":9,"ascent":8,"type":"bitmap"},
		{"file":"font/chat/booster_sell.png","chars":[""],"height":9,"ascent":8,"type":"bitmap"},
		{"file":"font/chat/booster_gem.png","chars":[""],"height":9,"ascent":8,"type":"bitmap"},
		{"file":"font/chat/booster_block.png","chars":[""],"height":9,"ascent":8,"type":"bitmap"},
		{"file":"font/chat/event_airdrop.png","chars":[""],"height":9,"ascent":8,"type":"bitmap"},
		{"file":"font/chat/event_hive.png","chars":[""],"height":9,"ascent":8,"type":"bitmap"},
		{"file":"font/chat/event_meteorite.png","chars":[""],"height":9,"ascent":8,"type":"bitmap"},
		{"file":"font/chat/event_rabbit.png","chars":[""],"height":9,"ascent":8,"type":"bitmap"},



		{"file":"font/chat/icon_fish.png","chars":[""],"height":11,"ascent":8,"type":"bitmap"},
		{"file":"font/chat/icon_online.png","chars":[""],"height":11,"ascent":8,"type":"bitmap"},
		{"file":"font/chat/icon_offline.png","chars":[""],"height":11,"ascent":8,"type":"bitmap"},
		{"file":"font/chat/icon_afk.png","chars":[""],"height":11,"ascent":8,"type":"bitmap"},

		{"file":"custom/gui/efficiency.png","chars":[""],"height":11,"ascent":8,"type":"bitmap"},
		{"file":"custom/gui/key_finder.png","chars":[""],"height":11,"ascent":8,"type":"bitmap"},
		{"file":"custom/gui/scavenger.png","chars":[""],"height":11,"ascent":8,"type":"bitmap"},
		{"file":"custom/gui/midas.png","chars":[""],"height":11,"ascent":8,"type":"bitmap"},
		{"file":"custom/gui/explosive.png","chars":[""],"height":11,"ascent":8,"type":"bitmap"},
		{"file":"custom/gui/lucky_block.png","chars":[""],"height":11,"ascent":8,"type":"bitmap"},
		{"file":"custom/gui/fortune.png","chars":[""],"height":11,"ascent":8,"type":"bitmap"},
		{"file":"custom/gui/cluster_bomb.png","chars":[""],"height":11,"ascent":8,"type":"bitmap"},
		{"file":"custom/gui/prosperity.png","chars":[""],"height":11,"ascent":8,"type":"bitmap"},
		{"file":"custom/gui/drill.png","chars":[""],"height":11,"ascent":8,"type":"bitmap"},
		{"file":"custom/gui/locked.png","chars":[""],"height":11,"ascent":8,"type":"bitmap"},
		{"file":"custom/gui/unlocked.png","chars":[""],"height":11,"ascent":8,"type":"bitmap"},

		{"file":"custom/gui/cobblestone.png","chars":[""],"height":11,"ascent":8,"type":"bitmap"},
		{"file":"item/coal.png","chars":[""],"height":11,"ascent":8,"type":"bitmap"},
		{"file":"item/iron_ingot.png","chars":[""],"height":11,"ascent":8,"type":"bitmap"},
		{"file":"item/redstone.png","chars":[""],"height":11,"ascent":8,"type":"bitmap"},
		{"file":"item/gold_ingot.png","chars":[""],"height":11,"ascent":8,"type":"bitmap"},
		{"file":"item/lapis_lazuli.png","chars":[""],"height":11,"ascent":8,"type":"bitmap"},
		{"file":"item/emerald.png","chars":[""],"height":11,"ascent":8,"type":"bitmap"},
		{"file":"item/diamond.png","chars":[""],"height":11,"ascent":8,"type":"bitmap"},
		{"file":"custom/item/rose_quartz.png","chars":[""],"height":11,"ascent":8,"type":"bitmap"},
		{"file":"custom/gui/oak_log.png","chars":[""],"height":11,"ascent":8,"type":"bitmap"},
		{"file":"custom/gui/spruce_log.png","chars":[""],"height":11,"ascent":8,"type":"bitmap"},
		{"file":"custom/gui/birch_log.png","chars":[""],"height":11,"ascent":8,"type":"bitmap"},
		{"file":"custom/gui/jungle_log.png","chars":[""],"height":11,"ascent":8,"type":"bitmap"},
		{"file":"custom/gui/acacia_log.png","chars":[""],"height":11,"ascent":8,"type":"bitmap"},
		{"file":"custom/gui/dark_oak_log.png","chars":[""],"height":11,"ascent":8,"type":"bitmap"},
		{"file":"custom/gui/gemstone.png","chars":[""],"height":11,"ascent":8,"type":"bitmap"},
		{"file":"custom/gui/moonstone.png","chars":[""],"height":11,"ascent":8,"type":"bitmap"},
		{"file":"custom/gui/cookie.png","chars":[""],"height":11,"ascent":9,"type":"bitmap"},
		{"file":"custom/gui/staff_spectator.png","chars":[""],"height":15,"ascent":11,"type":"bitmap"},
		{"file":"font/chat/celestial_wing_left.png","chars":[""],"height":7,"ascent":7,"type":"bitmap"},
		{"file":"font/chat/celestial_wing_right.png","chars":[""],"height":7,"ascent":7,"type":"bitmap"},
		{"file":"font/chat/icon_star.png","chars":[""],"height":9,"ascent":8,"type":"bitmap"},
		{"file":"font/chat/icon_circlestar.png","chars":[""],"height":9,"ascent":8,"type":"bitmap"},
		{"file":"custom/gui/exotic_shard.png","chars":[""],"height":11,"ascent":8,"type":"bitmap"},
		{"file":"custom/item/ametrine.png","chars":[""],"height":11,"ascent":8,"type":"bitmap"},

		{"file":"font/chat/biome_arctic_plains.png","chars":[""],"height":25,"ascent":7,"type":"bitmap"},
		{"file":"font/chat/biome_coast.png","chars":[""],"height":25,"ascent":7,"type":"bitmap"},
		{"file":"font/chat/biome_cotton_meadows.png","chars":[""],"height":25,"ascent":7,"type":"bitmap"},
		{"file":"font/chat/biome_crystal_falls.png","chars":[""],"height":25,"ascent":7,"type":"bitmap"},
		{"file":"font/chat/biome_deep_cave.png","chars":[""],"height":25,"ascent":7,"type":"bitmap"},
		{"file":"font/chat/biome_dunes_of_death.png","chars":[""],"height":25,"ascent":7,"type":"bitmap"},
		{"file":"font/chat/biome_gleaming_grove.png","chars":[""],"height":25,"ascent":7,"type":"bitmap"},
		{"file":"font/chat/biome_green_woods.png","chars":[""],"height":25,"ascent":7,"type":"bitmap"},
		{"file":"font/chat/biome_honeydew_valley.png","chars":[""],"height":25,"ascent":7,"type":"bitmap"},
		{"file":"font/chat/biome_jungle.png","chars":[""],"height":25,"ascent":7,"type":"bitmap"},
		{"file":"font/chat/biome_lagoon.png","chars":[""],"height":25,"ascent":7,"type":"bitmap"},
		{"file":"font/chat/biome_ocean.png","chars":[""],"height":25,"ascent":7,"type":"bitmap"},
		{"file":"font/chat/biome_spawn.png","chars":[""],"height":25,"ascent":7,"type":"bitmap"},
		{"file":"font/chat/biome_volcano.png","chars":[""],"height":25,"ascent":7,"type":"bitmap"},
		
		{"file":"font/chat/icon_vanish.png","chars":[""],"height":11,"ascent":8,"type":"bitmap"},
		{"file":"font/chat/prestige_z10.png","chars":[""],"height":8,"ascent":8,"type":"bitmap"},
		{"file":"font/chat/trophy_1.png","chars":[""],"height":11,"ascent":8,"type":"bitmap"},
		{"file":"font/chat/trophy_2.png","chars":[""],"height":11,"ascent":8,"type":"bitmap"},
		{"file":"font/chat/trophy_3.png","chars":[""],"height":11,"ascent":8,"type":"bitmap"},
		{"file":"font/chat/trophy_4.png","chars":[""],"height":11,"ascent":8,"type":"bitmap"},
		{"file":"font/chat/trophy_5.png","chars":[""],"height":11,"ascent":8,"type":"bitmap"},
		{"file":"font/chat/trophy_6.png","chars":[""],"height":11,"ascent":8,"type":"bitmap"},
		{"file":"custom/gui/exotic_shard.png","chars":[""],"height":11,"ascent":8,"type":"bitmap"},
		{"file":"custom/gui/geode.png","chars":[""],"height":11,"ascent":8,"type":"bitmap"},
		{"file":"custom/gui/voting_key.png","chars":[""],"height":11,"ascent":8,"type":"bitmap"},
		{"file":"custom/gui/mining_key.png","chars":[""],"height":11,"ascent":8,"type":"bitmap"},
		{"file":"font/chat/icon_vote.png","chars":[""],"height":11,"ascent":8,"type":"bitmap"},
		{"file":"font/chat/icon_block.png","chars":[""],"height":11,"ascent":8,"type":"bitmap"},
		{"file":"font/chat/icon_kill.png","chars":[""],"height":11,"ascent":8,"type":"bitmap"},

		{"file":"custom/gui/geode_tracker.png","chars":[""],"height":11,"ascent":8,"type":"bitmap"},
		{"file":"custom/gui/laser.png","chars":[""],"height":11,"ascent":8,"type":"bitmap"},
		{"file":"font/chat/icon_music.png","chars":[""],"height":11,"ascent":8,"type":"bitmap"},

		{"file":"font/emojis/emoji_1.png","chars":["度"],"height":14,"ascent":9,"type":"bitmap"},
		{"file":"font/emojis/emoji_2.png","chars":["拓"],"height":14,"ascent":9,"type":"bitmap"},
		{"file":"font/emojis/emoji_3.png","chars":["糖"],"height":14,"ascent":9,"type":"bitmap"},
		{"file":"font/emojis/emoji_4.png","chars":["宅"],"height":14,"ascent":9,"type":"bitmap"},
		{"file":"font/emojis/emoji_5.png","chars":["洞"],"height":14,"ascent":9,"type":"bitmap"},
		{"file":"font/emojis/emoji_6.png","chars":["暴"],"height":14,"ascent":9,"type":"bitmap"},
		{"file":"font/emojis/emoji_7.png","chars":["輻"],"height":14,"ascent":9,"type":"bitmap"},
		{"file":"font/emojis/emoji_8.png","chars":["行"],"height":14,"ascent":9,"type":"bitmap"},
		{"file":"font/emojis/emoji_9.png","chars":["降"],"height":14,"ascent":9,"type":"bitmap"},
		{"file":"font/emojis/emoji_10.png","chars":["塚"],"height":14,"ascent":9,"type":"bitmap"},
		{"file":"font/emojis/emoji_11.png","chars":["﨑"],"height":14,"ascent":9,"type":"bitmap"},
		{"file":"font/emojis/emoji_12.png","chars":["晴"],"height":14,"ascent":9,"type":"bitmap"},
		{"file":"font/emojis/emoji_13.png","chars":["﨓"],"height":14,"ascent":9,"type":"bitmap"},
		{"file":"font/emojis/emoji_14.png","chars":["﨔"],"height":14,"ascent":9,"type":"bitmap"},
		{"file":"font/emojis/emoji_15.png","chars":["凞"],"height":14,"ascent":9,"type":"bitmap"},
		{"file":"font/emojis/emoji_16.png","chars":["猪"],"height":14,"ascent":9,"type":"bitmap"},
		{"file":"font/emojis/emoji_17.png","chars":["礼"],"height":14,"ascent":9,"type":"bitmap"},
		{"file":"font/emojis/emoji_18.png","chars":["神"],"height":14,"ascent":9,"type":"bitmap"},
		{"file":"font/emojis/emoji_19.png","chars":["蘒"],"height":14,"ascent":9,"type":"bitmap"},
		{"file":"font/emojis/emoji_20.png","chars":["﨡"],"height":14,"ascent":9,"type":"bitmap"},
		{"file":"font/emojis/emoji_21.png","chars":["諸"],"height":14,"ascent":9,"type":"bitmap"},
		{"file":"font/emojis/emoji_22.png","chars":["﨣"],"height":14,"ascent":9,"type":"bitmap"},
		{"file":"font/emojis/emoji_23.png","chars":["﨤"],"height":14,"ascent":9,"type":"bitmap"},
		{"file":"font/emojis/emoji_24.png","chars":["逸"],"height":14,"ascent":9,"type":"bitmap"},
		{"file":"font/emojis/emoji_25.png","chars":["都"],"height":14,"ascent":9,"type":"bitmap"},
		{"file":"font/emojis/emoji_26.png","chars":["﨧"],"height":14,"ascent":9,"type":"bitmap"},

		{"file":"custom/backdrops/vault_0.png","chars":["᎙"],"height":164,"ascent":44,"type":"bitmap"},
		{"file":"custom/backdrops/achievements.png","chars":["᐀"],"height":164,"ascent":44,"type":"bitmap"},
		{"file":"custom/backdrops/profile.png","chars":["ᐁ"],"height":164,"ascent":44,"type":"bitmap"},
		{"file":"custom/backdrops/boosters.png","chars":["ᐂ"],"height":164,"ascent":44,"type":"bitmap"},
		{"file":"custom/backdrops/vault_1.png","chars":["ᐃ"],"height":164,"ascent":44,"type":"bitmap"},
		{"file":"custom/backdrops/vault_2.png","chars":["ᐄ"],"height":164,"ascent":44,"type":"bitmap"},
		{"file":"custom/backdrops/shop_1.png","chars":["ᐅ"],"height":164,"ascent":44,"type":"bitmap"},
		{"file":"custom/backdrops/shop_2.png","chars":["ᐆ"],"height":164,"ascent":44,"type":"bitmap"},
		{"file":"custom/backdrops/shop_3.png","chars":["ᐇ"],"height":164,"ascent":44,"type":"bitmap"},
		{"file":"custom/backdrops/warps.png","chars":["ᐈ"],"height":164,"ascent":44,"type":"bitmap"},
		{"file":"custom/backdrops/mines.png","chars":["ᐉ"],"height":164,"ascent":44,"type":"bitmap"},
		{"file":"custom/backdrops/prestige.png","chars":["ᐐ"],"height":164,"ascent":44,"type":"bitmap"},
		{"file":"custom/backdrops/trade.png","chars":["ᐑ"],"height":164,"ascent":44,"type":"bitmap"},
		{"file":"custom/backdrops/particles.png","chars":["ᐒ"],"height":164,"ascent":44,"type":"bitmap"},
		{"file":"custom/backdrops/particles_arrow.png","chars":["ᐓ"],"height":164,"ascent":44,"type":"bitmap"},
		{"file":"custom/backdrops/particles_kill.png","chars":["ᐔ"],"height":164,"ascent":44,"type":"bitmap"},
		{"file":"custom/backdrops/crate_voting.png","chars":["ᐕ"],"height":164,"ascent":44,"type":"bitmap"},
		{"file":"custom/backdrops/crate_mining.png","chars":["ᐗ"],"height":164,"ascent":44,"type":"bitmap"},
		{"file":"custom/backdrops/crate_chromatic.png","chars":["ᐘ"],"height":164,"ascent":44,"type":"bitmap"},
		{"file":"custom/backdrops/crate_legendary.png","chars":["ᐙ"],"height":164,"ascent":44,"type":"bitmap"},
		{"file":"custom/backdrops/excavator.png","chars":["ᐠ"],"height":164,"ascent":44,"type":"bitmap"},
		{"file":"custom/backdrops/miners_pickaxe1.png","chars":["ᐡ"],"height":164,"ascent":44,"type":"bitmap"},
		{"file":"custom/backdrops/miners_pickaxe2.png","chars":["ᐢ"],"height":164,"ascent":44,"type":"bitmap"},
		{"file":"custom/backdrops/punish_1.png","chars":["ᐣ"],"height":164,"ascent":44,"type":"bitmap"},
		{"file":"custom/backdrops/punish_2.png","chars":["ᐤ"],"height":164,"ascent":44,"type":"bitmap"},
		{"file":"custom/backdrops/punish_3.png","chars":["ᐥ"],"height":164,"ascent":44,"type":"bitmap"},
		{"file":"custom/backdrops/punish_4.png","chars":["ᐦ"],"height":164,"ascent":44,"type":"bitmap"},
		{"file":"custom/backdrops/kits.png","chars":["ᐧ"],"height":164,"ascent":44,"type":"bitmap"},
		{"file":"custom/backdrops/pets.png","chars":["ᐨ"],"height":164,"ascent":44,"type":"bitmap"},
		{"file":"custom/backdrops/hive.png","chars":["ᐩ"],"height":164,"ascent":44,"type":"bitmap"},
		{"file":"custom/backdrops/merchant.png","chars":["ᐰ"],"height":164,"ascent":44,"type":"bitmap"},
		{"file":"custom/backdrops/mage.png","chars":["ᐱ"],"height":164,"ascent":44,"type":"bitmap"},
		{"file":"custom/backdrops/hunter.png","chars":["ᐲ"],"height":164,"ascent":44,"type":"bitmap"},
		{"file":"custom/backdrops/island_1.png","chars":["ᐳ"],"height":164,"ascent":44,"type":"bitmap"},
		{"file":"custom/backdrops/island_2.png","chars":["ᐴ"],"height":164,"ascent":44,"type":"bitmap"},
		{"file":"custom/backdrops/bounty.png","chars":["ᐵ"],"height":164,"ascent":44,"type":"bitmap"},
		{"file":"custom/backdrops/coinflip_1.png","chars":["ᐶ"],"height":164,"ascent":44,"type":"bitmap"},
		{"file":"custom/backdrops/preferences.png","chars":["ᐷ"],"height":164,"ascent":44,"type":"bitmap"},
		{"file":"custom/backdrops/coinflip_2.png","chars":["ᐸ"],"height":164,"ascent":44,"type":"bitmap"},
		{"file":"custom/backdrops/coinflip_3.png","chars":["ᐹ"],"height":164,"ascent":44,"type":"bitmap"},
		{"file":"custom/backdrops/coinflip_4.png","chars":["ᑁ"],"height":164,"ascent":44,"type":"bitmap"},
		{"file":"custom/backdrops/coinflip_5.png","chars":["ᑂ"],"height":164,"ascent":44,"type":"bitmap"},
		{"file":"custom/backdrops/market_1.png","chars":["ᑄ"],"height":164,"ascent":44,"type":"bitmap"},
		{"file":"custom/backdrops/market_2.png","chars":["ᑆ"],"height":164,"ascent":44,"type":"bitmap"},
		{"file":"custom/backdrops/market_3.png","chars":["ᑇ"],"height":164,"ascent":44,"type":"bitmap"},
		{"file":"custom/backdrops/traveler.png","chars":["ᑈ"],"height":164,"ascent":44,"type":"bitmap"},
		{"file":"custom/backdrops/bait.png","chars":["ᑉ"],"height":164,"ascent":44,"type":"bitmap"},
		{"file":"custom/backdrops/glow.png","chars":["ᕐ"],"height":164,"ascent":44,"type":"bitmap"},

		{"type":"bitmap","file":"space:font/space_split.png","ascent":-32768,"height":-27,"chars":[""]},

		{"type":"bitmap","file":"space:font/space_split.png","ascent":-32768,"height":-3,"chars":[""]},{"type":"bitmap","file":"space:font/space_split.png","ascent":-32768,"height":-4,"chars":[""]},{"type":"bitmap","file":"space:font/space_split.png","ascent":-32768,"height":-5,"chars":[""]},{"type":"bitmap","file":"space:font/space_split.png","ascent":-32768,"height":-6,"chars":[""]},{"type":"bitmap","file":"space:font/space_split.png","ascent":-32768,"height":-7,"chars":[""]},{"type":"bitmap","file":"space:font/space_split.png","ascent":-32768,"height":-8,"chars":[""]},{"type":"bitmap","file":"space:font/space_split.png","ascent":-32768,"height":-9,"chars":[""]},{"type":"bitmap","file":"space:font/space_split.png","ascent":-32768,"height":-10,"chars":[""]},{"type":"bitmap","file":"space:font/space_split.png","ascent":-32768,"height":-18,"chars":[""]},{"type":"bitmap","file":"space:font/space_split.png","ascent":-32768,"height":-34,"chars":[""]},{"type":"bitmap","file":"space:font/space_split.png","ascent":-32768,"height":-66,"chars":[""]},{"type":"bitmap","file":"space:font/space_split.png","ascent":-32768,"height":-130,"chars":[""]},{"type":"bitmap","file":"space:font/space_split.png","ascent":-32768,"height":-258,"chars":[""]},{"type":"bitmap","file":"space:font/space_split.png","ascent":-32768,"height":-514,"chars":[""]},{"type":"bitmap","file":"space:font/space_split.png","ascent":-32768,"height":-1026,"chars":[""]},{"type":"bitmap","file":"space:font/space_split.png","ascent":-65536,"height":-32770,"chars":[""]},{"type":"bitmap","file":"space:font/space_split.png","ascent":-32768,"height":0,"chars":[""]},{"type":"bitmap","file":"space:font/space_split.png","ascent":-32768,"height":1,"chars":[""]},{"type":"bitmap","file":"space:font/space_split.png","ascent":-32768,"height":2,"chars":[""]},{"type":"bitmap","file":"space:font/space_split.png","ascent":-32768,"height":3,"chars":[""]},{"type":"bitmap","file":"space:font/space_split.png","ascent":-32768,"height":4,"chars":[""]},{"type":"bitmap","file":"space:font/space_split.png","ascent":-32768,"height":5,"chars":[""]},{"type":"bitmap","file":"space:font/space_split.png","ascent":-32768,"height":6,"chars":[""]},{"type":"bitmap","file":"space:font/space_split.png","ascent":-32768,"height":7,"chars":[""]},{"type":"bitmap","file":"space:font/space_split.png","ascent":-32768,"height":15,"chars":[""]},{"type":"bitmap","file":"space:font/space_split.png","ascent":-32768,"height":31,"chars":[""]},{"type":"bitmap","file":"space:font/space_split.png","ascent":-32768,"height":63,"chars":[""]},{"type":"bitmap","file":"space:font/space_split.png","ascent":-32768,"height":127,"chars":[""]},{"type":"bitmap","file":"space:font/space_split.png","ascent":-32768,"height":255,"chars":[""]},{"type":"bitmap","file":"space:font/space_split.png","ascent":-32768,"height":511,"chars":[""]},{"type":"bitmap","file":"space:font/space_split.png","ascent":-32768,"height":1023,"chars":[""]},{"type":"bitmap","file":"space:font/space_split.png","ascent":-65536,"height":32767,"chars":[""]},{"type":"bitmap","file":"space:font/space_nosplit.png","ascent":-32768,"height":-3,"chars":[""]},{"type":"bitmap","file":"space:font/space_nosplit.png","ascent":-32768,"height":-4,"chars":[""]},{"type":"bitmap","file":"space:font/space_nosplit.png","ascent":-32768,"height":-5,"chars":[""]},{"type":"bitmap","file":"space:font/space_nosplit.png","ascent":-32768,"height":-6,"chars":[""]},{"type":"bitmap","file":"space:font/space_nosplit.png","ascent":-32768,"height":-7,"chars":[""]},{"type":"bitmap","file":"space:font/space_nosplit.png","ascent":-32768,"height":-8,"chars":[""]},{"type":"bitmap","file":"space:font/space_nosplit.png","ascent":-32768,"height":-9,"chars":[""]},{"type":"bitmap","file":"space:font/space_nosplit.png","ascent":-32768,"height":-10,"chars":[""]},{"type":"bitmap","file":"space:font/space_nosplit.png","ascent":-32768,"height":-18,"chars":[""]},{"type":"bitmap","file":"space:font/space_nosplit.png","ascent":-32768,"height":-34,"chars":[""]},{"type":"bitmap","file":"space:font/space_nosplit.png","ascent":-32768,"height":-66,"chars":[""]},{"type":"bitmap","file":"space:font/space_nosplit.png","ascent":-32768,"height":-130,"chars":[""]},{"type":"bitmap","file":"space:font/space_nosplit.png","ascent":-32768,"height":-258,"chars":[""]},{"type":"bitmap","file":"space:font/space_nosplit.png","ascent":-32768,"height":-514,"chars":[""]},{"type":"bitmap","file":"space:font/space_nosplit.png","ascent":-32768,"height":-1026,"chars":[""]},{"type":"bitmap","file":"space:font/space_nosplit.png","ascent":-65536,"height":-32770,"chars":[""]},{"type":"bitmap","file":"space:font/space_nosplit.png","ascent":-32768,"height":0,"chars":[""]},{"type":"bitmap","file":"space:font/space_nosplit.png","ascent":-32768,"height":1,"chars":[""]},{"type":"bitmap","file":"space:font/space_nosplit.png","ascent":-32768,"height":2,"chars":[""]},{"type":"bitmap","file":"space:font/space_nosplit.png","ascent":-32768,"height":3,"chars":[""]},{"type":"bitmap","file":"space:font/space_nosplit.png","ascent":-32768,"height":4,"chars":[""]},{"type":"bitmap","file":"space:font/space_nosplit.png","ascent":-32768,"height":5,"chars":[""]},{"type":"bitmap","file":"space:font/space_nosplit.png","ascent":-32768,"height":6,"chars":[""]},{"type":"bitmap","file":"space:font/space_nosplit.png","ascent":-32768,"height":7,"chars":[""]},{"type":"bitmap","file":"space:font/space_nosplit.png","ascent":-32768,"height":15,"chars":[""]},{"type":"bitmap","file":"space:font/space_nosplit.png","ascent":-32768,"height":31,"chars":[""]},{"type":"bitmap","file":"space:font/space_nosplit.png","ascent":-32768,"height":63,"chars":[""]},{"type":"bitmap","file":"space:font/space_nosplit.png","ascent":-32768,"height":127,"chars":[""]},{"type":"bitmap","file":"space:font/space_nosplit.png","ascent":-32768,"height":255,"chars":[""]},{"type":"bitmap","file":"space:font/space_nosplit.png","ascent":-32768,"height":511,"chars":[""]},{"type":"bitmap","file":"space:font/space_nosplit.png","ascent":-32768,"height":1023,"chars":[""]},{"type":"bitmap","file":"space:font/space_nosplit.png","ascent":-65536,"height":32767,"chars":[""]}

	]
}