{
	"credit": "Made with Blockbench",
	"texture_size": [128, 128],
	"textures": {
		"0": "custom/block/airdrop",
		"particle": "custom/block/airdrop"
	},
	"elements": [
		{
			"from": [0, -16, 0],
			"to": [16, 0, 16],
			"rotation": {"angle": 0, "axis": "y", "origin": [8, -8, 8]},
			"faces": {
				"north": {"uv": [4, 2, 6, 4], "texture": "#0"},
				"east": {"uv": [4, 2, 6, 4], "texture": "#0"},
				"south": {"uv": [4, 2, 6, 4], "texture": "#0"},
				"west": {"uv": [4, 2, 6, 4], "texture": "#0"},
				"up": {"uv": [8, 4, 6, 2], "texture": "#0"},
				"down": {"uv": [10, 2, 8, 4], "texture": "#0"}
			}
		},
		{
			"from": [16, -16, 4],
			"to": [17, 0, 5],
			"rotation": {"angle": 0, "axis": "y", "origin": [16, 0, 0]},
			"faces": {
				"north": {"uv": [4, 4, 4.125, 6], "texture": "#0"},
				"east": {"uv": [4, 4, 4.125, 6], "texture": "#0"},
				"south": {"uv": [4, 4, 4.125, 6], "texture": "#0"},
				"west": {"uv": [4, 4, 4.125, 6], "texture": "#0"},
				"up": {"uv": [4.125, 4.125, 4, 4], "rotation": 90, "texture": "#0"},
				"down": {"uv": [4.125, 6, 4, 6.125], "rotation": 270, "texture": "#0"}
			}
		},
		{
			"from": [16, -16, 11],
			"to": [17, 0, 12],
			"rotation": {"angle": 0, "axis": "y", "origin": [16, 0, 0]},
			"faces": {
				"north": {"uv": [4, 4, 4.125, 6], "texture": "#0"},
				"east": {"uv": [4, 4, 4.125, 6], "texture": "#0"},
				"south": {"uv": [4, 4, 4.125, 6], "texture": "#0"},
				"west": {"uv": [4, 4, 4.125, 6], "texture": "#0"},
				"up": {"uv": [4.125, 4.125, 4, 4], "rotation": 90, "texture": "#0"},
				"down": {"uv": [4.125, 6, 4, 6.125], "rotation": 270, "texture": "#0"}
			}
		},
		{
			"from": [0, 0, 4],
			"to": [16, 1, 5],
			"rotation": {"angle": 0, "axis": "z", "origin": [16, 0, 0]},
			"faces": {
				"north": {"uv": [4, 4, 4.125, 6], "rotation": 90, "texture": "#0"},
				"east": {"uv": [4.125, 6, 4, 6.125], "rotation": 180, "texture": "#0"},
				"south": {"uv": [4, 4, 4.125, 6], "rotation": 270, "texture": "#0"},
				"west": {"uv": [4.125, 4.125, 4, 4], "texture": "#0"},
				"up": {"uv": [4, 4, 4.125, 6], "rotation": 270, "texture": "#0"},
				"down": {"uv": [4, 4, 4.125, 6], "rotation": 270, "texture": "#0"}
			}
		},
		{
			"from": [0, 0, 11],
			"to": [16, 1, 12],
			"rotation": {"angle": 0, "axis": "z", "origin": [16, 0, 0]},
			"faces": {
				"north": {"uv": [4, 4, 4.125, 6], "rotation": 90, "texture": "#0"},
				"east": {"uv": [4.125, 6, 4, 6.125], "rotation": 180, "texture": "#0"},
				"south": {"uv": [4, 4, 4.125, 6], "rotation": 270, "texture": "#0"},
				"west": {"uv": [4.125, 4.125, 4, 4], "texture": "#0"},
				"up": {"uv": [4, 4, 4.125, 6], "rotation": 270, "texture": "#0"},
				"down": {"uv": [4, 4, 4.125, 6], "rotation": 270, "texture": "#0"}
			}
		},
		{
			"from": [4, 0, 0],
			"to": [5, 1, 16],
			"rotation": {"angle": 0, "axis": "y", "origin": [8, 0.5, 8]},
			"faces": {
				"north": {"uv": [4.125, 6, 4, 6.125], "rotation": 180, "texture": "#0"},
				"east": {"uv": [4, 4, 4.125, 6], "rotation": 270, "texture": "#0"},
				"south": {"uv": [4.125, 4.125, 4, 4], "texture": "#0"},
				"west": {"uv": [4, 4, 4.125, 6], "rotation": 90, "texture": "#0"},
				"up": {"uv": [4, 4, 4.125, 6], "rotation": 180, "texture": "#0"},
				"down": {"uv": [4, 4, 4.125, 6], "texture": "#0"}
			}
		},
		{
			"from": [11, 0, 0],
			"to": [12, 1, 16],
			"rotation": {"angle": 0, "axis": "y", "origin": [8, 0.5, 8]},
			"faces": {
				"north": {"uv": [4.125, 6, 4, 6.125], "rotation": 180, "texture": "#0"},
				"east": {"uv": [4, 4, 4.125, 6], "rotation": 270, "texture": "#0"},
				"south": {"uv": [4.125, 4.125, 4, 4], "texture": "#0"},
				"west": {"uv": [4, 4, 4.125, 6], "rotation": 90, "texture": "#0"},
				"up": {"uv": [4, 4, 4.125, 6], "rotation": 180, "texture": "#0"},
				"down": {"uv": [4, 4, 4.125, 6], "texture": "#0"}
			}
		},
		{
			"from": [-0.925, 0.375, 11],
			"to": [-0.925, 18.375, 12],
			"rotation": {"angle": 22.5, "axis": "z", "origin": [0, 0, 0]},
			"faces": {
				"north": {"uv": [4.125, 4, 4, 6.125], "texture": "#0"},
				"east": {"uv": [4.125, 4, 4, 6.125], "texture": "#0"},
				"south": {"uv": [4.125, 4, 4, 6.125], "texture": "#0"},
				"west": {"uv": [4.125, 4, 4, 6.125], "texture": "#0"},
				"up": {"uv": [4.125, 4, 4, 4.125], "rotation": 90, "texture": "#0"},
				"down": {"uv": [4.125, 6.125, 4, 6], "rotation": 270, "texture": "#0"}
			}
		},
		{
			"from": [-0.925, 0.375, 4],
			"to": [-0.925, 18.375, 5],
			"rotation": {"angle": 22.5, "axis": "z", "origin": [0, 0, 0]},
			"faces": {
				"north": {"uv": [4.125, 4, 4, 6.125], "texture": "#0"},
				"east": {"uv": [4.125, 4, 4, 6.125], "texture": "#0"},
				"south": {"uv": [4.125, 4, 4, 6.125], "texture": "#0"},
				"west": {"uv": [4.125, 4, 4, 6.125], "texture": "#0"},
				"up": {"uv": [4.125, 4, 4, 4.125], "rotation": 90, "texture": "#0"},
				"down": {"uv": [4.125, 6.125, 4, 6], "rotation": 270, "texture": "#0"}
			}
		},
		{
			"from": [-1, -16, 4],
			"to": [0, 0, 5],
			"faces": {
				"north": {"uv": [4.125, 4, 4, 6], "texture": "#0"},
				"east": {"uv": [4.125, 4, 4, 6], "texture": "#0"},
				"south": {"uv": [4.125, 4, 4, 6], "texture": "#0"},
				"west": {"uv": [4.125, 4, 4, 6], "texture": "#0"},
				"up": {"uv": [4.125, 4, 4, 4.125], "rotation": 90, "texture": "#0"},
				"down": {"uv": [4.125, 6.125, 4, 6], "rotation": 270, "texture": "#0"}
			}
		},
		{
			"from": [-1, -16, 11],
			"to": [0, 0, 12],
			"faces": {
				"north": {"uv": [4.125, 4, 4, 6], "texture": "#0"},
				"east": {"uv": [4.125, 4, 4, 6], "texture": "#0"},
				"south": {"uv": [4.125, 4, 4, 6], "texture": "#0"},
				"west": {"uv": [4.125, 4, 4, 6], "texture": "#0"},
				"up": {"uv": [4.125, 4, 4, 4.125], "rotation": 90, "texture": "#0"},
				"down": {"uv": [4.125, 6.125, 4, 6], "rotation": 270, "texture": "#0"}
			}
		},
		{
			"from": [4, -16, 16],
			"to": [5, 0, 17],
			"rotation": {"angle": 0, "axis": "y", "origin": [8, -8, 16.5]},
			"faces": {
				"north": {"uv": [4.125, 4, 4, 6], "texture": "#0"},
				"east": {"uv": [4.125, 4, 4, 6], "texture": "#0"},
				"south": {"uv": [4.125, 4, 4, 6], "texture": "#0"},
				"west": {"uv": [4.125, 4, 4, 6], "texture": "#0"},
				"up": {"uv": [4.125, 4, 4, 4.125], "texture": "#0"},
				"down": {"uv": [4.125, 6.125, 4, 6], "texture": "#0"}
			}
		},
		{
			"from": [11, -16, 16],
			"to": [12, 0, 17],
			"rotation": {"angle": 0, "axis": "y", "origin": [8, -8, 16.5]},
			"faces": {
				"north": {"uv": [4.125, 4, 4, 6], "texture": "#0"},
				"east": {"uv": [4.125, 4, 4, 6], "texture": "#0"},
				"south": {"uv": [4.125, 4, 4, 6], "texture": "#0"},
				"west": {"uv": [4.125, 4, 4, 6], "texture": "#0"},
				"up": {"uv": [4.125, 4, 4, 4.125], "texture": "#0"},
				"down": {"uv": [4.125, 6.125, 4, 6], "texture": "#0"}
			}
		},
		{
			"from": [11, 0.375, 16.925],
			"to": [12, 18.375, 16.925],
			"rotation": {"angle": 22.5, "axis": "x", "origin": [0, 0, 16]},
			"faces": {
				"north": {"uv": [4.125, 4, 4, 6.125], "texture": "#0"},
				"east": {"uv": [4.125, 4, 4, 6.125], "texture": "#0"},
				"south": {"uv": [4.125, 4, 4, 6.125], "texture": "#0"},
				"west": {"uv": [4.125, 4, 4, 6.125], "texture": "#0"},
				"up": {"uv": [4.125, 4, 4, 4.125], "texture": "#0"},
				"down": {"uv": [4.125, 6.125, 4, 6], "texture": "#0"}
			}
		},
		{
			"from": [4, 0.375, 16.925],
			"to": [5, 18.375, 16.925],
			"rotation": {"angle": 22.5, "axis": "x", "origin": [0, 0, 16]},
			"faces": {
				"north": {"uv": [4.125, 4, 4, 6.125], "texture": "#0"},
				"east": {"uv": [4.125, 4, 4, 6.125], "texture": "#0"},
				"south": {"uv": [4.125, 4, 4, 6.125], "texture": "#0"},
				"west": {"uv": [4.125, 4, 4, 6.125], "texture": "#0"},
				"up": {"uv": [4.125, 4, 4, 4.125], "texture": "#0"},
				"down": {"uv": [4.125, 6.125, 4, 6], "texture": "#0"}
			}
		},
		{
			"from": [11, 0.375, -0.925],
			"to": [12, 18.375, -0.925],
			"rotation": {"angle": -22.5, "axis": "x", "origin": [0, 0, 0]},
			"faces": {
				"north": {"uv": [4, 4, 4.125, 6.125], "texture": "#0"},
				"east": {"uv": [4, 4, 4.125, 6.125], "texture": "#0"},
				"south": {"uv": [4, 4, 4.125, 6.125], "texture": "#0"},
				"west": {"uv": [4, 4, 4.125, 6.125], "texture": "#0"},
				"up": {"uv": [4.125, 4.125, 4, 4], "texture": "#0"},
				"down": {"uv": [4.125, 6, 4, 6.125], "texture": "#0"}
			}
		},
		{
			"from": [4, 0.375, -0.925],
			"to": [5, 18.375, -0.925],
			"rotation": {"angle": -22.5, "axis": "x", "origin": [0, 0, 0]},
			"faces": {
				"north": {"uv": [4, 4, 4.125, 6.125], "texture": "#0"},
				"east": {"uv": [4, 4, 4.125, 6.125], "texture": "#0"},
				"south": {"uv": [4, 4, 4.125, 6.125], "texture": "#0"},
				"west": {"uv": [4, 4, 4.125, 6.125], "texture": "#0"},
				"up": {"uv": [4.125, 4.125, 4, 4], "texture": "#0"},
				"down": {"uv": [4.125, 6, 4, 6.125], "texture": "#0"}
			}
		},
		{
			"from": [4, -16, -1],
			"to": [5, 0, 0],
			"faces": {
				"north": {"uv": [4, 4, 4.125, 6], "texture": "#0"},
				"east": {"uv": [4, 4, 4.125, 6], "texture": "#0"},
				"south": {"uv": [4, 4, 4.125, 6], "texture": "#0"},
				"west": {"uv": [4, 4, 4.125, 6], "texture": "#0"},
				"up": {"uv": [4.125, 4.125, 4, 4], "texture": "#0"},
				"down": {"uv": [4.125, 6, 4, 6.125], "texture": "#0"}
			}
		},
		{
			"from": [11, -16, -1],
			"to": [12, 0, 0],
			"faces": {
				"north": {"uv": [4, 4, 4.125, 6], "texture": "#0"},
				"east": {"uv": [4, 4, 4.125, 6], "texture": "#0"},
				"south": {"uv": [4, 4, 4.125, 6], "texture": "#0"},
				"west": {"uv": [4, 4, 4.125, 6], "texture": "#0"},
				"up": {"uv": [4.125, 4.125, 4, 4], "texture": "#0"},
				"down": {"uv": [4.125, 6, 4, 6.125], "texture": "#0"}
			}
		},
		{
			"from": [16.925, 0.375, 4],
			"to": [16.925, 18.375, 5],
			"rotation": {"angle": -22.5, "axis": "z", "origin": [16, 0, 0]},
			"faces": {
				"north": {"uv": [4, 4, 4.125, 6.125], "texture": "#0"},
				"east": {"uv": [4, 4, 4.125, 6.125], "texture": "#0"},
				"south": {"uv": [4, 4, 4.125, 6.125], "texture": "#0"},
				"west": {"uv": [4, 4, 4.125, 6.125], "texture": "#0"},
				"up": {"uv": [4.125, 4.125, 4, 4], "rotation": 90, "texture": "#0"},
				"down": {"uv": [4.125, 6, 4, 6.125], "rotation": 270, "texture": "#0"}
			}
		},
		{
			"from": [16.925, 0.375, 11],
			"to": [16.925, 18.375, 12],
			"rotation": {"angle": -22.5, "axis": "z", "origin": [16, 0, 0]},
			"faces": {
				"north": {"uv": [4, 4, 4.125, 6.125], "texture": "#0"},
				"east": {"uv": [4, 4, 4.125, 6.125], "texture": "#0"},
				"south": {"uv": [4, 4, 4.125, 6.125], "texture": "#0"},
				"west": {"uv": [4, 4, 4.125, 6.125], "texture": "#0"},
				"up": {"uv": [4.125, 4.125, 4, 4], "rotation": 90, "texture": "#0"},
				"down": {"uv": [4.125, 6, 4, 6.125], "rotation": 270, "texture": "#0"}
			}
		},
		{
			"from": [-8, 32, -8],
			"to": [24, 32, 24],
			"faces": {
				"north": {"uv": [4, 0, 8, 2], "texture": "#0"},
				"east": {"uv": [4, 0, 8, 2], "texture": "#0"},
				"south": {"uv": [4, 0, 8, 2], "texture": "#0"},
				"west": {"uv": [4, 0, 8, 2], "texture": "#0"},
				"up": {"uv": [4, 4, 0, 0], "texture": "#0"},
				"down": {"uv": [4, 0, 0, 4], "texture": "#0"}
			}
		},
		{
			"from": [-8, 16, 24],
			"to": [24, 32, 24],
			"faces": {
				"north": {"uv": [4, 0, 8, 2], "texture": "#0"},
				"east": {"uv": [4, 0, 8, 2], "texture": "#0"},
				"south": {"uv": [4, 0, 8, 2], "texture": "#0"},
				"west": {"uv": [4, 0, 8, 2], "texture": "#0"},
				"up": {"uv": [4, 4, 0, 0], "texture": "#0"},
				"down": {"uv": [4, 4, 0, 8], "texture": "#0"}
			}
		},
		{
			"from": [24, 16, -8],
			"to": [24, 32, 24],
			"faces": {
				"north": {"uv": [4, 0, 8, 2], "texture": "#0"},
				"east": {"uv": [4, 0, 8, 2], "texture": "#0"},
				"south": {"uv": [4, 0, 8, 2], "texture": "#0"},
				"west": {"uv": [4, 0, 8, 2], "texture": "#0"},
				"up": {"uv": [4, 4, 0, 0], "texture": "#0"},
				"down": {"uv": [4, 4, 0, 8], "texture": "#0"}
			}
		},
		{
			"from": [-8, 16, -8],
			"to": [-8, 32, 24],
			"faces": {
				"north": {"uv": [4, 0, 8, 2], "texture": "#0"},
				"east": {"uv": [4, 0, 8, 2], "texture": "#0"},
				"south": {"uv": [4, 0, 8, 2], "texture": "#0"},
				"west": {"uv": [4, 0, 8, 2], "texture": "#0"},
				"up": {"uv": [4, 4, 0, 0], "texture": "#0"},
				"down": {"uv": [4, 4, 0, 8], "texture": "#0"}
			}
		},
		{
			"from": [-8, 16, -8],
			"to": [24, 32, -8],
			"faces": {
				"north": {"uv": [4, 0, 8, 2], "texture": "#0"},
				"east": {"uv": [4, 0, 8, 2], "texture": "#0"},
				"south": {"uv": [4, 0, 8, 2], "texture": "#0"},
				"west": {"uv": [4, 0, 8, 2], "texture": "#0"},
				"up": {"uv": [4, 4, 0, 0], "texture": "#0"},
				"down": {"uv": [4, 4, 0, 8], "texture": "#0"}
			}
		}
	],
	"display": {
		"thirdperson_righthand": {
			"rotation": [75, -135, 0],
			"translation": [0, 2.75, 0],
			"scale": [0.31, 0.31, 0.31]
		},
		"thirdperson_lefthand": {
			"rotation": [75, 135, 0],
			"translation": [0, 2.75, 0],
			"scale": [0.31, 0.31, 0.31]
		},
		"firstperson_righthand": {
			"rotation": [0, -135, 0],
			"scale": [0.4, 0.4, 0.4]
		},
		"firstperson_lefthand": {
			"rotation": [0, -135, 0],
			"scale": [0.4, 0.4, 0.4]
		},
		"ground": {
			"rotation": [0, 180, 0],
			"translation": [0, 6, 0],
			"scale": [0.25, 0.25, 0.25]
		},
		"gui": {
			"rotation": [30, 45, 0],
			"translation": [0, -0.5, 0],
			"scale": [0.53, 0.53, 0.53]
		},
		"head": {
			"rotation": [0, 180, 0],
			"translation": [0, -4.75, 0],
			"scale": [1.6, 1.6, 1.6]
		},
		"fixed": {
			"rotation": [0, 180, 0],
			"scale": [0.68, 0.68, 0.68]
		}
	}
}