{
	"credit": "Made with Blockbench",
	"texture_size": [128, 128],
	"textures": {
		"2": "custom/block/crate_chromatic",
		"particle": "custom/block/crate_chromatic"
	},
	"elements": [
		{
			"from": [-3, 8, 15],
			"to": [-1, 9, 17],
			"rotation": {"angle": 0, "axis": "y", "origin": [-2, 8.5, 16]},
			"faces": {
				"north": {"uv": [4.25, 5.375, 4.5, 5.5], "rotation": 180, "texture": "#2"},
				"east": {"uv": [3.875, 5.125, 4.125, 5.25], "rotation": 180, "texture": "#2"},
				"south": {"uv": [1.875, 5.625, 2.125, 5.75], "rotation": 180, "texture": "#2"},
				"west": {"uv": [5.875, 5.125, 6.125, 5.25], "rotation": 180, "texture": "#2"},
				"up": {"uv": [4.25, 4.5, 4.5, 4.75], "rotation": 270, "texture": "#2"},
				"down": {"uv": [9, 3.375, 9.25, 3.625], "rotation": 180, "texture": "#2"}
			}
		},
		{
			"from": [17, 8, 15],
			"to": [19, 9, 17],
			"rotation": {"angle": 0, "axis": "y", "origin": [-2, 8.5, 16]},
			"faces": {
				"north": {"uv": [4.25, 5.375, 4.5, 5.5], "rotation": 180, "texture": "#2"},
				"east": {"uv": [3.875, 5.125, 4.125, 5.25], "rotation": 180, "texture": "#2"},
				"south": {"uv": [1.875, 5.625, 2.125, 5.75], "rotation": 180, "texture": "#2"},
				"west": {"uv": [5.875, 5.125, 6.125, 5.25], "rotation": 180, "texture": "#2"},
				"up": {"uv": [4.25, 4.5, 4.5, 4.75], "rotation": 270, "texture": "#2"},
				"down": {"uv": [9, 3.375, 9.25, 3.625], "rotation": 180, "texture": "#2"}
			}
		},
		{
			"from": [-3, 8, 11],
			"to": [-1, 9, 13],
			"rotation": {"angle": 0, "axis": "y", "origin": [-2, 8.5, 16]},
			"faces": {
				"north": {"uv": [4.25, 5.375, 4.5, 5.5], "rotation": 180, "texture": "#2"},
				"east": {"uv": [3.875, 5.125, 4.125, 5.25], "rotation": 180, "texture": "#2"},
				"south": {"uv": [1.875, 5.625, 2.125, 5.75], "rotation": 180, "texture": "#2"},
				"west": {"uv": [5.875, 5.125, 6.125, 5.25], "rotation": 180, "texture": "#2"},
				"up": {"uv": [4.25, 4.5, 4.5, 4.75], "rotation": 270, "texture": "#2"},
				"down": {"uv": [9, 3.375, 9.25, 3.625], "rotation": 180, "texture": "#2"}
			}
		},
		{
			"from": [17, 8, 11],
			"to": [19, 9, 13],
			"rotation": {"angle": 0, "axis": "y", "origin": [-2, 8.5, 16]},
			"faces": {
				"north": {"uv": [4.25, 5.375, 4.5, 5.5], "rotation": 180, "texture": "#2"},
				"east": {"uv": [3.875, 5.125, 4.125, 5.25], "rotation": 180, "texture": "#2"},
				"south": {"uv": [1.875, 5.625, 2.125, 5.75], "rotation": 180, "texture": "#2"},
				"west": {"uv": [5.875, 5.125, 6.125, 5.25], "rotation": 180, "texture": "#2"},
				"up": {"uv": [4.25, 4.5, 4.5, 4.75], "rotation": 270, "texture": "#2"},
				"down": {"uv": [9, 3.375, 9.25, 3.625], "rotation": 180, "texture": "#2"}
			}
		},
		{
			"from": [-3, 8, 7],
			"to": [-1, 9, 9],
			"rotation": {"angle": 0, "axis": "y", "origin": [-2, 8.5, 16]},
			"faces": {
				"north": {"uv": [4.25, 5.375, 4.5, 5.5], "rotation": 180, "texture": "#2"},
				"east": {"uv": [3.875, 5.125, 4.125, 5.25], "rotation": 180, "texture": "#2"},
				"south": {"uv": [1.875, 5.625, 2.125, 5.75], "rotation": 180, "texture": "#2"},
				"west": {"uv": [5.875, 5.125, 6.125, 5.25], "rotation": 180, "texture": "#2"},
				"up": {"uv": [4.25, 4.5, 4.5, 4.75], "rotation": 270, "texture": "#2"},
				"down": {"uv": [9, 3.375, 9.25, 3.625], "rotation": 180, "texture": "#2"}
			}
		},
		{
			"from": [17, 8, 7],
			"to": [19, 9, 9],
			"rotation": {"angle": 0, "axis": "y", "origin": [-2, 8.5, 16]},
			"faces": {
				"north": {"uv": [4.25, 5.375, 4.5, 5.5], "rotation": 180, "texture": "#2"},
				"east": {"uv": [3.875, 5.125, 4.125, 5.25], "rotation": 180, "texture": "#2"},
				"south": {"uv": [1.875, 5.625, 2.125, 5.75], "rotation": 180, "texture": "#2"},
				"west": {"uv": [5.875, 5.125, 6.125, 5.25], "rotation": 180, "texture": "#2"},
				"up": {"uv": [4.25, 4.5, 4.5, 4.75], "rotation": 270, "texture": "#2"},
				"down": {"uv": [9, 3.375, 9.25, 3.625], "rotation": 180, "texture": "#2"}
			}
		},
		{
			"from": [-3, 8, 3],
			"to": [-1, 9, 5],
			"rotation": {"angle": 0, "axis": "y", "origin": [-2, 8.5, 16]},
			"faces": {
				"north": {"uv": [4.25, 5.375, 4.5, 5.5], "rotation": 180, "texture": "#2"},
				"east": {"uv": [3.875, 5.125, 4.125, 5.25], "rotation": 180, "texture": "#2"},
				"south": {"uv": [1.875, 5.625, 2.125, 5.75], "rotation": 180, "texture": "#2"},
				"west": {"uv": [5.875, 5.125, 6.125, 5.25], "rotation": 180, "texture": "#2"},
				"up": {"uv": [4.25, 4.5, 4.5, 4.75], "rotation": 270, "texture": "#2"},
				"down": {"uv": [9, 3.375, 9.25, 3.625], "rotation": 180, "texture": "#2"}
			}
		},
		{
			"from": [17, 8, 3],
			"to": [19, 9, 5],
			"rotation": {"angle": 0, "axis": "y", "origin": [-2, 8.5, 16]},
			"faces": {
				"north": {"uv": [4.25, 5.375, 4.5, 5.5], "rotation": 180, "texture": "#2"},
				"east": {"uv": [3.875, 5.125, 4.125, 5.25], "rotation": 180, "texture": "#2"},
				"south": {"uv": [1.875, 5.625, 2.125, 5.75], "rotation": 180, "texture": "#2"},
				"west": {"uv": [5.875, 5.125, 6.125, 5.25], "rotation": 180, "texture": "#2"},
				"up": {"uv": [4.25, 4.5, 4.5, 4.75], "rotation": 270, "texture": "#2"},
				"down": {"uv": [9, 3.375, 9.25, 3.625], "rotation": 180, "texture": "#2"}
			}
		},
		{
			"from": [-3, 8, -1],
			"to": [-1, 9, 1],
			"rotation": {"angle": 0, "axis": "y", "origin": [-2, 8.5, 16]},
			"faces": {
				"north": {"uv": [4.25, 5.375, 4.5, 5.5], "rotation": 180, "texture": "#2"},
				"east": {"uv": [3.875, 5.125, 4.125, 5.25], "rotation": 180, "texture": "#2"},
				"south": {"uv": [1.875, 5.625, 2.125, 5.75], "rotation": 180, "texture": "#2"},
				"west": {"uv": [5.875, 5.125, 6.125, 5.25], "rotation": 180, "texture": "#2"},
				"up": {"uv": [4.25, 4.5, 4.5, 4.75], "rotation": 270, "texture": "#2"},
				"down": {"uv": [9, 3.375, 9.25, 3.625], "rotation": 180, "texture": "#2"}
			}
		},
		{
			"from": [17, 8, -1],
			"to": [19, 9, 1],
			"rotation": {"angle": 0, "axis": "y", "origin": [-2, 8.5, 16]},
			"faces": {
				"north": {"uv": [4.25, 5.375, 4.5, 5.5], "rotation": 180, "texture": "#2"},
				"east": {"uv": [3.875, 5.125, 4.125, 5.25], "rotation": 180, "texture": "#2"},
				"south": {"uv": [1.875, 5.625, 2.125, 5.75], "rotation": 180, "texture": "#2"},
				"west": {"uv": [5.875, 5.125, 6.125, 5.25], "rotation": 180, "texture": "#2"},
				"up": {"uv": [4.25, 4.5, 4.5, 4.75], "rotation": 270, "texture": "#2"},
				"down": {"uv": [9, 3.375, 9.25, 3.625], "rotation": 180, "texture": "#2"}
			}
		},
		{
			"from": [-3, 8, -1],
			"to": [-1, 9, 1],
			"rotation": {"angle": 0, "axis": "y", "origin": [-2, 8.5, 16]},
			"faces": {
				"north": {"uv": [4.25, 5.375, 4.5, 5.5], "rotation": 180, "texture": "#2"},
				"east": {"uv": [3.875, 5.125, 4.125, 5.25], "rotation": 180, "texture": "#2"},
				"south": {"uv": [1.875, 5.625, 2.125, 5.75], "rotation": 180, "texture": "#2"},
				"west": {"uv": [5.875, 5.125, 6.125, 5.25], "rotation": 180, "texture": "#2"},
				"up": {"uv": [4.25, 4.5, 4.5, 4.75], "rotation": 270, "texture": "#2"},
				"down": {"uv": [9, 3.375, 9.25, 3.625], "rotation": 180, "texture": "#2"}
			}
		},
		{
			"from": [17, 8, -1],
			"to": [19, 9, 1],
			"rotation": {"angle": 0, "axis": "y", "origin": [-2, 8.5, 16]},
			"faces": {
				"north": {"uv": [4.25, 5.375, 4.5, 5.5], "rotation": 180, "texture": "#2"},
				"east": {"uv": [3.875, 5.125, 4.125, 5.25], "rotation": 180, "texture": "#2"},
				"south": {"uv": [1.875, 5.625, 2.125, 5.75], "rotation": 180, "texture": "#2"},
				"west": {"uv": [5.875, 5.125, 6.125, 5.25], "rotation": 180, "texture": "#2"},
				"up": {"uv": [4.25, 4.5, 4.5, 4.75], "rotation": 270, "texture": "#2"},
				"down": {"uv": [9, 3.375, 9.25, 3.625], "rotation": 180, "texture": "#2"}
			}
		},
		{
			"from": [13, 8, 15],
			"to": [15, 9, 17],
			"rotation": {"angle": 0, "axis": "y", "origin": [-2, 8.5, 16]},
			"faces": {
				"north": {"uv": [4.25, 5.375, 4.5, 5.5], "rotation": 180, "texture": "#2"},
				"east": {"uv": [3.875, 5.125, 4.125, 5.25], "rotation": 180, "texture": "#2"},
				"south": {"uv": [1.875, 5.625, 2.125, 5.75], "rotation": 180, "texture": "#2"},
				"west": {"uv": [5.875, 5.125, 6.125, 5.25], "rotation": 180, "texture": "#2"},
				"up": {"uv": [4.25, 4.5, 4.5, 4.75], "rotation": 270, "texture": "#2"},
				"down": {"uv": [9, 3.375, 9.25, 3.625], "rotation": 180, "texture": "#2"}
			}
		},
		{
			"from": [1, 8, 15],
			"to": [3, 9, 17],
			"rotation": {"angle": 0, "axis": "y", "origin": [-2, 8.5, 16]},
			"faces": {
				"north": {"uv": [4.25, 5.375, 4.5, 5.5], "rotation": 180, "texture": "#2"},
				"east": {"uv": [3.875, 5.125, 4.125, 5.25], "rotation": 180, "texture": "#2"},
				"south": {"uv": [1.875, 5.625, 2.125, 5.75], "rotation": 180, "texture": "#2"},
				"west": {"uv": [5.875, 5.125, 6.125, 5.25], "rotation": 180, "texture": "#2"},
				"up": {"uv": [4.25, 4.5, 4.5, 4.75], "rotation": 270, "texture": "#2"},
				"down": {"uv": [9, 3.375, 9.25, 3.625], "rotation": 180, "texture": "#2"}
			}
		},
		{
			"from": [10, 8, 16],
			"to": [12, 12, 18],
			"rotation": {"angle": 0, "axis": "z", "origin": [11, 10, 17]},
			"faces": {
				"north": {"uv": [9.25, 3.625, 8.75, 3.375], "rotation": 270, "texture": "#2"},
				"east": {"uv": [8.375, 8, 8.875, 8.25], "rotation": 90, "texture": "#2"},
				"south": {"uv": [7.5, 6.5, 7, 6.75], "rotation": 270, "texture": "#2"},
				"west": {"uv": [6.375, 6.5, 6.875, 6.75], "rotation": 270, "texture": "#2"},
				"up": {"uv": [8.875, 2.75, 9.125, 3], "texture": "#2"},
				"down": {"uv": [3, 8.75, 3.25, 9], "rotation": 180, "texture": "#2"}
			}
		},
		{
			"from": [4, 8, 16],
			"to": [6, 12, 18],
			"rotation": {"angle": 0, "axis": "z", "origin": [8, 10, 16.5]},
			"faces": {
				"north": {"uv": [6.375, 6.5, 6.875, 6.75], "rotation": 90, "texture": "#2"},
				"east": {"uv": [7.5, 6.5, 7, 6.75], "rotation": 90, "texture": "#2"},
				"south": {"uv": [8.375, 8, 8.875, 8.25], "rotation": 270, "texture": "#2"},
				"west": {"uv": [9.25, 3.625, 8.75, 3.375], "rotation": 90, "texture": "#2"},
				"up": {"uv": [3, 8.75, 3.25, 9], "rotation": 270, "texture": "#2"},
				"down": {"uv": [8.875, 2.75, 9.125, 3], "rotation": 270, "texture": "#2"}
			}
		},
		{
			"from": [-3, 9, 15],
			"to": [19, 11, 17],
			"rotation": {"angle": 0, "axis": "y", "origin": [8, 9, 7.25]},
			"faces": {
				"north": {"uv": [2.75, 5, 5.5, 5.25], "texture": "#2"},
				"east": {"uv": [5.875, 9.25, 6.125, 9.5], "texture": "#2"},
				"south": {"uv": [0, 5, 2.75, 5.25], "texture": "#2"},
				"west": {"uv": [9.25, 5.75, 9.5, 6], "texture": "#2"},
				"up": {"uv": [2.75, 5.5, 0, 5.25], "rotation": 180, "texture": "#2"},
				"down": {"uv": [8, 0, 5.25, 0.25], "rotation": 180, "texture": "#2"}
			}
		},
		{
			"from": [-3, 16, 7],
			"to": [19, 18, 9],
			"rotation": {"angle": 0, "axis": "x", "origin": [8, 17, 8]},
			"faces": {
				"north": {"uv": [8.125, 4.75, 5.375, 5], "texture": "#2"},
				"east": {"uv": [5.875, 9.25, 6.125, 9.5], "rotation": 270, "texture": "#2"},
				"south": {"uv": [8.125, 5, 5.375, 4.75], "rotation": 180, "texture": "#2"},
				"west": {"uv": [9.25, 5.75, 9.5, 6], "rotation": 90, "texture": "#2"},
				"up": {"uv": [2.75, 5, 5.5, 5.25], "rotation": 180, "texture": "#2"},
				"down": {"uv": [0, 5, 2.75, 5.25], "texture": "#2"}
			}
		},
		{
			"from": [6, 7, 16],
			"to": [10, 13, 19],
			"rotation": {"angle": 0, "axis": "z", "origin": [8, 10, 16.5]},
			"faces": {
				"north": {"uv": [5.25, 7.25, 5.75, 8], "texture": "#2"},
				"east": {"uv": [2, 6.75, 2.375, 7.5], "texture": "#2"},
				"south": {"uv": [6.25, 7.25, 6.75, 8], "texture": "#2"},
				"west": {"uv": [6.375, 8.125, 6.75, 8.875], "texture": "#2"},
				"up": {"uv": [9.25, 3.625, 8.75, 3.25], "rotation": 180, "texture": "#2"},
				"down": {"uv": [9.25, 3.25, 8.75, 3.625], "rotation": 180, "texture": "#2"}
			}
		},
		{
			"from": [-3, 9, 1],
			"to": [-1, 11, 15],
			"rotation": {"angle": 0, "axis": "y", "origin": [8, 9, 7.25]},
			"faces": {
				"north": {"uv": [9.25, 4, 9.5, 4.25], "texture": "#2"},
				"east": {"uv": [5.75, 6.5, 7.5, 6.75], "texture": "#2"},
				"south": {"uv": [9.25, 3.75, 9.5, 4], "texture": "#2"},
				"west": {"uv": [4, 6.5, 5.75, 6.75], "texture": "#2"},
				"up": {"uv": [2.25, 8.375, 2, 6.625], "rotation": 180, "texture": "#2"},
				"down": {"uv": [2.5, 6.625, 2.25, 8.375], "rotation": 180, "texture": "#2"}
			}
		},
		{
			"from": [-3, 11, 14],
			"to": [0, 15, 17],
			"rotation": {"angle": 0, "axis": "y", "origin": [8, 9, 7.25]},
			"faces": {
				"north": {"uv": [8.625, 4.625, 9, 5.125], "texture": "#2"},
				"east": {"uv": [8.625, 5.125, 9, 5.625], "texture": "#2"},
				"south": {"uv": [0.75, 8.625, 1.125, 9.125], "texture": "#2"},
				"west": {"uv": [1.125, 8.625, 1.5, 9.125], "texture": "#2"},
				"up": {"uv": [5, 9.375, 4.625, 9], "rotation": 180, "texture": "#2"},
				"down": {"uv": [9.375, 4.625, 9, 5], "rotation": 180, "texture": "#2"}
			}
		},
		{
			"from": [-3, 11, -1],
			"to": [0, 15, 2],
			"rotation": {"angle": 0, "axis": "y", "origin": [8, 9, 7.25]},
			"faces": {
				"north": {"uv": [8.75, 1.5, 9.125, 2], "texture": "#2"},
				"east": {"uv": [2.5, 8.75, 2.875, 9.25], "texture": "#2"},
				"south": {"uv": [8.625, 5.625, 9, 6.125], "texture": "#2"},
				"west": {"uv": [8.75, 1, 9.125, 1.5], "texture": "#2"},
				"up": {"uv": [9.375, 5.375, 9, 5], "rotation": 180, "texture": "#2"},
				"down": {"uv": [9.375, 5.375, 9, 5.75], "rotation": 180, "texture": "#2"}
			}
		},
		{
			"from": [-3, 9, -1],
			"to": [19, 11, 1],
			"rotation": {"angle": 0, "axis": "y", "origin": [8, 9, 7.25]},
			"faces": {
				"north": {"uv": [4.25, 4.5, 7, 4.75], "texture": "#2"},
				"east": {"uv": [5.625, 9.25, 5.875, 9.5], "texture": "#2"},
				"south": {"uv": [4.25, 4.25, 7, 4.5], "texture": "#2"},
				"west": {"uv": [9.25, 4.25, 9.5, 4.5], "texture": "#2"},
				"up": {"uv": [2.75, 5, 0, 4.75], "rotation": 180, "texture": "#2"},
				"down": {"uv": [5.5, 4.75, 2.75, 5], "rotation": 180, "texture": "#2"}
			}
		},
		{
			"from": [16, 11, -1],
			"to": [19, 15, 2],
			"rotation": {"angle": 0, "axis": "y", "origin": [8, 9, 7.25]},
			"faces": {
				"north": {"uv": [4.25, 8.5, 4.625, 9], "texture": "#2"},
				"east": {"uv": [4.625, 8.5, 5, 9], "texture": "#2"},
				"south": {"uv": [8, 5.5, 8.375, 6], "texture": "#2"},
				"west": {"uv": [8.5, 4.125, 8.875, 4.625], "texture": "#2"},
				"up": {"uv": [9.25, 8.375, 8.875, 8], "rotation": 180, "texture": "#2"},
				"down": {"uv": [9.125, 8.875, 8.75, 9.25], "rotation": 180, "texture": "#2"}
			}
		},
		{
			"from": [16, 11, 14],
			"to": [19, 15, 17],
			"rotation": {"angle": 0, "axis": "y", "origin": [8, 9, 7.25]},
			"faces": {
				"north": {"uv": [0, 8.625, 0.375, 9.125], "texture": "#2"},
				"east": {"uv": [0.375, 8.625, 0.75, 9.125], "texture": "#2"},
				"south": {"uv": [6.75, 8.5, 7.125, 9], "texture": "#2"},
				"west": {"uv": [8.375, 8.5, 8.75, 9], "texture": "#2"},
				"up": {"uv": [9.375, 0.875, 9, 0.5], "rotation": 180, "texture": "#2"},
				"down": {"uv": [4.625, 9, 4.25, 9.375], "rotation": 180, "texture": "#2"}
			}
		},
		{
			"from": [15.9995, 14, 1],
			"to": [17.9995, 17, 15],
			"rotation": {"angle": 0, "axis": "y", "origin": [8, 9, 7.25]},
			"faces": {
				"north": {"uv": [1.25, 9.125, 1.5, 9.5], "texture": "#2"},
				"east": {"uv": [5.25, 1.375, 7, 1.75], "texture": "#2"},
				"south": {"uv": [1, 9.125, 1.25, 9.5], "texture": "#2"},
				"west": {"uv": [5.25, 1, 7, 1.375], "texture": "#2"},
				"up": {"uv": [3.25, 8.75, 3, 7], "rotation": 180, "texture": "#2"},
				"down": {"uv": [3.5, 7, 3.25, 8.75], "rotation": 180, "texture": "#2"}
			}
		},
		{
			"from": [0, 14, 2],
			"to": [16, 16, 14],
			"rotation": {"angle": 0, "axis": "y", "origin": [8, 9, 7.25]},
			"faces": {
				"north": {"uv": [0, 6.25, 2, 6.5], "texture": "#2"},
				"east": {"uv": [7.5, 6.25, 9, 6.5], "texture": "#2"},
				"south": {"uv": [5.5, 6, 7.5, 6.25], "texture": "#2"},
				"west": {"uv": [7.5, 2.5, 9, 2.75], "texture": "#2"},
				"up": {"uv": [4, 1.5, 2, 0], "rotation": 180, "texture": "#2"},
				"down": {"uv": [4, 1.5, 2, 3], "rotation": 180, "texture": "#2"}
			}
		},
		{
			"from": [0, 11, 0],
			"to": [16, 14, 2],
			"rotation": {"angle": 0, "axis": "y", "origin": [8, 9, 7.25]},
			"faces": {
				"north": {"uv": [4, 2.125, 6, 2.5], "texture": "#2"},
				"east": {"uv": [9.125, 1.625, 9.375, 2], "texture": "#2"},
				"south": {"uv": [4, 1.75, 6, 2.125], "texture": "#2"},
				"west": {"uv": [9.125, 1.25, 9.375, 1.625], "texture": "#2"},
				"up": {"uv": [8.25, 4.125, 6.25, 3.875], "rotation": 180, "texture": "#2"},
				"down": {"uv": [7.5, 6.25, 5.5, 6.5], "rotation": 180, "texture": "#2"}
			}
		},
		{
			"from": [0, 11, 14],
			"to": [16, 14, 16],
			"rotation": {"angle": 0, "axis": "y", "origin": [8, 9, 7.25]},
			"faces": {
				"north": {"uv": [4.25, 3.875, 6.25, 4.25], "texture": "#2"},
				"east": {"uv": [9.125, 2.875, 9.375, 3.25], "texture": "#2"},
				"south": {"uv": [4, 2.5, 6, 2.875], "texture": "#2"},
				"west": {"uv": [9.125, 2.5, 9.375, 2.875], "texture": "#2"},
				"up": {"uv": [4, 6.625, 2, 6.375], "rotation": 180, "texture": "#2"},
				"down": {"uv": [2, 6.5, 0, 6.75], "rotation": 180, "texture": "#2"}
			}
		},
		{
			"from": [-1.9995, 14, 1],
			"to": [0.0005, 17, 15],
			"rotation": {"angle": 0, "axis": "y", "origin": [8, 9, 7.25]},
			"faces": {
				"north": {"uv": [9.125, 0.875, 9.375, 1.25], "texture": "#2"},
				"east": {"uv": [5.25, 0.625, 7, 1], "texture": "#2"},
				"south": {"uv": [0.75, 9.125, 1, 9.5], "texture": "#2"},
				"west": {"uv": [5.25, 0.25, 7, 0.625], "texture": "#2"},
				"up": {"uv": [2.75, 8.75, 2.5, 7], "rotation": 180, "texture": "#2"},
				"down": {"uv": [3, 7, 2.75, 8.75], "rotation": 180, "texture": "#2"}
			}
		},
		{
			"from": [17, 15, 5],
			"to": [21, 19, 11],
			"rotation": {"angle": 0, "axis": "y", "origin": [8, 9, 7.25]},
			"faces": {
				"north": {"uv": [8.375, 7.5, 8.875, 8], "texture": "#2"},
				"east": {"uv": [7.5, 2, 8.25, 2.5], "texture": "#2"},
				"south": {"uv": [7.25, 8.375, 7.75, 8.875], "texture": "#2"},
				"west": {"uv": [7.25, 7, 8, 7.5], "texture": "#2"},
				"up": {"uv": [6.75, 8, 6.25, 7.25], "rotation": 180, "texture": "#2"},
				"down": {"uv": [8, 5.5, 7.5, 6.25], "rotation": 180, "texture": "#2"}
			}
		},
		{
			"from": [6, 16, 5],
			"to": [10, 20, 11],
			"rotation": {"angle": 0, "axis": "z", "origin": [8, 18, 8]},
			"faces": {
				"north": {"uv": [5.25, 7.125, 5.75, 7.625], "rotation": 90, "texture": "#2"},
				"east": {"uv": [8.875, 6.75, 8.375, 7.5], "rotation": 90, "texture": "#2"},
				"south": {"uv": [1, 8.75, 1.5, 9.25], "rotation": 270, "texture": "#2"},
				"west": {"uv": [5.75, 7.875, 5.25, 7.125], "rotation": 90, "texture": "#2"},
				"up": {"uv": [7.5, 2, 8.25, 2.5], "rotation": 270, "texture": "#2"},
				"down": {"uv": [7.25, 7, 8, 7.5], "rotation": 270, "texture": "#2"}
			}
		},
		{
			"from": [-5, 15, 5],
			"to": [-1, 19, 11],
			"rotation": {"angle": 0, "axis": "y", "origin": [8, 9, 7.25]},
			"faces": {
				"north": {"uv": [8.375, 7, 8.875, 7.5], "texture": "#2"},
				"east": {"uv": [0.75, 7.25, 1.5, 7.75], "texture": "#2"},
				"south": {"uv": [8.375, 6.5, 8.875, 7], "texture": "#2"},
				"west": {"uv": [0, 7.25, 0.75, 7.75], "texture": "#2"},
				"up": {"uv": [5.75, 8, 5.25, 7.25], "rotation": 180, "texture": "#2"},
				"down": {"uv": [6.25, 7.25, 5.75, 8], "rotation": 180, "texture": "#2"}
			}
		},
		{
			"from": [17, 9, 1],
			"to": [19, 11, 15],
			"rotation": {"angle": 0, "axis": "y", "origin": [8, 9, 7.25]},
			"faces": {
				"north": {"uv": [6.125, 9.25, 6.375, 9.5], "texture": "#2"},
				"east": {"uv": [2.5, 6.75, 4.25, 7], "texture": "#2"},
				"south": {"uv": [9.25, 6, 9.5, 6.25], "texture": "#2"},
				"west": {"uv": [0, 6.75, 1.75, 7], "texture": "#2"},
				"up": {"uv": [2, 8.5, 1.75, 6.75], "rotation": 180, "texture": "#2"},
				"down": {"uv": [4.5, 6.75, 4.25, 8.5], "rotation": 180, "texture": "#2"}
			}
		},
		{
			"from": [16, 11, 2],
			"to": [17, 14, 14],
			"rotation": {"angle": 0, "axis": "y", "origin": [8, 9, 7.25]},
			"faces": {
				"north": {"uv": [9.25, 8.25, 9.375, 8.625], "texture": "#2"},
				"east": {"uv": [6, 2.375, 7.5, 2.75], "texture": "#2"},
				"south": {"uv": [9.25, 7.875, 9.375, 8.25], "texture": "#2"},
				"west": {"uv": [6, 2, 7.5, 2.375], "texture": "#2"},
				"up": {"uv": [5.125, 10, 5, 8.5], "rotation": 180, "texture": "#2"},
				"down": {"uv": [5.25, 8.5, 5.125, 10], "rotation": 180, "texture": "#2"}
			}
		},
		{
			"from": [-1, 11, 2],
			"to": [0, 14, 14],
			"rotation": {"angle": 0, "axis": "y", "origin": [8, 9, 7.25]},
			"faces": {
				"north": {"uv": [8.875, 9.25, 9, 9.625], "texture": "#2"},
				"east": {"uv": [4, 6, 5.5, 6.375], "texture": "#2"},
				"south": {"uv": [8.75, 9.25, 8.875, 9.625], "texture": "#2"},
				"west": {"uv": [2.5, 6, 4, 6.375], "texture": "#2"},
				"up": {"uv": [7.25, 10, 7.125, 8.5], "rotation": 180, "texture": "#2"},
				"down": {"uv": [3, 8.75, 2.875, 10.25], "rotation": 180, "texture": "#2"}
			}
		},
		{
			"from": [7.5, 9, 19.002],
			"to": [8.5, 11, 19.002],
			"rotation": {"angle": 0, "axis": "y", "origin": [3.5, 0, 0]},
			"faces": {
				"north": {"uv": [8.5, 2.125, 8.625, 2.375], "texture": "#2"},
				"east": {"uv": [0, 0, 0, 0.25], "texture": "#2"},
				"south": {"uv": [8.5, 2.125, 8.625, 2.375], "texture": "#2"},
				"west": {"uv": [0, 0, 0, 0.25], "texture": "#2"},
				"up": {"uv": [0, 0, 0.125, 0], "texture": "#2"},
				"down": {"uv": [0, 0, 0.125, 0], "texture": "#2"}
			}
		},
		{
			"from": [-3, -1, -1],
			"to": [0, 3, 2],
			"rotation": {"angle": 0, "axis": "y", "origin": [-1.5, 1, 0.5]},
			"faces": {
				"north": {"uv": [3.25, 7, 2.875, 7.5], "rotation": 180, "texture": "#2"},
				"east": {"uv": [6.125, 8.125, 6.625, 8.5], "rotation": 270, "texture": "#2"},
				"south": {"uv": [4.375, 5.875, 4, 5.375], "texture": "#2"},
				"west": {"uv": [8.75, 3.25, 9.25, 3.625], "rotation": 90, "texture": "#2"},
				"up": {"uv": [7.375, 8.5, 7.75, 8.875], "rotation": 180, "texture": "#2"},
				"down": {"uv": [4.625, 9, 5, 9.375], "texture": "#2"}
			}
		},
		{
			"from": [16, -1, -1],
			"to": [19, 3, 2],
			"rotation": {"angle": 0, "axis": "y", "origin": [17.5, 1, 0.5]},
			"faces": {
				"north": {"uv": [8.75, 3.25, 9.25, 3.625], "rotation": 90, "texture": "#2"},
				"east": {"uv": [3.25, 7, 2.875, 7.5], "rotation": 180, "texture": "#2"},
				"south": {"uv": [6.125, 8.125, 6.625, 8.5], "rotation": 270, "texture": "#2"},
				"west": {"uv": [4.375, 5.875, 4, 5.375], "texture": "#2"},
				"up": {"uv": [7.375, 8.5, 7.75, 8.875], "rotation": 270, "texture": "#2"},
				"down": {"uv": [4.625, 9, 5, 9.375], "rotation": 270, "texture": "#2"}
			}
		},
		{
			"from": [16, -1, 14],
			"to": [19, 3, 17],
			"rotation": {"angle": 0, "axis": "x", "origin": [17, 1, 15]},
			"faces": {
				"north": {"uv": [4.375, 5.875, 4, 5.375], "texture": "#2"},
				"east": {"uv": [8.75, 3.25, 9.25, 3.625], "rotation": 90, "texture": "#2"},
				"south": {"uv": [3.25, 7, 2.875, 7.5], "rotation": 180, "texture": "#2"},
				"west": {"uv": [6.125, 8.125, 6.625, 8.5], "rotation": 270, "texture": "#2"},
				"up": {"uv": [7.375, 8.5, 7.75, 8.875], "texture": "#2"},
				"down": {"uv": [4.625, 9, 5, 9.375], "rotation": 180, "texture": "#2"}
			}
		},
		{
			"from": [-3, -1, 14],
			"to": [0, 3, 17],
			"rotation": {"angle": 0, "axis": "y", "origin": [-1.5, 1, 15.5]},
			"faces": {
				"north": {"uv": [6.125, 8.125, 6.625, 8.5], "rotation": 270, "texture": "#2"},
				"east": {"uv": [4.375, 5.875, 4, 5.375], "texture": "#2"},
				"south": {"uv": [8.75, 3.25, 9.25, 3.625], "rotation": 90, "texture": "#2"},
				"west": {"uv": [3.25, 7, 2.875, 7.5], "rotation": 180, "texture": "#2"},
				"up": {"uv": [7.375, 8.5, 7.75, 8.875], "rotation": 90, "texture": "#2"},
				"down": {"uv": [4.625, 9, 5, 9.375], "rotation": 90, "texture": "#2"}
			}
		},
		{
			"from": [-2, 9, 2],
			"to": [0, 11, 14],
			"rotation": {"angle": 0, "axis": "y", "origin": [8, 9, 7.25]},
			"faces": {
				"north": {"uv": [6.375, 9.25, 6.625, 9.5], "texture": "#2"},
				"east": {"uv": [7, 4.125, 8.5, 4.375], "texture": "#2"},
				"south": {"uv": [9.25, 6.25, 9.5, 6.5], "texture": "#2"},
				"west": {"uv": [7, 1.5, 8.5, 1.75], "texture": "#2"},
				"up": {"uv": [5, 8.5, 4.75, 7], "rotation": 180, "texture": "#2"},
				"down": {"uv": [5.25, 7, 5, 8.5], "rotation": 180, "texture": "#2"}
			}
		},
		{
			"from": [-2, 0, 0],
			"to": [18, 2, 2],
			"rotation": {"angle": 0, "axis": "y", "origin": [8, 9, 7.25]},
			"faces": {
				"north": {"uv": [5.25, 2.875, 7.75, 3.125], "texture": "#2"},
				"east": {"uv": [7.75, 3.625, 8, 3.875], "texture": "#2"},
				"south": {"uv": [2.75, 5.25, 5.25, 5.5], "texture": "#2"},
				"west": {"uv": [7.5, 6.5, 7.75, 6.75], "texture": "#2"},
				"up": {"uv": [7.75, 3.375, 5.25, 3.125], "rotation": 180, "texture": "#2"},
				"down": {"uv": [7.75, 3.375, 5.25, 3.625], "rotation": 180, "texture": "#2"}
			}
		},
		{
			"from": [-2, 0, 14],
			"to": [18, 2, 16],
			"rotation": {"angle": 0, "axis": "y", "origin": [8, 9, 7.25]},
			"faces": {
				"north": {"uv": [5.25, 5.25, 7.75, 5.5], "texture": "#2"},
				"east": {"uv": [7.75, 6.5, 8, 6.75], "texture": "#2"},
				"south": {"uv": [5.25, 3.625, 7.75, 3.875], "texture": "#2"},
				"west": {"uv": [7.75, 5.25, 8, 5.5], "texture": "#2"},
				"up": {"uv": [2.5, 5.75, 0, 5.5], "rotation": 180, "texture": "#2"},
				"down": {"uv": [5, 5.5, 2.5, 5.75], "rotation": 180, "texture": "#2"}
			}
		},
		{
			"from": [1, 2, 13],
			"to": [15, 9, 15],
			"rotation": {"angle": 0, "axis": "y", "origin": [8, 9, 7.25]},
			"faces": {
				"north": {"uv": [1.75, 3, 3.5, 3.875], "texture": "#2"},
				"east": {"uv": [8.5, 1, 8.75, 1.875], "texture": "#2"},
				"south": {"uv": [0, 3, 1.75, 3.875], "texture": "#2"},
				"west": {"uv": [7.75, 8.375, 8, 9.25], "texture": "#2"},
				"up": {"uv": [6.25, 7, 4.5, 6.75], "rotation": 180, "texture": "#2"},
				"down": {"uv": [8, 6.75, 6.25, 7], "rotation": 180, "texture": "#2"}
			}
		},
		{
			"from": [1, 2, 1],
			"to": [15, 9, 3],
			"rotation": {"angle": 0, "axis": "y", "origin": [8, 9, 7.25]},
			"faces": {
				"north": {"uv": [0, 3.875, 1.75, 4.75], "texture": "#2"},
				"east": {"uv": [1.75, 8.5, 2, 9.375], "texture": "#2"},
				"south": {"uv": [3.5, 3, 5.25, 3.875], "texture": "#2"},
				"west": {"uv": [1.5, 8.5, 1.75, 9.375], "texture": "#2"},
				"up": {"uv": [1.75, 7.25, 0, 7], "rotation": 180, "texture": "#2"},
				"down": {"uv": [8.75, 0.25, 7, 0.5], "rotation": 180, "texture": "#2"}
			}
		},
		{
			"from": [0, 1, 2],
			"to": [16, 2, 14],
			"rotation": {"angle": 0, "axis": "y", "origin": [8, 9, 7.25]},
			"faces": {
				"north": {"uv": [8, 0.125, 10, 0.25], "texture": "#2"},
				"east": {"uv": [4, 6.375, 5.5, 6.5], "texture": "#2"},
				"south": {"uv": [8, 0, 10, 0.125], "texture": "#2"},
				"west": {"uv": [6, 2.75, 7.5, 2.875], "texture": "#2"},
				"up": {"uv": [2, 1.5, 0, 0], "rotation": 180, "texture": "#2"},
				"down": {"uv": [2, 1.5, 0, 3], "rotation": 180, "texture": "#2"}
			}
		},
		{
			"from": [15, 2, 3],
			"to": [17, 9, 13],
			"rotation": {"angle": 0, "axis": "y", "origin": [8, 9, 7.25]},
			"faces": {
				"north": {"uv": [3.5, 8.5, 3.75, 9.375], "texture": "#2"},
				"east": {"uv": [3, 3.875, 4.25, 4.75], "texture": "#2"},
				"south": {"uv": [8.5, 2.75, 8.75, 3.625], "texture": "#2"},
				"west": {"uv": [1.75, 3.875, 3, 4.75], "texture": "#2"},
				"up": {"uv": [1.75, 8.5, 1.5, 7.25], "rotation": 180, "texture": "#2"},
				"down": {"uv": [2.25, 8.375, 2, 9.625], "rotation": 180, "texture": "#2"}
			}
		},
		{
			"from": [-1, 2, 3],
			"to": [1, 9, 13],
			"rotation": {"angle": 0, "axis": "y", "origin": [8, 9, 7.25]},
			"faces": {
				"north": {"uv": [4, 8.5, 4.25, 9.375], "texture": "#2"},
				"east": {"uv": [4, 0.875, 5.25, 1.75], "texture": "#2"},
				"south": {"uv": [3.75, 8.5, 4, 9.375], "texture": "#2"},
				"west": {"uv": [4, 0, 5.25, 0.875], "texture": "#2"},
				"up": {"uv": [2.5, 9.625, 2.25, 8.375], "rotation": 180, "texture": "#2"},
				"down": {"uv": [8.625, 4.625, 8.375, 5.875], "rotation": 180, "texture": "#2"}
			}
		},
		{
			"from": [15, 2, 13],
			"to": [18, 9, 16],
			"rotation": {"angle": 0, "axis": "y", "origin": [8, 9, 7.25]},
			"faces": {
				"north": {"uv": [0, 7.75, 0.375, 8.625], "texture": "#2"},
				"east": {"uv": [0.375, 7.75, 0.75, 8.625], "texture": "#2"},
				"south": {"uv": [7.25, 7.5, 7.625, 8.375], "texture": "#2"},
				"west": {"uv": [7.625, 7.5, 8, 8.375], "texture": "#2"},
				"up": {"uv": [6, 9.25, 5.625, 8.875], "rotation": 180, "texture": "#2"},
				"down": {"uv": [6.375, 8.875, 6, 9.25], "rotation": 180, "texture": "#2"}
			}
		},
		{
			"from": [-2, 2, 13],
			"to": [1, 9, 16],
			"rotation": {"angle": 0, "axis": "y", "origin": [8, 9, 7.25]},
			"faces": {
				"north": {"uv": [7.75, 2.75, 8.125, 3.625], "texture": "#2"},
				"east": {"uv": [8, 4.625, 8.375, 5.5], "texture": "#2"},
				"south": {"uv": [0.75, 7.75, 1.125, 8.625], "texture": "#2"},
				"west": {"uv": [1.125, 7.75, 1.5, 8.625], "texture": "#2"},
				"up": {"uv": [6.75, 9.25, 6.375, 8.875], "rotation": 180, "texture": "#2"},
				"down": {"uv": [9.25, 6.5, 8.875, 6.875], "rotation": 180, "texture": "#2"}
			}
		},
		{
			"from": [-2, 2, 0],
			"to": [1, 9, 3],
			"rotation": {"angle": 0, "axis": "y", "origin": [8, 9, 7.25]},
			"faces": {
				"north": {"uv": [8.125, 2.75, 8.5, 3.625], "texture": "#2"},
				"east": {"uv": [8, 8.25, 8.375, 9.125], "texture": "#2"},
				"south": {"uv": [8, 6.5, 8.375, 7.375], "texture": "#2"},
				"west": {"uv": [8, 7.375, 8.375, 8.25], "texture": "#2"},
				"up": {"uv": [9.25, 7.625, 8.875, 7.25], "rotation": 180, "texture": "#2"},
				"down": {"uv": [9.25, 7.625, 8.875, 8], "rotation": 180, "texture": "#2"}
			}
		},
		{
			"from": [15, 2, 0],
			"to": [18, 9, 3],
			"rotation": {"angle": 0, "axis": "y", "origin": [8, 9, 7.25]},
			"faces": {
				"north": {"uv": [6, 8, 6.375, 8.875], "texture": "#2"},
				"east": {"uv": [6.375, 8, 6.75, 8.875], "texture": "#2"},
				"south": {"uv": [5.25, 8, 5.625, 8.875], "texture": "#2"},
				"west": {"uv": [5.625, 8, 6, 8.875], "texture": "#2"},
				"up": {"uv": [9.25, 7.25, 8.875, 6.875], "rotation": 180, "texture": "#2"},
				"down": {"uv": [7.625, 8.875, 7.25, 9.25], "rotation": 180, "texture": "#2"}
			}
		},
		{
			"from": [-2, 0, 2],
			"to": [0, 2, 14],
			"rotation": {"angle": 0, "axis": "y", "origin": [8, 9, 7.25]},
			"faces": {
				"north": {"uv": [9, 6.25, 9.25, 6.5], "texture": "#2"},
				"east": {"uv": [7, 0.75, 8.5, 1], "texture": "#2"},
				"south": {"uv": [8, 3.625, 8.25, 3.875], "texture": "#2"},
				"west": {"uv": [7, 0.5, 8.5, 0.75], "texture": "#2"},
				"up": {"uv": [3.75, 8.5, 3.5, 7], "rotation": 180, "texture": "#2"},
				"down": {"uv": [4, 7, 3.75, 8.5], "rotation": 180, "texture": "#2"}
			}
		},
		{
			"from": [16, 0, 2],
			"to": [18, 2, 14],
			"rotation": {"angle": 0, "axis": "y", "origin": [8, 9, 7.25]},
			"faces": {
				"north": {"uv": [9.25, 3.5, 9.5, 3.75], "texture": "#2"},
				"east": {"uv": [7, 1.25, 8.5, 1.5], "texture": "#2"},
				"south": {"uv": [9.25, 3.25, 9.5, 3.5], "texture": "#2"},
				"west": {"uv": [7, 1, 8.5, 1.25], "texture": "#2"},
				"up": {"uv": [4.25, 8.5, 4, 7], "rotation": 180, "texture": "#2"},
				"down": {"uv": [4.75, 7, 4.5, 8.5], "rotation": 180, "texture": "#2"}
			}
		},
		{
			"from": [-2, 9, 14],
			"to": [18, 11, 16],
			"rotation": {"angle": 0, "axis": "y", "origin": [8, 9, 7.25]},
			"faces": {
				"north": {"uv": [5, 5.75, 7.5, 6], "texture": "#2"},
				"east": {"uv": [7.5, 9.25, 7.75, 9.5], "texture": "#2"},
				"south": {"uv": [2.5, 5.75, 5, 6], "texture": "#2"},
				"west": {"uv": [9.25, 7.25, 9.5, 7.5], "texture": "#2"},
				"up": {"uv": [2.5, 6.25, 0, 6], "rotation": 180, "texture": "#2"},
				"down": {"uv": [8.5, 1.75, 6, 2], "rotation": 180, "texture": "#2"}
			}
		},
		{
			"from": [16, 9, 2],
			"to": [18, 11, 14],
			"rotation": {"angle": 0, "axis": "y", "origin": [8, 9, 7.25]},
			"faces": {
				"north": {"uv": [7.25, 9.25, 7.5, 9.5], "texture": "#2"},
				"east": {"uv": [5.25, 7, 6.75, 7.25], "texture": "#2"},
				"south": {"uv": [9.25, 7, 9.5, 7.25], "texture": "#2"},
				"west": {"uv": [7, 4.375, 8.5, 4.625], "texture": "#2"},
				"up": {"uv": [7, 8.5, 6.75, 7], "rotation": 180, "texture": "#2"},
				"down": {"uv": [7.25, 7, 7, 8.5], "rotation": 180, "texture": "#2"}
			}
		},
		{
			"from": [-2, 9, 0],
			"to": [18, 11, 2],
			"rotation": {"angle": 0, "axis": "y", "origin": [8, 9, 7.25]},
			"faces": {
				"north": {"uv": [5, 5.5, 7.5, 5.75], "texture": "#2"},
				"east": {"uv": [9.25, 6.75, 9.5, 7], "texture": "#2"},
				"south": {"uv": [5.5, 4.75, 8, 5], "texture": "#2"},
				"west": {"uv": [9.25, 6.5, 9.5, 6.75], "texture": "#2"},
				"up": {"uv": [8, 5.25, 5.5, 5], "rotation": 180, "texture": "#2"},
				"down": {"uv": [2.5, 5.75, 0, 6], "rotation": 180, "texture": "#2"}
			}
		},
		{
			"from": [2, 8, -2],
			"to": [4, 12, 1],
			"rotation": {"angle": 0, "axis": "y", "origin": [8, 9, 7.25]},
			"faces": {
				"north": {"uv": [0, 9.125, 0.25, 9.625], "texture": "#2"},
				"east": {"uv": [8.875, 3.625, 9.25, 4.125], "texture": "#2"},
				"south": {"uv": [8.375, 9, 8.625, 9.5], "texture": "#2"},
				"west": {"uv": [8.875, 2, 9.25, 2.5], "texture": "#2"},
				"up": {"uv": [9.5, 2.375, 9.25, 2], "rotation": 180, "texture": "#2"},
				"down": {"uv": [2.75, 9.25, 2.5, 9.625], "rotation": 180, "texture": "#2"}
			}
		},
		{
			"from": [12, 8, -2],
			"to": [14, 12, 1],
			"rotation": {"angle": 0, "axis": "y", "origin": [8, 9, 7.25]},
			"faces": {
				"north": {"uv": [0.5, 9.125, 0.75, 9.625], "texture": "#2"},
				"east": {"uv": [5.25, 8.875, 5.625, 9.375], "texture": "#2"},
				"south": {"uv": [0.25, 9.125, 0.5, 9.625], "texture": "#2"},
				"west": {"uv": [8.875, 4.125, 9.25, 4.625], "texture": "#2"},
				"up": {"uv": [3.25, 9.625, 3, 9.25], "rotation": 180, "texture": "#2"},
				"down": {"uv": [3.5, 9.25, 3.25, 9.625], "rotation": 180, "texture": "#2"}
			}
		}
	],
	"display": {
		"thirdperson_righthand": {
			"rotation": [75, -135, 0],
			"translation": [0, 2.75, 0],
			"scale": [0.31, 0.31, 0.31]
		},
		"thirdperson_lefthand": {
			"rotation": [75, 135, 0],
			"translation": [0, 2.75, 0],
			"scale": [0.31, 0.31, 0.31]
		},
		"firstperson_righthand": {
			"rotation": [0, -135, 0],
			"scale": [0.4, 0.4, 0.4]
		},
		"firstperson_lefthand": {
			"rotation": [0, -135, 0],
			"scale": [0.4, 0.4, 0.4]
		},
		"ground": {
			"rotation": [0, 180, 0],
			"scale": [0.25, 0.25, 0.25]
		},
		"gui": {
			"rotation": [30, 45, 0],
			"translation": [0, -0.5, 0],
			"scale": [0.53, 0.53, 0.53]
		},
		"head": {
			"rotation": [0, 180, 0]
		},
		"fixed": {
			"rotation": [0, 180, 0],
			"scale": [0.68, 0.68, 0.68]
		}
	},
	"groups": [
		{
			"name": "top",
			"origin": [0, 0, 0],
			"color": 0,
			"children": [0, 1, 2, 3, 4, 5, 6, 7, 8, 9, 10, 11, 12, 13, 14, 15, 16, 17, 18, 19, 20, 21, 22, 23, 24, 25, 26, 27, 28, 29, 30, 31, 32, 33, 34, 35, 36]
		},
		{
			"name": "bottom",
			"origin": [0, 0, 0],
			"color": 0,
			"children": [37, 38, 39, 40, 41, 42, 43, 44, 45, 46, 47, 48, 49, 50, 51, 52, 53, 54, 55, 56, 57, 58, 59]
		}
	]
}