{
	"credit": "Made with Blockbench",
	"textures": {
		"0": "custom/block/cookie",
		"particle": "custom/block/cookie"
	},
	"elements": [
		{
			"from": [5.11569, 0, 11.77855],
			"to": [10.11569, 1, 14.77855],
			"rotation": {"angle": 22.5, "axis": "y", "origin": [8.54902, 1.5, 8.27676]},
			"faces": {
				"north": {"uv": [6, 2, 7, 3], "texture": "#0"},
				"east": {"uv": [6, 1, 7, 4], "rotation": 90, "texture": "#0"},
				"south": {"uv": [6, 3, 7, 4], "texture": "#0"},
				"west": {"uv": [6, 4, 5, 1], "rotation": 90, "texture": "#0"},
				"up": {"uv": [0, 1, 5, 4], "rotation": 180, "texture": "#0"},
				"down": {"uv": [0, 1, 5, 4], "rotation": 180, "texture": "#0"}
			}
		},
		{
			"from": [6.11569, 0, 14.77855],
			"to": [9.11569, 1, 15.77855],
			"rotation": {"angle": 22.5, "axis": "y", "origin": [8.54902, 1.5, 8.27676]},
			"faces": {
				"north": {"uv": [6, 1, 7, 4], "rotation": 90, "texture": "#0"},
				"east": {"uv": [6, 3, 7, 4], "rotation": 90, "texture": "#0"},
				"south": {"uv": [5, 1, 6, 4], "rotation": 90, "texture": "#0"},
				"west": {"uv": [7, 4, 6, 3], "rotation": 90, "texture": "#0"},
				"up": {"uv": [1, 0, 4, 1], "rotation": 180, "texture": "#0"},
				"down": {"uv": [1, 0, 4, 1], "rotation": 180, "texture": "#0"}
			}
		},
		{
			"from": [6.11569, 0, 10.77855],
			"to": [9.11569, 1, 11.77855],
			"rotation": {"angle": 22.5, "axis": "y", "origin": [8.54902, 1.5, 8.27676]},
			"faces": {
				"north": {"uv": [6, 4, 7, 1], "rotation": 90, "texture": "#0"},
				"east": {"uv": [6, 3, 7, 4], "rotation": 90, "texture": "#0"},
				"south": {"uv": [6, 1, 7, 4], "rotation": 90, "texture": "#0"},
				"west": {"uv": [7, 4, 6, 3], "rotation": 90, "texture": "#0"},
				"up": {"uv": [1, 4, 4, 5], "rotation": 180, "texture": "#0"},
				"down": {"uv": [1, 4, 4, 5], "rotation": 180, "texture": "#0"}
			}
		},
		{
			"from": [0.55755, 0, 5.49597],
			"to": [3.55755, 1, 10.49597],
			"rotation": {"angle": -22.5, "axis": "y", "origin": [8.54902, 1.5, 8.27676]},
			"faces": {
				"north": {"uv": [6, 4, 5, 1], "rotation": 90, "texture": "#0"},
				"east": {"uv": [6, 2, 7, 3], "texture": "#0"},
				"south": {"uv": [6, 1, 7, 4], "rotation": 90, "texture": "#0"},
				"west": {"uv": [6, 3, 7, 4], "texture": "#0"},
				"up": {"uv": [0, 1, 5, 4], "rotation": 270, "texture": "#0"},
				"down": {"uv": [0, 1, 5, 4], "rotation": 90, "texture": "#0"}
			}
		},
		{
			"from": [-0.44245, 0, 6.49597],
			"to": [0.55755, 1, 9.49597],
			"rotation": {"angle": -22.5, "axis": "y", "origin": [8.54902, 1.5, 8.27676]},
			"faces": {
				"north": {"uv": [7, 4, 6, 3], "rotation": 90, "texture": "#0"},
				"east": {"uv": [6, 1, 7, 4], "rotation": 90, "texture": "#0"},
				"south": {"uv": [6, 3, 7, 4], "rotation": 90, "texture": "#0"},
				"west": {"uv": [5, 1, 6, 4], "rotation": 90, "texture": "#0"},
				"up": {"uv": [1, 0, 4, 1], "rotation": 270, "texture": "#0"},
				"down": {"uv": [1, 0, 4, 1], "rotation": 90, "texture": "#0"}
			}
		},
		{
			"from": [3.55755, 0, 6.49597],
			"to": [4.55755, 1, 9.49597],
			"rotation": {"angle": -22.5, "axis": "y", "origin": [8.54902, 1.5, 8.27676]},
			"faces": {
				"north": {"uv": [7, 4, 6, 3], "rotation": 90, "texture": "#0"},
				"east": {"uv": [6, 4, 7, 1], "rotation": 90, "texture": "#0"},
				"south": {"uv": [6, 3, 7, 4], "rotation": 90, "texture": "#0"},
				"west": {"uv": [6, 1, 7, 4], "rotation": 90, "texture": "#0"},
				"up": {"uv": [1, 4, 4, 5], "rotation": 270, "texture": "#0"},
				"down": {"uv": [1, 4, 4, 5], "rotation": 90, "texture": "#0"}
			}
		},
		{
			"from": [10.77226, 0, 1.95078],
			"to": [15.77226, 1, 4.95078],
			"rotation": {"angle": 0, "axis": "y", "origin": [8.54902, 1.5, 8.27676]},
			"faces": {
				"north": {"uv": [6, 2, 7, 3], "texture": "#0"},
				"east": {"uv": [6, 1, 7, 4], "rotation": 90, "texture": "#0"},
				"south": {"uv": [6, 3, 7, 4], "texture": "#0"},
				"west": {"uv": [6, 4, 5, 1], "rotation": 90, "texture": "#0"},
				"up": {"uv": [0, 1, 5, 4], "rotation": 180, "texture": "#0"},
				"down": {"uv": [0, 1, 5, 4], "rotation": 180, "texture": "#0"}
			}
		},
		{
			"from": [11.77226, 0, 4.95078],
			"to": [14.77226, 1, 5.95078],
			"rotation": {"angle": 0, "axis": "y", "origin": [8.54902, 1.5, 8.27676]},
			"faces": {
				"north": {"uv": [6, 1, 7, 4], "rotation": 90, "texture": "#0"},
				"east": {"uv": [6, 3, 7, 4], "rotation": 90, "texture": "#0"},
				"south": {"uv": [5, 1, 6, 4], "rotation": 90, "texture": "#0"},
				"west": {"uv": [7, 4, 6, 3], "rotation": 90, "texture": "#0"},
				"up": {"uv": [1, 0, 4, 1], "rotation": 180, "texture": "#0"},
				"down": {"uv": [1, 0, 4, 1], "rotation": 180, "texture": "#0"}
			}
		},
		{
			"from": [11.77226, 0, 0.95078],
			"to": [14.77226, 1, 1.95078],
			"rotation": {"angle": 0, "axis": "y", "origin": [8.54902, 1.5, 8.27676]},
			"faces": {
				"north": {"uv": [6, 4, 7, 1], "rotation": 90, "texture": "#0"},
				"east": {"uv": [6, 3, 7, 4], "rotation": 90, "texture": "#0"},
				"south": {"uv": [6, 1, 7, 4], "rotation": 90, "texture": "#0"},
				"west": {"uv": [7, 4, 6, 3], "rotation": 90, "texture": "#0"},
				"up": {"uv": [1, 4, 4, 5], "rotation": 180, "texture": "#0"},
				"down": {"uv": [1, 4, 4, 5], "rotation": 180, "texture": "#0"}
			}
		},
		{
			"from": [10.01948, 0, 10.03254],
			"to": [13.01948, 1, 15.03254],
			"rotation": {"angle": 45, "axis": "y", "origin": [8.54902, 1.5, 8.27676]},
			"faces": {
				"north": {"uv": [6, 4, 5, 1], "rotation": 90, "texture": "#0"},
				"east": {"uv": [6, 2, 7, 3], "texture": "#0"},
				"south": {"uv": [6, 1, 7, 4], "rotation": 90, "texture": "#0"},
				"west": {"uv": [6, 3, 7, 4], "texture": "#0"},
				"up": {"uv": [0, 1, 5, 4], "rotation": 270, "texture": "#0"},
				"down": {"uv": [0, 1, 5, 4], "rotation": 90, "texture": "#0"}
			}
		},
		{
			"from": [9.01948, 0, 11.03254],
			"to": [10.01948, 1, 14.03254],
			"rotation": {"angle": 45, "axis": "y", "origin": [8.54902, 1.5, 8.27676]},
			"faces": {
				"north": {"uv": [7, 4, 6, 3], "rotation": 90, "texture": "#0"},
				"east": {"uv": [6, 1, 7, 4], "rotation": 90, "texture": "#0"},
				"south": {"uv": [6, 3, 7, 4], "rotation": 90, "texture": "#0"},
				"west": {"uv": [5, 1, 6, 4], "rotation": 90, "texture": "#0"},
				"up": {"uv": [1, 0, 4, 1], "rotation": 270, "texture": "#0"},
				"down": {"uv": [1, 0, 4, 1], "rotation": 90, "texture": "#0"}
			}
		},
		{
			"from": [13.01948, 0, 11.03254],
			"to": [14.01948, 1, 14.03254],
			"rotation": {"angle": 45, "axis": "y", "origin": [8.54902, 1.5, 8.27676]},
			"faces": {
				"north": {"uv": [7, 4, 6, 3], "rotation": 90, "texture": "#0"},
				"east": {"uv": [6, 4, 7, 1], "rotation": 90, "texture": "#0"},
				"south": {"uv": [6, 3, 7, 4], "rotation": 90, "texture": "#0"},
				"west": {"uv": [6, 1, 7, 4], "rotation": 90, "texture": "#0"},
				"up": {"uv": [1, 4, 4, 5], "rotation": 270, "texture": "#0"},
				"down": {"uv": [1, 4, 4, 5], "rotation": 90, "texture": "#0"}
			}
		},
		{
			"from": [3.17581, 1, 0.71009],
			"to": [8.17581, 2, 3.71009],
			"rotation": {"angle": 0, "axis": "y", "origin": [9.54902, 1.5, 7.27676]},
			"faces": {
				"north": {"uv": [6, 3, 7, 4], "texture": "#0"},
				"east": {"uv": [6, 4, 5, 1], "rotation": 90, "texture": "#0"},
				"south": {"uv": [6, 2, 7, 3], "texture": "#0"},
				"west": {"uv": [6, 1, 7, 4], "rotation": 90, "texture": "#0"},
				"up": {"uv": [0, 1, 5, 4], "texture": "#0"},
				"down": {"uv": [0, 1, 5, 4], "texture": "#0"}
			}
		},
		{
			"from": [4.17581, 1, -0.28991],
			"to": [7.17581, 2, 0.71009],
			"rotation": {"angle": 0, "axis": "y", "origin": [9.54902, 1.5, 7.27676]},
			"faces": {
				"north": {"uv": [5, 1, 6, 4], "rotation": 90, "texture": "#0"},
				"east": {"uv": [7, 4, 6, 3], "rotation": 90, "texture": "#0"},
				"south": {"uv": [6, 1, 7, 4], "rotation": 90, "texture": "#0"},
				"west": {"uv": [6, 3, 7, 4], "rotation": 90, "texture": "#0"},
				"up": {"uv": [1, 0, 4, 1], "texture": "#0"},
				"down": {"uv": [1, 0, 4, 1], "texture": "#0"}
			}
		},
		{
			"from": [4.17581, 1, 3.71009],
			"to": [7.17581, 2, 4.71009],
			"rotation": {"angle": 0, "axis": "y", "origin": [9.54902, 1.5, 7.27676]},
			"faces": {
				"north": {"uv": [6, 1, 7, 4], "rotation": 90, "texture": "#0"},
				"east": {"uv": [7, 4, 6, 3], "rotation": 90, "texture": "#0"},
				"south": {"uv": [6, 4, 7, 1], "rotation": 90, "texture": "#0"},
				"west": {"uv": [6, 3, 7, 4], "rotation": 90, "texture": "#0"},
				"up": {"uv": [1, 4, 4, 5], "texture": "#0"},
				"down": {"uv": [1, 4, 4, 5], "texture": "#0"}
			}
		},
		{
			"from": [2.95078, 0, 1.60274],
			"to": [7.95078, 1, 4.60274],
			"rotation": {"angle": -22.5, "axis": "y", "origin": [8.54902, 1.5, 8.27676]},
			"faces": {
				"north": {"uv": [6, 3, 7, 4], "texture": "#0"},
				"east": {"uv": [6, 4, 5, 1], "rotation": 90, "texture": "#0"},
				"south": {"uv": [6, 2, 7, 3], "texture": "#0"},
				"west": {"uv": [6, 1, 7, 4], "rotation": 90, "texture": "#0"},
				"up": {"uv": [0, 1, 5, 4], "texture": "#0"},
				"down": {"uv": [0, 1, 5, 4], "texture": "#0"}
			}
		},
		{
			"from": [3.95078, 0, 0.60274],
			"to": [6.95078, 1, 1.60274],
			"rotation": {"angle": -22.5, "axis": "y", "origin": [8.54902, 1.5, 8.27676]},
			"faces": {
				"north": {"uv": [5, 1, 6, 4], "rotation": 90, "texture": "#0"},
				"east": {"uv": [7, 4, 6, 3], "rotation": 90, "texture": "#0"},
				"south": {"uv": [6, 1, 7, 4], "rotation": 90, "texture": "#0"},
				"west": {"uv": [6, 3, 7, 4], "rotation": 90, "texture": "#0"},
				"up": {"uv": [1, 0, 4, 1], "texture": "#0"},
				"down": {"uv": [1, 0, 4, 1], "texture": "#0"}
			}
		},
		{
			"from": [3.95078, 0, 4.60274],
			"to": [6.95078, 1, 5.60274],
			"rotation": {"angle": -22.5, "axis": "y", "origin": [8.54902, 1.5, 8.27676]},
			"faces": {
				"north": {"uv": [6, 1, 7, 4], "rotation": 90, "texture": "#0"},
				"east": {"uv": [7, 4, 6, 3], "rotation": 90, "texture": "#0"},
				"south": {"uv": [6, 4, 7, 1], "rotation": 90, "texture": "#0"},
				"west": {"uv": [6, 3, 7, 4], "rotation": 90, "texture": "#0"},
				"up": {"uv": [1, 4, 4, 5], "texture": "#0"},
				"down": {"uv": [1, 4, 4, 5], "texture": "#0"}
			}
		},
		{
			"from": [1.48583, 0, 6.98805],
			"to": [4.48583, 1, 11.98805],
			"rotation": {"angle": 22.5, "axis": "y", "origin": [8.54902, 1.5, 8.27676]},
			"faces": {
				"north": {"uv": [6, 1, 7, 4], "rotation": 90, "texture": "#0"},
				"east": {"uv": [6, 3, 7, 4], "texture": "#0"},
				"south": {"uv": [6, 4, 5, 1], "rotation": 90, "texture": "#0"},
				"west": {"uv": [6, 2, 7, 3], "texture": "#0"},
				"up": {"uv": [0, 1, 5, 4], "rotation": 90, "texture": "#0"},
				"down": {"uv": [0, 1, 5, 4], "rotation": 270, "texture": "#0"}
			}
		},
		{
			"from": [4.48583, 0, 7.98805],
			"to": [5.48583, 1, 10.98805],
			"rotation": {"angle": 22.5, "axis": "y", "origin": [8.54902, 1.5, 8.27676]},
			"faces": {
				"north": {"uv": [6, 3, 7, 4], "rotation": 90, "texture": "#0"},
				"east": {"uv": [5, 1, 6, 4], "rotation": 90, "texture": "#0"},
				"south": {"uv": [7, 4, 6, 3], "rotation": 90, "texture": "#0"},
				"west": {"uv": [6, 1, 7, 4], "rotation": 90, "texture": "#0"},
				"up": {"uv": [1, 0, 4, 1], "rotation": 90, "texture": "#0"},
				"down": {"uv": [1, 0, 4, 1], "rotation": 270, "texture": "#0"}
			}
		},
		{
			"from": [0.48583, 0, 7.98805],
			"to": [1.48583, 1, 10.98805],
			"rotation": {"angle": 22.5, "axis": "y", "origin": [8.54902, 1.5, 8.27676]},
			"faces": {
				"north": {"uv": [6, 3, 7, 4], "rotation": 90, "texture": "#0"},
				"east": {"uv": [6, 1, 7, 4], "rotation": 90, "texture": "#0"},
				"south": {"uv": [7, 4, 6, 3], "rotation": 90, "texture": "#0"},
				"west": {"uv": [6, 4, 7, 1], "rotation": 90, "texture": "#0"},
				"up": {"uv": [1, 4, 4, 5], "rotation": 90, "texture": "#0"},
				"down": {"uv": [1, 4, 4, 5], "rotation": 270, "texture": "#0"}
			}
		},
		{
			"from": [9.98904, 3, 7.06301],
			"to": [12.98904, 4, 12.06301],
			"rotation": {"angle": 45, "axis": "y", "origin": [9.54902, 2.5, 8.27676]},
			"faces": {
				"north": {"uv": [6, 1, 7, 4], "rotation": 90, "texture": "#0"},
				"east": {"uv": [6, 3, 7, 4], "texture": "#0"},
				"south": {"uv": [6, 4, 5, 1], "rotation": 90, "texture": "#0"},
				"west": {"uv": [6, 2, 7, 3], "texture": "#0"},
				"up": {"uv": [0, 1, 5, 4], "rotation": 90, "texture": "#0"},
				"down": {"uv": [0, 1, 5, 4], "rotation": 270, "texture": "#0"}
			}
		},
		{
			"from": [12.98904, 3, 8.06301],
			"to": [13.98904, 4, 11.06301],
			"rotation": {"angle": 45, "axis": "y", "origin": [9.54902, 2.5, 8.27676]},
			"faces": {
				"north": {"uv": [6, 3, 7, 4], "rotation": 90, "texture": "#0"},
				"east": {"uv": [5, 1, 6, 4], "rotation": 90, "texture": "#0"},
				"south": {"uv": [7, 4, 6, 3], "rotation": 90, "texture": "#0"},
				"west": {"uv": [6, 1, 7, 4], "rotation": 90, "texture": "#0"},
				"up": {"uv": [1, 0, 4, 1], "rotation": 90, "texture": "#0"},
				"down": {"uv": [1, 0, 4, 1], "rotation": 270, "texture": "#0"}
			}
		},
		{
			"from": [8.98904, 3, 8.06301],
			"to": [9.98904, 4, 11.06301],
			"rotation": {"angle": 45, "axis": "y", "origin": [9.54902, 2.5, 8.27676]},
			"faces": {
				"north": {"uv": [6, 3, 7, 4], "rotation": 90, "texture": "#0"},
				"east": {"uv": [6, 1, 7, 4], "rotation": 90, "texture": "#0"},
				"south": {"uv": [7, 4, 6, 3], "rotation": 90, "texture": "#0"},
				"west": {"uv": [6, 4, 7, 1], "rotation": 90, "texture": "#0"},
				"up": {"uv": [1, 4, 4, 5], "rotation": 90, "texture": "#0"},
				"down": {"uv": [1, 4, 4, 5], "rotation": 270, "texture": "#0"}
			}
		},
		{
			"from": [6.98904, 3, 9.06301],
			"to": [9.98904, 4, 14.06301],
			"rotation": {"angle": -22.5, "axis": "y", "origin": [9.54902, 2.5, 8.27676]},
			"faces": {
				"north": {"uv": [6, 1, 7, 4], "rotation": 90, "texture": "#0"},
				"east": {"uv": [6, 3, 7, 4], "texture": "#0"},
				"south": {"uv": [6, 4, 5, 1], "rotation": 90, "texture": "#0"},
				"west": {"uv": [6, 2, 7, 3], "texture": "#0"},
				"up": {"uv": [0, 1, 5, 4], "rotation": 90, "texture": "#0"},
				"down": {"uv": [0, 1, 5, 4], "rotation": 270, "texture": "#0"}
			}
		},
		{
			"from": [9.98904, 3, 10.06301],
			"to": [10.98904, 4, 13.06301],
			"rotation": {"angle": -22.5, "axis": "y", "origin": [9.54902, 2.5, 8.27676]},
			"faces": {
				"north": {"uv": [6, 3, 7, 4], "rotation": 90, "texture": "#0"},
				"east": {"uv": [5, 1, 6, 4], "rotation": 90, "texture": "#0"},
				"south": {"uv": [7, 4, 6, 3], "rotation": 90, "texture": "#0"},
				"west": {"uv": [6, 1, 7, 4], "rotation": 90, "texture": "#0"},
				"up": {"uv": [1, 0, 4, 1], "rotation": 90, "texture": "#0"},
				"down": {"uv": [1, 0, 4, 1], "rotation": 270, "texture": "#0"}
			}
		},
		{
			"from": [5.98904, 3, 10.06301],
			"to": [6.98904, 4, 13.06301],
			"rotation": {"angle": -22.5, "axis": "y", "origin": [9.54902, 2.5, 8.27676]},
			"faces": {
				"north": {"uv": [6, 3, 7, 4], "rotation": 90, "texture": "#0"},
				"east": {"uv": [6, 1, 7, 4], "rotation": 90, "texture": "#0"},
				"south": {"uv": [7, 4, 6, 3], "rotation": 90, "texture": "#0"},
				"west": {"uv": [6, 4, 7, 1], "rotation": 90, "texture": "#0"},
				"up": {"uv": [1, 4, 4, 5], "rotation": 90, "texture": "#0"},
				"down": {"uv": [1, 4, 4, 5], "rotation": 270, "texture": "#0"}
			}
		},
		{
			"from": [5.71027, 3, 2.83674],
			"to": [10.71027, 4, 5.83674],
			"rotation": {"angle": 22.5, "axis": "y", "origin": [9.54902, 2.5, 8.27676]},
			"faces": {
				"north": {"uv": [6, 3, 7, 4], "texture": "#0"},
				"east": {"uv": [6, 4, 5, 1], "rotation": 90, "texture": "#0"},
				"south": {"uv": [6, 2, 7, 3], "texture": "#0"},
				"west": {"uv": [6, 1, 7, 4], "rotation": 90, "texture": "#0"},
				"up": {"uv": [0, 1, 5, 4], "texture": "#0"},
				"down": {"uv": [0, 1, 5, 4], "texture": "#0"}
			}
		},
		{
			"from": [6.71027, 3, 1.83674],
			"to": [9.71027, 4, 2.83674],
			"rotation": {"angle": 22.5, "axis": "y", "origin": [9.54902, 2.5, 8.27676]},
			"faces": {
				"north": {"uv": [5, 1, 6, 4], "rotation": 90, "texture": "#0"},
				"east": {"uv": [7, 4, 6, 3], "rotation": 90, "texture": "#0"},
				"south": {"uv": [6, 1, 7, 4], "rotation": 90, "texture": "#0"},
				"west": {"uv": [6, 3, 7, 4], "rotation": 90, "texture": "#0"},
				"up": {"uv": [1, 0, 4, 1], "texture": "#0"},
				"down": {"uv": [1, 0, 4, 1], "texture": "#0"}
			}
		},
		{
			"from": [6.71027, 3, 5.83674],
			"to": [9.71027, 4, 6.83674],
			"rotation": {"angle": 22.5, "axis": "y", "origin": [9.54902, 2.5, 8.27676]},
			"faces": {
				"north": {"uv": [6, 1, 7, 4], "rotation": 90, "texture": "#0"},
				"east": {"uv": [7, 4, 6, 3], "rotation": 90, "texture": "#0"},
				"south": {"uv": [6, 4, 7, 1], "rotation": 90, "texture": "#0"},
				"west": {"uv": [6, 3, 7, 4], "rotation": 90, "texture": "#0"},
				"up": {"uv": [1, 4, 4, 5], "texture": "#0"},
				"down": {"uv": [1, 4, 4, 5], "texture": "#0"}
			}
		},
		{
			"from": [3.734, 4, 6.86551],
			"to": [6.734, 5, 11.86551],
			"rotation": {"angle": -22.5, "axis": "y", "origin": [9.17402, 2.5, 8.65176]},
			"faces": {
				"north": {"uv": [6, 4, 5, 1], "rotation": 90, "texture": "#0"},
				"east": {"uv": [6, 2, 7, 3], "texture": "#0"},
				"south": {"uv": [6, 1, 7, 4], "rotation": 90, "texture": "#0"},
				"west": {"uv": [6, 3, 7, 4], "texture": "#0"},
				"up": {"uv": [0, 1, 5, 4], "rotation": 270, "texture": "#0"},
				"down": {"uv": [0, 1, 5, 4], "rotation": 90, "texture": "#0"}
			}
		},
		{
			"from": [2.734, 4, 7.86551],
			"to": [3.734, 5, 10.86551],
			"rotation": {"angle": -22.5, "axis": "y", "origin": [9.17402, 2.5, 8.65176]},
			"faces": {
				"north": {"uv": [7, 4, 6, 3], "rotation": 90, "texture": "#0"},
				"east": {"uv": [6, 1, 7, 4], "rotation": 90, "texture": "#0"},
				"south": {"uv": [6, 3, 7, 4], "rotation": 90, "texture": "#0"},
				"west": {"uv": [5, 1, 6, 4], "rotation": 90, "texture": "#0"},
				"up": {"uv": [1, 0, 4, 1], "rotation": 270, "texture": "#0"},
				"down": {"uv": [1, 0, 4, 1], "rotation": 90, "texture": "#0"}
			}
		},
		{
			"from": [6.734, 4, 7.86551],
			"to": [7.734, 5, 10.86551],
			"rotation": {"angle": -22.5, "axis": "y", "origin": [9.17402, 2.5, 8.65176]},
			"faces": {
				"north": {"uv": [7, 4, 6, 3], "rotation": 90, "texture": "#0"},
				"east": {"uv": [6, 4, 7, 1], "rotation": 90, "texture": "#0"},
				"south": {"uv": [6, 3, 7, 4], "rotation": 90, "texture": "#0"},
				"west": {"uv": [6, 1, 7, 4], "rotation": 90, "texture": "#0"},
				"up": {"uv": [1, 4, 4, 5], "rotation": 270, "texture": "#0"},
				"down": {"uv": [1, 4, 4, 5], "rotation": 90, "texture": "#0"}
			}
		},
		{
			"from": [5.01277, 4, 3.84177],
			"to": [10.01277, 5, 6.84177],
			"rotation": {"angle": -45, "axis": "y", "origin": [9.17402, 2.5, 8.65176]},
			"faces": {
				"north": {"uv": [6, 2, 7, 3], "texture": "#0"},
				"east": {"uv": [6, 1, 7, 4], "rotation": 90, "texture": "#0"},
				"south": {"uv": [6, 3, 7, 4], "texture": "#0"},
				"west": {"uv": [6, 4, 5, 1], "rotation": 90, "texture": "#0"},
				"up": {"uv": [0, 1, 5, 4], "rotation": 180, "texture": "#0"},
				"down": {"uv": [0, 1, 5, 4], "rotation": 180, "texture": "#0"}
			}
		},
		{
			"from": [6.01277, 4, 6.84177],
			"to": [9.01277, 5, 7.84177],
			"rotation": {"angle": -45, "axis": "y", "origin": [9.17402, 2.5, 8.65176]},
			"faces": {
				"north": {"uv": [6, 1, 7, 4], "rotation": 90, "texture": "#0"},
				"east": {"uv": [6, 3, 7, 4], "rotation": 90, "texture": "#0"},
				"south": {"uv": [5, 1, 6, 4], "rotation": 90, "texture": "#0"},
				"west": {"uv": [7, 4, 6, 3], "rotation": 90, "texture": "#0"},
				"up": {"uv": [1, 0, 4, 1], "rotation": 180, "texture": "#0"},
				"down": {"uv": [1, 0, 4, 1], "rotation": 180, "texture": "#0"}
			}
		},
		{
			"from": [6.01277, 4, 2.84177],
			"to": [9.01277, 5, 3.84177],
			"rotation": {"angle": -45, "axis": "y", "origin": [9.17402, 2.5, 8.65176]},
			"faces": {
				"north": {"uv": [6, 4, 7, 1], "rotation": 90, "texture": "#0"},
				"east": {"uv": [6, 3, 7, 4], "rotation": 90, "texture": "#0"},
				"south": {"uv": [6, 1, 7, 4], "rotation": 90, "texture": "#0"},
				"west": {"uv": [7, 4, 6, 3], "rotation": 90, "texture": "#0"},
				"up": {"uv": [1, 4, 4, 5], "rotation": 180, "texture": "#0"},
				"down": {"uv": [1, 4, 4, 5], "rotation": 180, "texture": "#0"}
			}
		},
		{
			"from": [5.484, 5, 7.11551],
			"to": [8.484, 6, 12.11551],
			"rotation": {"angle": 0, "axis": "y", "origin": [9.17402, 2.5, 8.65176]},
			"faces": {
				"north": {"uv": [6, 4, 5, 1], "rotation": 90, "texture": "#0"},
				"east": {"uv": [6, 2, 7, 3], "texture": "#0"},
				"south": {"uv": [6, 1, 7, 4], "rotation": 90, "texture": "#0"},
				"west": {"uv": [6, 3, 7, 4], "texture": "#0"},
				"up": {"uv": [0, 1, 5, 4], "rotation": 270, "texture": "#0"},
				"down": {"uv": [0, 1, 5, 4], "rotation": 90, "texture": "#0"}
			}
		},
		{
			"from": [4.484, 5, 8.11551],
			"to": [5.484, 6, 11.11551],
			"rotation": {"angle": 0, "axis": "y", "origin": [9.17402, 2.5, 8.65176]},
			"faces": {
				"north": {"uv": [7, 4, 6, 3], "rotation": 90, "texture": "#0"},
				"east": {"uv": [6, 1, 7, 4], "rotation": 90, "texture": "#0"},
				"south": {"uv": [6, 3, 7, 4], "rotation": 90, "texture": "#0"},
				"west": {"uv": [5, 1, 6, 4], "rotation": 90, "texture": "#0"},
				"up": {"uv": [1, 0, 4, 1], "rotation": 270, "texture": "#0"},
				"down": {"uv": [1, 0, 4, 1], "rotation": 90, "texture": "#0"}
			}
		},
		{
			"from": [8.484, 5, 8.11551],
			"to": [9.484, 6, 11.11551],
			"rotation": {"angle": 0, "axis": "y", "origin": [9.17402, 2.5, 8.65176]},
			"faces": {
				"north": {"uv": [7, 4, 6, 3], "rotation": 90, "texture": "#0"},
				"east": {"uv": [6, 4, 7, 1], "rotation": 90, "texture": "#0"},
				"south": {"uv": [6, 3, 7, 4], "rotation": 90, "texture": "#0"},
				"west": {"uv": [6, 1, 7, 4], "rotation": 90, "texture": "#0"},
				"up": {"uv": [1, 4, 4, 5], "rotation": 270, "texture": "#0"},
				"down": {"uv": [1, 4, 4, 5], "rotation": 90, "texture": "#0"}
			}
		},
		{
			"from": [6.76961, 7, 6.37853],
			"to": [11.76961, 8, 9.37853],
			"rotation": {"angle": -22.5, "axis": "y", "origin": [7.01961, 7.5, 6.87853]},
			"faces": {
				"north": {"uv": [6, 2, 7, 3], "texture": "#0"},
				"east": {"uv": [6, 1, 7, 4], "rotation": 90, "texture": "#0"},
				"south": {"uv": [6, 3, 7, 4], "texture": "#0"},
				"west": {"uv": [6, 4, 5, 1], "rotation": 90, "texture": "#0"},
				"up": {"uv": [0, 1, 5, 4], "rotation": 180, "texture": "#0"},
				"down": {"uv": [0, 1, 5, 4], "rotation": 180, "texture": "#0"}
			}
		},
		{
			"from": [7.76961, 7, 9.37853],
			"to": [10.76961, 8, 10.37853],
			"rotation": {"angle": -22.5, "axis": "y", "origin": [7.01961, 7.5, 6.87853]},
			"faces": {
				"north": {"uv": [6, 1, 7, 4], "rotation": 90, "texture": "#0"},
				"east": {"uv": [6, 3, 7, 4], "rotation": 90, "texture": "#0"},
				"south": {"uv": [5, 1, 6, 4], "rotation": 90, "texture": "#0"},
				"west": {"uv": [7, 4, 6, 3], "rotation": 90, "texture": "#0"},
				"up": {"uv": [1, 0, 4, 1], "rotation": 180, "texture": "#0"},
				"down": {"uv": [1, 0, 4, 1], "rotation": 180, "texture": "#0"}
			}
		},
		{
			"from": [7.76961, 7, 5.37853],
			"to": [10.76961, 8, 6.37853],
			"rotation": {"angle": -22.5, "axis": "y", "origin": [7.01961, 7.5, 6.87853]},
			"faces": {
				"north": {"uv": [6, 4, 7, 1], "rotation": 90, "texture": "#0"},
				"east": {"uv": [6, 3, 7, 4], "rotation": 90, "texture": "#0"},
				"south": {"uv": [6, 1, 7, 4], "rotation": 90, "texture": "#0"},
				"west": {"uv": [7, 4, 6, 3], "rotation": 90, "texture": "#0"},
				"up": {"uv": [1, 4, 4, 5], "rotation": 180, "texture": "#0"},
				"down": {"uv": [1, 4, 4, 5], "rotation": 180, "texture": "#0"}
			}
		},
		{
			"from": [8.484, 4, 8.11551],
			"to": [11.484, 5, 13.11551],
			"rotation": {"angle": 0, "axis": "y", "origin": [9.17402, 2.5, 8.65176]},
			"faces": {
				"north": {"uv": [6, 4, 5, 1], "rotation": 90, "texture": "#0"},
				"east": {"uv": [6, 2, 7, 3], "texture": "#0"},
				"south": {"uv": [6, 1, 7, 4], "rotation": 90, "texture": "#0"},
				"west": {"uv": [6, 3, 7, 4], "texture": "#0"},
				"up": {"uv": [0, 1, 5, 4], "rotation": 270, "texture": "#0"},
				"down": {"uv": [0, 1, 5, 4], "rotation": 90, "texture": "#0"}
			}
		},
		{
			"from": [7.484, 4, 9.11551],
			"to": [8.484, 5, 12.11551],
			"rotation": {"angle": 0, "axis": "y", "origin": [9.17402, 2.5, 8.65176]},
			"faces": {
				"north": {"uv": [7, 4, 6, 3], "rotation": 90, "texture": "#0"},
				"east": {"uv": [6, 1, 7, 4], "rotation": 90, "texture": "#0"},
				"south": {"uv": [6, 3, 7, 4], "rotation": 90, "texture": "#0"},
				"west": {"uv": [5, 1, 6, 4], "rotation": 90, "texture": "#0"},
				"up": {"uv": [1, 0, 4, 1], "rotation": 270, "texture": "#0"},
				"down": {"uv": [1, 0, 4, 1], "rotation": 90, "texture": "#0"}
			}
		},
		{
			"from": [11.484, 4, 9.11551],
			"to": [12.484, 5, 12.11551],
			"rotation": {"angle": 0, "axis": "y", "origin": [9.17402, 2.5, 8.65176]},
			"faces": {
				"north": {"uv": [7, 4, 6, 3], "rotation": 90, "texture": "#0"},
				"east": {"uv": [6, 4, 7, 1], "rotation": 90, "texture": "#0"},
				"south": {"uv": [6, 3, 7, 4], "rotation": 90, "texture": "#0"},
				"west": {"uv": [6, 1, 7, 4], "rotation": 90, "texture": "#0"},
				"up": {"uv": [1, 4, 4, 5], "rotation": 270, "texture": "#0"},
				"down": {"uv": [1, 4, 4, 5], "rotation": 90, "texture": "#0"}
			}
		},
		{
			"from": [8.68371, 5, 4.45351],
			"to": [13.68371, 6, 7.45351],
			"rotation": {"angle": 22.5, "axis": "y", "origin": [10.68371, 5.5, 7.07851]},
			"faces": {
				"north": {"uv": [6, 3, 7, 4], "texture": "#0"},
				"east": {"uv": [6, 4, 5, 1], "rotation": 90, "texture": "#0"},
				"south": {"uv": [6, 2, 7, 3], "texture": "#0"},
				"west": {"uv": [6, 1, 7, 4], "rotation": 90, "texture": "#0"},
				"up": {"uv": [0, 1, 5, 4], "texture": "#0"},
				"down": {"uv": [0, 1, 5, 4], "texture": "#0"}
			}
		},
		{
			"from": [9.68371, 5, 3.45351],
			"to": [12.68371, 6, 4.45351],
			"rotation": {"angle": 22.5, "axis": "y", "origin": [10.68371, 5.5, 7.07851]},
			"faces": {
				"north": {"uv": [5, 1, 6, 4], "rotation": 90, "texture": "#0"},
				"east": {"uv": [7, 4, 6, 3], "rotation": 90, "texture": "#0"},
				"south": {"uv": [6, 1, 7, 4], "rotation": 90, "texture": "#0"},
				"west": {"uv": [6, 3, 7, 4], "rotation": 90, "texture": "#0"},
				"up": {"uv": [1, 0, 4, 1], "texture": "#0"},
				"down": {"uv": [1, 0, 4, 1], "texture": "#0"}
			}
		},
		{
			"from": [9.68371, 5, 7.45351],
			"to": [12.68371, 6, 8.45351],
			"rotation": {"angle": 22.5, "axis": "y", "origin": [10.68371, 5.5, 7.07851]},
			"faces": {
				"north": {"uv": [6, 1, 7, 4], "rotation": 90, "texture": "#0"},
				"east": {"uv": [7, 4, 6, 3], "rotation": 90, "texture": "#0"},
				"south": {"uv": [6, 4, 7, 1], "rotation": 90, "texture": "#0"},
				"west": {"uv": [6, 3, 7, 4], "rotation": 90, "texture": "#0"},
				"up": {"uv": [1, 4, 4, 5], "texture": "#0"},
				"down": {"uv": [1, 4, 4, 5], "texture": "#0"}
			}
		},
		{
			"from": [1.875, 2, 3.5],
			"to": [6.875, 3, 6.5],
			"rotation": {"angle": -22.5, "axis": "y", "origin": [5.54902, 2.5, 7.27676]},
			"faces": {
				"north": {"uv": [6, 2, 7, 3], "texture": "#0"},
				"east": {"uv": [6, 1, 7, 4], "rotation": 90, "texture": "#0"},
				"south": {"uv": [6, 3, 7, 4], "texture": "#0"},
				"west": {"uv": [6, 4, 5, 1], "rotation": 90, "texture": "#0"},
				"up": {"uv": [0, 1, 5, 4], "rotation": 180, "texture": "#0"},
				"down": {"uv": [0, 1, 5, 4], "rotation": 180, "texture": "#0"}
			}
		},
		{
			"from": [2.875, 2, 6.5],
			"to": [5.875, 3, 7.5],
			"rotation": {"angle": -22.5, "axis": "y", "origin": [5.54902, 2.5, 7.27676]},
			"faces": {
				"north": {"uv": [6, 1, 7, 4], "rotation": 90, "texture": "#0"},
				"east": {"uv": [6, 3, 7, 4], "rotation": 90, "texture": "#0"},
				"south": {"uv": [5, 1, 6, 4], "rotation": 90, "texture": "#0"},
				"west": {"uv": [7, 4, 6, 3], "rotation": 90, "texture": "#0"},
				"up": {"uv": [1, 0, 4, 1], "rotation": 180, "texture": "#0"},
				"down": {"uv": [1, 0, 4, 1], "rotation": 180, "texture": "#0"}
			}
		},
		{
			"from": [2.875, 2, 2.5],
			"to": [5.875, 3, 3.5],
			"rotation": {"angle": -22.5, "axis": "y", "origin": [5.54902, 2.5, 7.27676]},
			"faces": {
				"north": {"uv": [6, 4, 7, 1], "rotation": 90, "texture": "#0"},
				"east": {"uv": [6, 3, 7, 4], "rotation": 90, "texture": "#0"},
				"south": {"uv": [6, 1, 7, 4], "rotation": 90, "texture": "#0"},
				"west": {"uv": [7, 4, 6, 3], "rotation": 90, "texture": "#0"},
				"up": {"uv": [1, 4, 4, 5], "rotation": 180, "texture": "#0"},
				"down": {"uv": [1, 4, 4, 5], "rotation": 180, "texture": "#0"}
			}
		},
		{
			"from": [1.92223, 2, 8.84343],
			"to": [6.92223, 3, 11.84343],
			"rotation": {"angle": 0, "axis": "y", "origin": [5.54902, 2.5, 7.27676]},
			"faces": {
				"north": {"uv": [6, 2, 7, 3], "texture": "#0"},
				"east": {"uv": [6, 1, 7, 4], "rotation": 90, "texture": "#0"},
				"south": {"uv": [6, 3, 7, 4], "texture": "#0"},
				"west": {"uv": [6, 4, 5, 1], "rotation": 90, "texture": "#0"},
				"up": {"uv": [0, 1, 5, 4], "rotation": 180, "texture": "#0"},
				"down": {"uv": [0, 1, 5, 4], "rotation": 180, "texture": "#0"}
			}
		},
		{
			"from": [2.92223, 2, 11.84343],
			"to": [5.92223, 3, 12.84343],
			"rotation": {"angle": 0, "axis": "y", "origin": [5.54902, 2.5, 7.27676]},
			"faces": {
				"north": {"uv": [6, 1, 7, 4], "rotation": 90, "texture": "#0"},
				"east": {"uv": [6, 3, 7, 4], "rotation": 90, "texture": "#0"},
				"south": {"uv": [5, 1, 6, 4], "rotation": 90, "texture": "#0"},
				"west": {"uv": [7, 4, 6, 3], "rotation": 90, "texture": "#0"},
				"up": {"uv": [1, 0, 4, 1], "rotation": 180, "texture": "#0"},
				"down": {"uv": [1, 0, 4, 1], "rotation": 180, "texture": "#0"}
			}
		},
		{
			"from": [2.92223, 2, 7.84343],
			"to": [5.92223, 3, 8.84343],
			"rotation": {"angle": 0, "axis": "y", "origin": [5.54902, 2.5, 7.27676]},
			"faces": {
				"north": {"uv": [6, 4, 7, 1], "rotation": 90, "texture": "#0"},
				"east": {"uv": [6, 3, 7, 4], "rotation": 90, "texture": "#0"},
				"south": {"uv": [6, 1, 7, 4], "rotation": 90, "texture": "#0"},
				"west": {"uv": [7, 4, 6, 3], "rotation": 90, "texture": "#0"},
				"up": {"uv": [1, 4, 4, 5], "rotation": 180, "texture": "#0"},
				"down": {"uv": [1, 4, 4, 5], "rotation": 180, "texture": "#0"}
			}
		},
		{
			"from": [9.22304, 2, 9.05352],
			"to": [14.22304, 3, 12.05352],
			"rotation": {"angle": -22.5, "axis": "y", "origin": [10.54902, 2.5, 8.27676]},
			"faces": {
				"north": {"uv": [6, 3, 7, 4], "texture": "#0"},
				"east": {"uv": [6, 4, 5, 1], "rotation": 90, "texture": "#0"},
				"south": {"uv": [6, 2, 7, 3], "texture": "#0"},
				"west": {"uv": [6, 1, 7, 4], "rotation": 90, "texture": "#0"},
				"up": {"uv": [0, 1, 5, 4], "texture": "#0"},
				"down": {"uv": [0, 1, 5, 4], "texture": "#0"}
			}
		},
		{
			"from": [10.22304, 2, 8.05352],
			"to": [13.22304, 3, 9.05352],
			"rotation": {"angle": -22.5, "axis": "y", "origin": [10.54902, 2.5, 8.27676]},
			"faces": {
				"north": {"uv": [5, 1, 6, 4], "rotation": 90, "texture": "#0"},
				"east": {"uv": [7, 4, 6, 3], "rotation": 90, "texture": "#0"},
				"south": {"uv": [6, 1, 7, 4], "rotation": 90, "texture": "#0"},
				"west": {"uv": [6, 3, 7, 4], "rotation": 90, "texture": "#0"},
				"up": {"uv": [1, 0, 4, 1], "texture": "#0"},
				"down": {"uv": [1, 0, 4, 1], "texture": "#0"}
			}
		},
		{
			"from": [10.22304, 2, 12.05352],
			"to": [13.22304, 3, 13.05352],
			"rotation": {"angle": -22.5, "axis": "y", "origin": [10.54902, 2.5, 8.27676]},
			"faces": {
				"north": {"uv": [6, 1, 7, 4], "rotation": 90, "texture": "#0"},
				"east": {"uv": [7, 4, 6, 3], "rotation": 90, "texture": "#0"},
				"south": {"uv": [6, 4, 7, 1], "rotation": 90, "texture": "#0"},
				"west": {"uv": [6, 3, 7, 4], "rotation": 90, "texture": "#0"},
				"up": {"uv": [1, 4, 4, 5], "texture": "#0"},
				"down": {"uv": [1, 4, 4, 5], "texture": "#0"}
			}
		},
		{
			"from": [5.68371, 6, 1.70351],
			"to": [10.68371, 7, 4.70351],
			"rotation": {"angle": 45, "axis": "y", "origin": [10.68371, 5.5, 4.07851]},
			"faces": {
				"north": {"uv": [6, 2, 7, 3], "texture": "#0"},
				"east": {"uv": [6, 1, 7, 4], "rotation": 90, "texture": "#0"},
				"south": {"uv": [6, 3, 7, 4], "texture": "#0"},
				"west": {"uv": [6, 4, 5, 1], "rotation": 90, "texture": "#0"},
				"up": {"uv": [0, 1, 5, 4], "rotation": 180, "texture": "#0"},
				"down": {"uv": [0, 1, 5, 4], "rotation": 180, "texture": "#0"}
			}
		},
		{
			"from": [6.68371, 6, 4.70351],
			"to": [9.68371, 7, 5.70351],
			"rotation": {"angle": 45, "axis": "y", "origin": [10.68371, 5.5, 4.07851]},
			"faces": {
				"north": {"uv": [6, 1, 7, 4], "rotation": 90, "texture": "#0"},
				"east": {"uv": [6, 3, 7, 4], "rotation": 90, "texture": "#0"},
				"south": {"uv": [5, 1, 6, 4], "rotation": 90, "texture": "#0"},
				"west": {"uv": [7, 4, 6, 3], "rotation": 90, "texture": "#0"},
				"up": {"uv": [1, 0, 4, 1], "rotation": 180, "texture": "#0"},
				"down": {"uv": [1, 0, 4, 1], "rotation": 180, "texture": "#0"}
			}
		},
		{
			"from": [6.68371, 6, 0.70351],
			"to": [9.68371, 7, 1.70351],
			"rotation": {"angle": 45, "axis": "y", "origin": [10.68371, 5.5, 4.07851]},
			"faces": {
				"north": {"uv": [6, 4, 7, 1], "rotation": 90, "texture": "#0"},
				"east": {"uv": [6, 3, 7, 4], "rotation": 90, "texture": "#0"},
				"south": {"uv": [6, 1, 7, 4], "rotation": 90, "texture": "#0"},
				"west": {"uv": [7, 4, 6, 3], "rotation": 90, "texture": "#0"},
				"up": {"uv": [1, 4, 4, 5], "rotation": 180, "texture": "#0"},
				"down": {"uv": [1, 4, 4, 5], "rotation": 180, "texture": "#0"}
			}
		},
		{
			"from": [5.93371, 8, 4.95351],
			"to": [10.93371, 9, 7.95351],
			"rotation": {"angle": 22.5, "axis": "y", "origin": [10.68371, 5.5, 6.07851]},
			"faces": {
				"north": {"uv": [6, 3, 7, 4], "texture": "#0"},
				"east": {"uv": [6, 4, 5, 1], "rotation": 90, "texture": "#0"},
				"south": {"uv": [6, 2, 7, 3], "texture": "#0"},
				"west": {"uv": [6, 1, 7, 4], "rotation": 90, "texture": "#0"},
				"up": {"uv": [0, 1, 5, 4], "texture": "#0"},
				"down": {"uv": [0, 1, 5, 4], "texture": "#0"}
			}
		},
		{
			"from": [6.93371, 8, 3.95351],
			"to": [9.93371, 9, 4.95351],
			"rotation": {"angle": 22.5, "axis": "y", "origin": [10.68371, 5.5, 6.07851]},
			"faces": {
				"north": {"uv": [5, 1, 6, 4], "rotation": 90, "texture": "#0"},
				"east": {"uv": [7, 4, 6, 3], "rotation": 90, "texture": "#0"},
				"south": {"uv": [6, 1, 7, 4], "rotation": 90, "texture": "#0"},
				"west": {"uv": [6, 3, 7, 4], "rotation": 90, "texture": "#0"},
				"up": {"uv": [1, 0, 4, 1], "texture": "#0"},
				"down": {"uv": [1, 0, 4, 1], "texture": "#0"}
			}
		},
		{
			"from": [6.93371, 8, 7.95351],
			"to": [9.93371, 9, 8.95351],
			"rotation": {"angle": 22.5, "axis": "y", "origin": [10.68371, 5.5, 6.07851]},
			"faces": {
				"north": {"uv": [6, 1, 7, 4], "rotation": 90, "texture": "#0"},
				"east": {"uv": [7, 4, 6, 3], "rotation": 90, "texture": "#0"},
				"south": {"uv": [6, 4, 7, 1], "rotation": 90, "texture": "#0"},
				"west": {"uv": [6, 3, 7, 4], "rotation": 90, "texture": "#0"},
				"up": {"uv": [1, 4, 4, 5], "texture": "#0"},
				"down": {"uv": [1, 4, 4, 5], "texture": "#0"}
			}
		},
		{
			"from": [5.984, 9, 4.11551],
			"to": [8.984, 10, 9.11551],
			"rotation": {"angle": 0, "axis": "y", "origin": [9.17402, 2.5, 7.65176]},
			"faces": {
				"north": {"uv": [6, 4, 5, 1], "rotation": 90, "texture": "#0"},
				"east": {"uv": [6, 2, 7, 3], "texture": "#0"},
				"south": {"uv": [6, 1, 7, 4], "rotation": 90, "texture": "#0"},
				"west": {"uv": [6, 3, 7, 4], "texture": "#0"},
				"up": {"uv": [0, 1, 5, 4], "rotation": 270, "texture": "#0"},
				"down": {"uv": [0, 1, 5, 4], "rotation": 90, "texture": "#0"}
			}
		},
		{
			"from": [4.984, 9, 5.11551],
			"to": [5.984, 10, 8.11551],
			"rotation": {"angle": 0, "axis": "y", "origin": [9.17402, 2.5, 7.65176]},
			"faces": {
				"north": {"uv": [7, 4, 6, 3], "rotation": 90, "texture": "#0"},
				"east": {"uv": [6, 1, 7, 4], "rotation": 90, "texture": "#0"},
				"south": {"uv": [6, 3, 7, 4], "rotation": 90, "texture": "#0"},
				"west": {"uv": [5, 1, 6, 4], "rotation": 90, "texture": "#0"},
				"up": {"uv": [1, 0, 4, 1], "rotation": 270, "texture": "#0"},
				"down": {"uv": [1, 0, 4, 1], "rotation": 90, "texture": "#0"}
			}
		},
		{
			"from": [8.984, 9, 5.11551],
			"to": [9.984, 10, 8.11551],
			"rotation": {"angle": 0, "axis": "y", "origin": [9.17402, 2.5, 7.65176]},
			"faces": {
				"north": {"uv": [7, 4, 6, 3], "rotation": 90, "texture": "#0"},
				"east": {"uv": [6, 4, 7, 1], "rotation": 90, "texture": "#0"},
				"south": {"uv": [6, 3, 7, 4], "rotation": 90, "texture": "#0"},
				"west": {"uv": [6, 1, 7, 4], "rotation": 90, "texture": "#0"},
				"up": {"uv": [1, 4, 4, 5], "rotation": 270, "texture": "#0"},
				"down": {"uv": [1, 4, 4, 5], "rotation": 90, "texture": "#0"}
			}
		},
		{
			"from": [8.734, 10, 5.61551],
			"to": [11.734, 11, 10.61551],
			"rotation": {"angle": 45, "axis": "y", "origin": [8.92402, 2.5, 9.15176]},
			"faces": {
				"north": {"uv": [6, 4, 5, 1], "rotation": 90, "texture": "#0"},
				"east": {"uv": [6, 2, 7, 3], "texture": "#0"},
				"south": {"uv": [6, 1, 7, 4], "rotation": 90, "texture": "#0"},
				"west": {"uv": [6, 3, 7, 4], "texture": "#0"},
				"up": {"uv": [0, 1, 5, 4], "rotation": 270, "texture": "#0"},
				"down": {"uv": [0, 1, 5, 4], "rotation": 90, "texture": "#0"}
			}
		},
		{
			"from": [7.734, 10, 6.61551],
			"to": [8.734, 11, 9.61551],
			"rotation": {"angle": 45, "axis": "y", "origin": [8.92402, 2.5, 9.15176]},
			"faces": {
				"north": {"uv": [7, 4, 6, 3], "rotation": 90, "texture": "#0"},
				"east": {"uv": [6, 1, 7, 4], "rotation": 90, "texture": "#0"},
				"south": {"uv": [6, 3, 7, 4], "rotation": 90, "texture": "#0"},
				"west": {"uv": [5, 1, 6, 4], "rotation": 90, "texture": "#0"},
				"up": {"uv": [1, 0, 4, 1], "rotation": 270, "texture": "#0"},
				"down": {"uv": [1, 0, 4, 1], "rotation": 90, "texture": "#0"}
			}
		},
		{
			"from": [11.734, 10, 6.61551],
			"to": [12.734, 11, 9.61551],
			"rotation": {"angle": 45, "axis": "y", "origin": [8.92402, 2.5, 9.15176]},
			"faces": {
				"north": {"uv": [7, 4, 6, 3], "rotation": 90, "texture": "#0"},
				"east": {"uv": [6, 4, 7, 1], "rotation": 90, "texture": "#0"},
				"south": {"uv": [6, 3, 7, 4], "rotation": 90, "texture": "#0"},
				"west": {"uv": [6, 1, 7, 4], "rotation": 90, "texture": "#0"},
				"up": {"uv": [1, 4, 4, 5], "rotation": 270, "texture": "#0"},
				"down": {"uv": [1, 4, 4, 5], "rotation": 90, "texture": "#0"}
			}
		},
		{
			"from": [1.22304, 1, 8.55352],
			"to": [6.22304, 2, 11.55352],
			"rotation": {"angle": -22.5, "axis": "y", "origin": [10.54902, 2.5, 7.77676]},
			"faces": {
				"north": {"uv": [6, 3, 7, 4], "texture": "#0"},
				"east": {"uv": [6, 4, 5, 1], "rotation": 90, "texture": "#0"},
				"south": {"uv": [6, 2, 7, 3], "texture": "#0"},
				"west": {"uv": [6, 1, 7, 4], "rotation": 90, "texture": "#0"},
				"up": {"uv": [0, 1, 5, 4], "texture": "#0"},
				"down": {"uv": [0, 1, 5, 4], "texture": "#0"}
			}
		},
		{
			"from": [2.22304, 1, 7.55352],
			"to": [5.22304, 2, 8.55352],
			"rotation": {"angle": -22.5, "axis": "y", "origin": [10.54902, 2.5, 7.77676]},
			"faces": {
				"north": {"uv": [5, 1, 6, 4], "rotation": 90, "texture": "#0"},
				"east": {"uv": [7, 4, 6, 3], "rotation": 90, "texture": "#0"},
				"south": {"uv": [6, 1, 7, 4], "rotation": 90, "texture": "#0"},
				"west": {"uv": [6, 3, 7, 4], "rotation": 90, "texture": "#0"},
				"up": {"uv": [1, 0, 4, 1], "texture": "#0"},
				"down": {"uv": [1, 0, 4, 1], "texture": "#0"}
			}
		},
		{
			"from": [2.22304, 1, 11.55352],
			"to": [5.22304, 2, 12.55352],
			"rotation": {"angle": -22.5, "axis": "y", "origin": [10.54902, 2.5, 7.77676]},
			"faces": {
				"north": {"uv": [6, 1, 7, 4], "rotation": 90, "texture": "#0"},
				"east": {"uv": [7, 4, 6, 3], "rotation": 90, "texture": "#0"},
				"south": {"uv": [6, 4, 7, 1], "rotation": 90, "texture": "#0"},
				"west": {"uv": [6, 3, 7, 4], "rotation": 90, "texture": "#0"},
				"up": {"uv": [1, 4, 4, 5], "texture": "#0"},
				"down": {"uv": [1, 4, 4, 5], "texture": "#0"}
			}
		},
		{
			"from": [6.11569, 1, 1.90355],
			"to": [9.11569, 2, 6.90355],
			"rotation": {"angle": -45, "axis": "y", "origin": [11.54902, 1.5, 8.27676]},
			"faces": {
				"north": {"uv": [6, 1, 7, 4], "rotation": 90, "texture": "#0"},
				"east": {"uv": [6, 3, 7, 4], "texture": "#0"},
				"south": {"uv": [6, 4, 5, 1], "rotation": 90, "texture": "#0"},
				"west": {"uv": [6, 2, 7, 3], "texture": "#0"},
				"up": {"uv": [0, 1, 5, 4], "rotation": 90, "texture": "#0"},
				"down": {"uv": [0, 1, 5, 4], "rotation": 270, "texture": "#0"}
			}
		},
		{
			"from": [9.11569, 1, 2.90355],
			"to": [10.11569, 2, 5.90355],
			"rotation": {"angle": -45, "axis": "y", "origin": [11.54902, 1.5, 8.27676]},
			"faces": {
				"north": {"uv": [6, 3, 7, 4], "rotation": 90, "texture": "#0"},
				"east": {"uv": [5, 1, 6, 4], "rotation": 90, "texture": "#0"},
				"south": {"uv": [7, 4, 6, 3], "rotation": 90, "texture": "#0"},
				"west": {"uv": [6, 1, 7, 4], "rotation": 90, "texture": "#0"},
				"up": {"uv": [1, 0, 4, 1], "rotation": 90, "texture": "#0"},
				"down": {"uv": [1, 0, 4, 1], "rotation": 270, "texture": "#0"}
			}
		},
		{
			"from": [5.11569, 1, 2.90355],
			"to": [6.11569, 2, 5.90355],
			"rotation": {"angle": -45, "axis": "y", "origin": [11.54902, 1.5, 8.27676]},
			"faces": {
				"north": {"uv": [6, 3, 7, 4], "rotation": 90, "texture": "#0"},
				"east": {"uv": [6, 1, 7, 4], "rotation": 90, "texture": "#0"},
				"south": {"uv": [7, 4, 6, 3], "rotation": 90, "texture": "#0"},
				"west": {"uv": [6, 4, 7, 1], "rotation": 90, "texture": "#0"},
				"up": {"uv": [1, 4, 4, 5], "rotation": 90, "texture": "#0"},
				"down": {"uv": [1, 4, 4, 5], "rotation": 270, "texture": "#0"}
			}
		},
		{
			"from": [12.61569, 1, 3.90355],
			"to": [15.61569, 2, 8.90355],
			"rotation": {"angle": 22.5, "axis": "y", "origin": [18.04902, 1.5, 10.27676]},
			"faces": {
				"north": {"uv": [6, 1, 7, 4], "rotation": 90, "texture": "#0"},
				"east": {"uv": [6, 3, 7, 4], "texture": "#0"},
				"south": {"uv": [6, 4, 5, 1], "rotation": 90, "texture": "#0"},
				"west": {"uv": [6, 2, 7, 3], "texture": "#0"},
				"up": {"uv": [0, 1, 5, 4], "rotation": 90, "texture": "#0"},
				"down": {"uv": [0, 1, 5, 4], "rotation": 270, "texture": "#0"}
			}
		},
		{
			"from": [15.61569, 1, 4.90355],
			"to": [16.61569, 2, 7.90355],
			"rotation": {"angle": 22.5, "axis": "y", "origin": [18.04902, 1.5, 10.27676]},
			"faces": {
				"north": {"uv": [6, 3, 7, 4], "rotation": 90, "texture": "#0"},
				"east": {"uv": [5, 1, 6, 4], "rotation": 90, "texture": "#0"},
				"south": {"uv": [7, 4, 6, 3], "rotation": 90, "texture": "#0"},
				"west": {"uv": [6, 1, 7, 4], "rotation": 90, "texture": "#0"},
				"up": {"uv": [1, 0, 4, 1], "rotation": 90, "texture": "#0"},
				"down": {"uv": [1, 0, 4, 1], "rotation": 270, "texture": "#0"}
			}
		},
		{
			"from": [11.61569, 1, 4.90355],
			"to": [12.61569, 2, 7.90355],
			"rotation": {"angle": 22.5, "axis": "y", "origin": [18.04902, 1.5, 10.27676]},
			"faces": {
				"north": {"uv": [6, 3, 7, 4], "rotation": 90, "texture": "#0"},
				"east": {"uv": [6, 1, 7, 4], "rotation": 90, "texture": "#0"},
				"south": {"uv": [7, 4, 6, 3], "rotation": 90, "texture": "#0"},
				"west": {"uv": [6, 4, 7, 1], "rotation": 90, "texture": "#0"},
				"up": {"uv": [1, 4, 4, 5], "rotation": 90, "texture": "#0"},
				"down": {"uv": [1, 4, 4, 5], "rotation": 270, "texture": "#0"}
			}
		},
		{
			"from": [4.61569, 1, 8.90355],
			"to": [7.61569, 2, 13.90355],
			"rotation": {"angle": 0, "axis": "y", "origin": [10.04902, 1.5, 15.27676]},
			"faces": {
				"north": {"uv": [6, 1, 7, 4], "rotation": 90, "texture": "#0"},
				"east": {"uv": [6, 3, 7, 4], "texture": "#0"},
				"south": {"uv": [6, 4, 5, 1], "rotation": 90, "texture": "#0"},
				"west": {"uv": [6, 2, 7, 3], "texture": "#0"},
				"up": {"uv": [0, 1, 5, 4], "rotation": 90, "texture": "#0"},
				"down": {"uv": [0, 1, 5, 4], "rotation": 270, "texture": "#0"}
			}
		},
		{
			"from": [7.61569, 1, 9.90355],
			"to": [8.61569, 2, 12.90355],
			"rotation": {"angle": 0, "axis": "y", "origin": [10.04902, 1.5, 15.27676]},
			"faces": {
				"north": {"uv": [6, 3, 7, 4], "rotation": 90, "texture": "#0"},
				"east": {"uv": [5, 1, 6, 4], "rotation": 90, "texture": "#0"},
				"south": {"uv": [7, 4, 6, 3], "rotation": 90, "texture": "#0"},
				"west": {"uv": [6, 1, 7, 4], "rotation": 90, "texture": "#0"},
				"up": {"uv": [1, 0, 4, 1], "rotation": 90, "texture": "#0"},
				"down": {"uv": [1, 0, 4, 1], "rotation": 270, "texture": "#0"}
			}
		},
		{
			"from": [3.61569, 1, 9.90355],
			"to": [4.61569, 2, 12.90355],
			"rotation": {"angle": 0, "axis": "y", "origin": [10.04902, 1.5, 15.27676]},
			"faces": {
				"north": {"uv": [6, 3, 7, 4], "rotation": 90, "texture": "#0"},
				"east": {"uv": [6, 1, 7, 4], "rotation": 90, "texture": "#0"},
				"south": {"uv": [7, 4, 6, 3], "rotation": 90, "texture": "#0"},
				"west": {"uv": [6, 4, 7, 1], "rotation": 90, "texture": "#0"},
				"up": {"uv": [1, 4, 4, 5], "rotation": 90, "texture": "#0"},
				"down": {"uv": [1, 4, 4, 5], "rotation": 270, "texture": "#0"}
			}
		},
		{
			"from": [11.73235, 1, 9.64997],
			"to": [14.73235, 2, 14.64997],
			"rotation": {"angle": -22.5, "axis": "y", "origin": [9.29902, 1.5, 8.27676]},
			"faces": {
				"north": {"uv": [6, 4, 5, 1], "rotation": 90, "texture": "#0"},
				"east": {"uv": [6, 2, 7, 3], "texture": "#0"},
				"south": {"uv": [6, 1, 7, 4], "rotation": 90, "texture": "#0"},
				"west": {"uv": [6, 3, 7, 4], "texture": "#0"},
				"up": {"uv": [0, 1, 5, 4], "rotation": 270, "texture": "#0"},
				"down": {"uv": [0, 1, 5, 4], "rotation": 90, "texture": "#0"}
			}
		},
		{
			"from": [10.73235, 1, 10.64997],
			"to": [11.73235, 2, 13.64997],
			"rotation": {"angle": -22.5, "axis": "y", "origin": [9.29902, 1.5, 8.27676]},
			"faces": {
				"north": {"uv": [7, 4, 6, 3], "rotation": 90, "texture": "#0"},
				"east": {"uv": [6, 1, 7, 4], "rotation": 90, "texture": "#0"},
				"south": {"uv": [6, 3, 7, 4], "rotation": 90, "texture": "#0"},
				"west": {"uv": [5, 1, 6, 4], "rotation": 90, "texture": "#0"},
				"up": {"uv": [1, 0, 4, 1], "rotation": 270, "texture": "#0"},
				"down": {"uv": [1, 0, 4, 1], "rotation": 90, "texture": "#0"}
			}
		},
		{
			"from": [14.73235, 1, 10.64997],
			"to": [15.73235, 2, 13.64997],
			"rotation": {"angle": -22.5, "axis": "y", "origin": [9.29902, 1.5, 8.27676]},
			"faces": {
				"north": {"uv": [7, 4, 6, 3], "rotation": 90, "texture": "#0"},
				"east": {"uv": [6, 4, 7, 1], "rotation": 90, "texture": "#0"},
				"south": {"uv": [6, 3, 7, 4], "rotation": 90, "texture": "#0"},
				"west": {"uv": [6, 1, 7, 4], "rotation": 90, "texture": "#0"},
				"up": {"uv": [1, 4, 4, 5], "rotation": 270, "texture": "#0"},
				"down": {"uv": [1, 4, 4, 5], "rotation": 90, "texture": "#0"}
			}
		},
		{
			"from": [1.92223, 2, 8.84343],
			"to": [6.92223, 3, 11.84343],
			"rotation": {"angle": 0, "axis": "y", "origin": [5.54902, 2.5, 7.27676]},
			"faces": {
				"north": {"uv": [6, 2, 7, 3], "texture": "#0"},
				"east": {"uv": [6, 1, 7, 4], "rotation": 90, "texture": "#0"},
				"south": {"uv": [6, 3, 7, 4], "texture": "#0"},
				"west": {"uv": [6, 4, 5, 1], "rotation": 90, "texture": "#0"},
				"up": {"uv": [0, 1, 5, 4], "rotation": 180, "texture": "#0"},
				"down": {"uv": [0, 1, 5, 4], "rotation": 180, "texture": "#0"}
			}
		},
		{
			"from": [2.92223, 2, 11.84343],
			"to": [5.92223, 3, 12.84343],
			"rotation": {"angle": 0, "axis": "y", "origin": [5.54902, 2.5, 7.27676]},
			"faces": {
				"north": {"uv": [6, 1, 7, 4], "rotation": 90, "texture": "#0"},
				"east": {"uv": [6, 3, 7, 4], "rotation": 90, "texture": "#0"},
				"south": {"uv": [5, 1, 6, 4], "rotation": 90, "texture": "#0"},
				"west": {"uv": [7, 4, 6, 3], "rotation": 90, "texture": "#0"},
				"up": {"uv": [1, 0, 4, 1], "rotation": 180, "texture": "#0"},
				"down": {"uv": [1, 0, 4, 1], "rotation": 180, "texture": "#0"}
			}
		},
		{
			"from": [2.92223, 2, 7.84343],
			"to": [5.92223, 3, 8.84343],
			"rotation": {"angle": 0, "axis": "y", "origin": [5.54902, 2.5, 7.27676]},
			"faces": {
				"north": {"uv": [6, 4, 7, 1], "rotation": 90, "texture": "#0"},
				"east": {"uv": [6, 3, 7, 4], "rotation": 90, "texture": "#0"},
				"south": {"uv": [6, 1, 7, 4], "rotation": 90, "texture": "#0"},
				"west": {"uv": [7, 4, 6, 3], "rotation": 90, "texture": "#0"},
				"up": {"uv": [1, 4, 4, 5], "rotation": 180, "texture": "#0"},
				"down": {"uv": [1, 4, 4, 5], "rotation": 180, "texture": "#0"}
			}
		},
		{
			"from": [8.875, 2, 3.5],
			"to": [13.875, 3, 6.5],
			"rotation": {"angle": 0, "axis": "y", "origin": [12.54902, 2.5, 7.27676]},
			"faces": {
				"north": {"uv": [6, 2, 7, 3], "texture": "#0"},
				"east": {"uv": [6, 1, 7, 4], "rotation": 90, "texture": "#0"},
				"south": {"uv": [6, 3, 7, 4], "texture": "#0"},
				"west": {"uv": [6, 4, 5, 1], "rotation": 90, "texture": "#0"},
				"up": {"uv": [0, 1, 5, 4], "rotation": 180, "texture": "#0"},
				"down": {"uv": [0, 1, 5, 4], "rotation": 180, "texture": "#0"}
			}
		},
		{
			"from": [9.875, 2, 6.5],
			"to": [12.875, 3, 7.5],
			"rotation": {"angle": 0, "axis": "y", "origin": [12.54902, 2.5, 7.27676]},
			"faces": {
				"north": {"uv": [6, 1, 7, 4], "rotation": 90, "texture": "#0"},
				"east": {"uv": [6, 3, 7, 4], "rotation": 90, "texture": "#0"},
				"south": {"uv": [5, 1, 6, 4], "rotation": 90, "texture": "#0"},
				"west": {"uv": [7, 4, 6, 3], "rotation": 90, "texture": "#0"},
				"up": {"uv": [1, 0, 4, 1], "rotation": 180, "texture": "#0"},
				"down": {"uv": [1, 0, 4, 1], "rotation": 180, "texture": "#0"}
			}
		},
		{
			"from": [9.875, 2, 2.5],
			"to": [12.875, 3, 3.5],
			"rotation": {"angle": 0, "axis": "y", "origin": [12.54902, 2.5, 7.27676]},
			"faces": {
				"north": {"uv": [6, 4, 7, 1], "rotation": 90, "texture": "#0"},
				"east": {"uv": [6, 3, 7, 4], "rotation": 90, "texture": "#0"},
				"south": {"uv": [6, 1, 7, 4], "rotation": 90, "texture": "#0"},
				"west": {"uv": [7, 4, 6, 3], "rotation": 90, "texture": "#0"},
				"up": {"uv": [1, 4, 4, 5], "rotation": 180, "texture": "#0"},
				"down": {"uv": [1, 4, 4, 5], "rotation": 180, "texture": "#0"}
			}
		},
		{
			"from": [7.68371, 6, 8.45351],
			"to": [12.68371, 7, 11.45351],
			"rotation": {"angle": -22.5, "axis": "y", "origin": [7.68371, 5.5, 9.07851]},
			"faces": {
				"north": {"uv": [6, 3, 7, 4], "texture": "#0"},
				"east": {"uv": [6, 4, 5, 1], "rotation": 90, "texture": "#0"},
				"south": {"uv": [6, 2, 7, 3], "texture": "#0"},
				"west": {"uv": [6, 1, 7, 4], "rotation": 90, "texture": "#0"},
				"up": {"uv": [0, 1, 5, 4], "texture": "#0"},
				"down": {"uv": [0, 1, 5, 4], "texture": "#0"}
			}
		},
		{
			"from": [8.68371, 6, 7.45351],
			"to": [11.68371, 7, 8.45351],
			"rotation": {"angle": -22.5, "axis": "y", "origin": [7.68371, 5.5, 9.07851]},
			"faces": {
				"north": {"uv": [5, 1, 6, 4], "rotation": 90, "texture": "#0"},
				"east": {"uv": [7, 4, 6, 3], "rotation": 90, "texture": "#0"},
				"south": {"uv": [6, 1, 7, 4], "rotation": 90, "texture": "#0"},
				"west": {"uv": [6, 3, 7, 4], "rotation": 90, "texture": "#0"},
				"up": {"uv": [1, 0, 4, 1], "texture": "#0"},
				"down": {"uv": [1, 0, 4, 1], "texture": "#0"}
			}
		},
		{
			"from": [8.68371, 6, 11.45351],
			"to": [11.68371, 7, 12.45351],
			"rotation": {"angle": -22.5, "axis": "y", "origin": [7.68371, 5.5, 9.07851]},
			"faces": {
				"north": {"uv": [6, 1, 7, 4], "rotation": 90, "texture": "#0"},
				"east": {"uv": [7, 4, 6, 3], "rotation": 90, "texture": "#0"},
				"south": {"uv": [6, 4, 7, 1], "rotation": 90, "texture": "#0"},
				"west": {"uv": [6, 3, 7, 4], "rotation": 90, "texture": "#0"},
				"up": {"uv": [1, 4, 4, 5], "texture": "#0"},
				"down": {"uv": [1, 4, 4, 5], "texture": "#0"}
			}
		},
		{
			"from": [5.48583, 0, 3.48805],
			"to": [8.48583, 1, 8.48805],
			"rotation": {"angle": 22.5, "axis": "y", "origin": [12.54902, 1.5, 4.77676]},
			"faces": {
				"north": {"uv": [6, 1, 7, 4], "rotation": 90, "texture": "#0"},
				"east": {"uv": [6, 3, 7, 4], "texture": "#0"},
				"south": {"uv": [6, 4, 5, 1], "rotation": 90, "texture": "#0"},
				"west": {"uv": [6, 2, 7, 3], "texture": "#0"},
				"up": {"uv": [0, 1, 5, 4], "rotation": 90, "texture": "#0"},
				"down": {"uv": [0, 1, 5, 4], "rotation": 270, "texture": "#0"}
			}
		},
		{
			"from": [8.48583, 0, 4.48805],
			"to": [9.48583, 1, 7.48805],
			"rotation": {"angle": 22.5, "axis": "y", "origin": [12.54902, 1.5, 4.77676]},
			"faces": {
				"north": {"uv": [6, 3, 7, 4], "rotation": 90, "texture": "#0"},
				"east": {"uv": [5, 1, 6, 4], "rotation": 90, "texture": "#0"},
				"south": {"uv": [7, 4, 6, 3], "rotation": 90, "texture": "#0"},
				"west": {"uv": [6, 1, 7, 4], "rotation": 90, "texture": "#0"},
				"up": {"uv": [1, 0, 4, 1], "rotation": 90, "texture": "#0"},
				"down": {"uv": [1, 0, 4, 1], "rotation": 270, "texture": "#0"}
			}
		},
		{
			"from": [4.48583, 0, 4.48805],
			"to": [5.48583, 1, 7.48805],
			"rotation": {"angle": 22.5, "axis": "y", "origin": [12.54902, 1.5, 4.77676]},
			"faces": {
				"north": {"uv": [6, 3, 7, 4], "rotation": 90, "texture": "#0"},
				"east": {"uv": [6, 1, 7, 4], "rotation": 90, "texture": "#0"},
				"south": {"uv": [7, 4, 6, 3], "rotation": 90, "texture": "#0"},
				"west": {"uv": [6, 4, 7, 1], "rotation": 90, "texture": "#0"},
				"up": {"uv": [1, 4, 4, 5], "rotation": 90, "texture": "#0"},
				"down": {"uv": [1, 4, 4, 5], "rotation": 270, "texture": "#0"}
			}
		}
	],
	"display": {
		"thirdperson_righthand": {
			"rotation": [75, -135, 0],
			"translation": [0, 2.75, 2.5],
			"scale": [0.31, 0.31, 0.31]
		},
		"thirdperson_lefthand": {
			"rotation": [75, 135, 0],
			"translation": [0, 2.75, 2.5],
			"scale": [0.31, 0.31, 0.31]
		},
		"firstperson_righthand": {
			"rotation": [0, -135, 0],
			"translation": [0, 3.75, 0],
			"scale": [0.4, 0.4, 0.4]
		},
		"firstperson_lefthand": {
			"rotation": [0, -135, 0],
			"translation": [0, 3.75, 0],
			"scale": [0.4, 0.4, 0.4]
		},
		"ground": {
			"rotation": [0, 180, 0],
			"translation": [0, 5, 0]
		},
		"gui": {
			"rotation": [30, 45, 0],
			"translation": [1.5, 1.75, 0],
			"scale": [0.9, 0.9, 0.9]
		},
		"head": {
			"rotation": [0, 180, 0],
			"translation": [0, 13.75, 0],
			"scale": [0.9, 0.9, 0.9]
		},
		"fixed": {
			"rotation": [-90, 180, 0],
			"translation": [0, 0, -16],
			"scale": [2, 2, 2]
		}
	},
	"groups": [
		{
			"name": "group",
			"origin": [0, 0, 0],
			"color": 0,
			"children": [0, 1, 2]
		},
		{
			"name": "group",
			"origin": [0, 0, 0],
			"color": 0,
			"children": [3, 4, 5]
		},
		{
			"name": "group",
			"origin": [0, 0, 0],
			"color": 0,
			"children": [6, 7, 8]
		},
		{
			"name": "group",
			"origin": [0, 0, 0],
			"color": 0,
			"children": [9, 10, 11]
		},
		{
			"name": "group",
			"origin": [0, 0, 0],
			"color": 0,
			"children": [12, 13, 14]
		},
		{
			"name": "group",
			"origin": [0, 0, 0],
			"color": 0,
			"children": [15, 16, 17]
		},
		{
			"name": "group",
			"origin": [0, 0, 0],
			"color": 0,
			"children": [18, 19, 20]
		},
		{
			"name": "group",
			"origin": [0, 0, 0],
			"color": 0,
			"children": [21, 22, 23]
		},
		{
			"name": "group",
			"origin": [0, 0, 0],
			"color": 0,
			"children": [24, 25, 26]
		},
		{
			"name": "group",
			"origin": [0, 0, 0],
			"color": 0,
			"children": [27, 28, 29]
		},
		{
			"name": "group",
			"origin": [0, 0, 0],
			"color": 0,
			"children": [30, 31, 32]
		},
		{
			"name": "group",
			"origin": [0, 0, 0],
			"color": 0,
			"children": [33, 34, 35]
		},
		{
			"name": "group",
			"origin": [0, 0, 0],
			"color": 0,
			"children": [36, 37, 38]
		},
		{
			"name": "group",
			"origin": [0, 0, 0],
			"color": 0,
			"children": [39, 40, 41]
		},
		{
			"name": "group",
			"origin": [0, 0, 0],
			"color": 0,
			"children": [42, 43, 44]
		},
		{
			"name": "group",
			"origin": [0, 0, 0],
			"color": 0,
			"children": [45, 46, 47]
		},
		{
			"name": "group",
			"origin": [0, 0, 0],
			"color": 0,
			"children": [
				{
					"name": "group",
					"origin": [0, 0, 0],
					"color": 0,
					"children": [48, 49, 50]
				},
				51,
				52,
				53
			]
		},
		{
			"name": "group",
			"origin": [0, 0, 0],
			"color": 0,
			"children": [54, 55, 56]
		},
		{
			"name": "group",
			"origin": [0, 0, 0],
			"color": 0,
			"children": [57, 58, 59]
		},
		{
			"name": "group",
			"origin": [0, 0, 0],
			"color": 0,
			"children": [60, 61, 62]
		},
		{
			"name": "group",
			"origin": [0, 0, 0],
			"color": 0,
			"children": [63, 64, 65]
		},
		{
			"name": "group",
			"origin": [0, 0, 0],
			"color": 0,
			"children": [66, 67, 68]
		},
		{
			"name": "group",
			"origin": [0, 0, 0],
			"color": 0,
			"children": [69, 70, 71]
		},
		{
			"name": "group",
			"origin": [0, 0, 0],
			"color": 0,
			"children": [72, 73, 74]
		},
		{
			"name": "group",
			"origin": [0, 0, 0],
			"color": 0,
			"children": [75, 76, 77]
		},
		{
			"name": "group",
			"origin": [0, 0, 0],
			"color": 0,
			"children": [78, 79, 80]
		},
		{
			"name": "group",
			"origin": [0, 0, 0],
			"color": 0,
			"children": [81, 82, 83]
		},
		{
			"name": "group",
			"origin": [0, 0, 0],
			"color": 0,
			"children": [84, 85, 86]
		},
		{
			"name": "group",
			"origin": [0, 0, 0],
			"color": 0,
			"children": [87, 88, 89]
		},
		{
			"name": "group",
			"origin": [0, 0, 0],
			"color": 0,
			"children": [90, 91, 92]
		},
		{
			"name": "group",
			"origin": [0, 0, 0],
			"color": 0,
			"children": [93, 94, 95]
		}
	]
}