{
	"credit": "Made with Blockbench",
	"textures": {
		"0": "custom/block/cookie",
		"particle": "custom/block/cookie"
	},
	"elements": [
		{
			"from": [11.55081, 0, 6.21009],
			"to": [14.55081, 1, 11.21009],
			"rotation": {"angle": 22.5, "axis": "y", "origin": [8.04902, 1.5, 7.77676]},
			"faces": {
				"north": {"uv": [6, 1, 7, 4], "rotation": 90, "texture": "#0"},
				"east": {"uv": [6, 3, 7, 4], "texture": "#0"},
				"south": {"uv": [6, 4, 5, 1], "rotation": 90, "texture": "#0"},
				"west": {"uv": [6, 2, 7, 3], "texture": "#0"},
				"up": {"uv": [0, 1, 5, 4], "rotation": 90, "texture": "#0"},
				"down": {"uv": [0, 1, 5, 4], "rotation": 270, "texture": "#0"}
			}
		},
		{
			"from": [14.55081, 0, 7.21009],
			"to": [15.55081, 1, 10.21009],
			"rotation": {"angle": 22.5, "axis": "y", "origin": [8.04902, 1.5, 7.77676]},
			"faces": {
				"north": {"uv": [6, 3, 7, 4], "rotation": 90, "texture": "#0"},
				"east": {"uv": [5, 1, 6, 4], "rotation": 90, "texture": "#0"},
				"south": {"uv": [7, 4, 6, 3], "rotation": 90, "texture": "#0"},
				"west": {"uv": [6, 1, 7, 4], "rotation": 90, "texture": "#0"},
				"up": {"uv": [1, 0, 4, 1], "rotation": 90, "texture": "#0"},
				"down": {"uv": [1, 0, 4, 1], "rotation": 270, "texture": "#0"}
			}
		},
		{
			"from": [10.55081, 0, 7.21009],
			"to": [11.55081, 1, 10.21009],
			"rotation": {"angle": 22.5, "axis": "y", "origin": [8.04902, 1.5, 7.77676]},
			"faces": {
				"north": {"uv": [6, 3, 7, 4], "rotation": 90, "texture": "#0"},
				"east": {"uv": [6, 1, 7, 4], "rotation": 90, "texture": "#0"},
				"south": {"uv": [7, 4, 6, 3], "rotation": 90, "texture": "#0"},
				"west": {"uv": [6, 4, 7, 1], "rotation": 90, "texture": "#0"},
				"up": {"uv": [1, 4, 4, 5], "rotation": 90, "texture": "#0"},
				"down": {"uv": [1, 4, 4, 5], "rotation": 270, "texture": "#0"}
			}
		},
		{
			"from": [5.26823, 0, 12.76823],
			"to": [10.26823, 1, 15.76823],
			"rotation": {"angle": -22.5, "axis": "y", "origin": [8.04902, 1.5, 7.77676]},
			"faces": {
				"north": {"uv": [6, 2, 7, 3], "texture": "#0"},
				"east": {"uv": [6, 1, 7, 4], "rotation": 90, "texture": "#0"},
				"south": {"uv": [6, 3, 7, 4], "texture": "#0"},
				"west": {"uv": [6, 4, 5, 1], "rotation": 90, "texture": "#0"},
				"up": {"uv": [0, 1, 5, 4], "rotation": 180, "texture": "#0"},
				"down": {"uv": [0, 1, 5, 4], "rotation": 180, "texture": "#0"}
			}
		},
		{
			"from": [6.26823, 0, 15.76823],
			"to": [9.26823, 1, 16.76823],
			"rotation": {"angle": -22.5, "axis": "y", "origin": [8.04902, 1.5, 7.77676]},
			"faces": {
				"north": {"uv": [6, 1, 7, 4], "rotation": 90, "texture": "#0"},
				"east": {"uv": [6, 3, 7, 4], "rotation": 90, "texture": "#0"},
				"south": {"uv": [5, 1, 6, 4], "rotation": 90, "texture": "#0"},
				"west": {"uv": [7, 4, 6, 3], "rotation": 90, "texture": "#0"},
				"up": {"uv": [1, 0, 4, 1], "rotation": 180, "texture": "#0"},
				"down": {"uv": [1, 0, 4, 1], "rotation": 180, "texture": "#0"}
			}
		},
		{
			"from": [6.26823, 0, 11.76823],
			"to": [9.26823, 1, 12.76823],
			"rotation": {"angle": -22.5, "axis": "y", "origin": [8.04902, 1.5, 7.77676]},
			"faces": {
				"north": {"uv": [6, 4, 7, 1], "rotation": 90, "texture": "#0"},
				"east": {"uv": [6, 3, 7, 4], "rotation": 90, "texture": "#0"},
				"south": {"uv": [6, 1, 7, 4], "rotation": 90, "texture": "#0"},
				"west": {"uv": [7, 4, 6, 3], "rotation": 90, "texture": "#0"},
				"up": {"uv": [1, 4, 4, 5], "rotation": 180, "texture": "#0"},
				"down": {"uv": [1, 4, 4, 5], "rotation": 180, "texture": "#0"}
			}
		},
		{
			"from": [1.72304, 0, 0.55352],
			"to": [4.72304, 1, 5.55352],
			"rotation": {"angle": 0, "axis": "y", "origin": [8.04902, 1.5, 7.77676]},
			"faces": {
				"north": {"uv": [6, 1, 7, 4], "rotation": 90, "texture": "#0"},
				"east": {"uv": [6, 3, 7, 4], "texture": "#0"},
				"south": {"uv": [6, 4, 5, 1], "rotation": 90, "texture": "#0"},
				"west": {"uv": [6, 2, 7, 3], "texture": "#0"},
				"up": {"uv": [0, 1, 5, 4], "rotation": 90, "texture": "#0"},
				"down": {"uv": [0, 1, 5, 4], "rotation": 270, "texture": "#0"}
			}
		},
		{
			"from": [4.72304, 0, 1.55352],
			"to": [5.72304, 1, 4.55352],
			"rotation": {"angle": 0, "axis": "y", "origin": [8.04902, 1.5, 7.77676]},
			"faces": {
				"north": {"uv": [6, 3, 7, 4], "rotation": 90, "texture": "#0"},
				"east": {"uv": [5, 1, 6, 4], "rotation": 90, "texture": "#0"},
				"south": {"uv": [7, 4, 6, 3], "rotation": 90, "texture": "#0"},
				"west": {"uv": [6, 1, 7, 4], "rotation": 90, "texture": "#0"},
				"up": {"uv": [1, 0, 4, 1], "rotation": 90, "texture": "#0"},
				"down": {"uv": [1, 0, 4, 1], "rotation": 270, "texture": "#0"}
			}
		},
		{
			"from": [0.72304, 0, 1.55352],
			"to": [1.72304, 1, 4.55352],
			"rotation": {"angle": 0, "axis": "y", "origin": [8.04902, 1.5, 7.77676]},
			"faces": {
				"north": {"uv": [6, 3, 7, 4], "rotation": 90, "texture": "#0"},
				"east": {"uv": [6, 1, 7, 4], "rotation": 90, "texture": "#0"},
				"south": {"uv": [7, 4, 6, 3], "rotation": 90, "texture": "#0"},
				"west": {"uv": [6, 4, 7, 1], "rotation": 90, "texture": "#0"},
				"up": {"uv": [1, 4, 4, 5], "rotation": 90, "texture": "#0"},
				"down": {"uv": [1, 4, 4, 5], "rotation": 270, "texture": "#0"}
			}
		},
		{
			"from": [9.8048, 0, 3.3063],
			"to": [14.8048, 1, 6.3063],
			"rotation": {"angle": 45, "axis": "y", "origin": [8.04902, 1.5, 7.77676]},
			"faces": {
				"north": {"uv": [6, 2, 7, 3], "texture": "#0"},
				"east": {"uv": [6, 1, 7, 4], "rotation": 90, "texture": "#0"},
				"south": {"uv": [6, 3, 7, 4], "texture": "#0"},
				"west": {"uv": [6, 4, 5, 1], "rotation": 90, "texture": "#0"},
				"up": {"uv": [0, 1, 5, 4], "rotation": 180, "texture": "#0"},
				"down": {"uv": [0, 1, 5, 4], "rotation": 180, "texture": "#0"}
			}
		},
		{
			"from": [10.8048, 0, 6.3063],
			"to": [13.8048, 1, 7.3063],
			"rotation": {"angle": 45, "axis": "y", "origin": [8.04902, 1.5, 7.77676]},
			"faces": {
				"north": {"uv": [6, 1, 7, 4], "rotation": 90, "texture": "#0"},
				"east": {"uv": [6, 3, 7, 4], "rotation": 90, "texture": "#0"},
				"south": {"uv": [5, 1, 6, 4], "rotation": 90, "texture": "#0"},
				"west": {"uv": [7, 4, 6, 3], "rotation": 90, "texture": "#0"},
				"up": {"uv": [1, 0, 4, 1], "rotation": 180, "texture": "#0"},
				"down": {"uv": [1, 0, 4, 1], "rotation": 180, "texture": "#0"}
			}
		},
		{
			"from": [10.8048, 0, 2.3063],
			"to": [13.8048, 1, 3.3063],
			"rotation": {"angle": 45, "axis": "y", "origin": [8.04902, 1.5, 7.77676]},
			"faces": {
				"north": {"uv": [6, 4, 7, 1], "rotation": 90, "texture": "#0"},
				"east": {"uv": [6, 3, 7, 4], "rotation": 90, "texture": "#0"},
				"south": {"uv": [6, 1, 7, 4], "rotation": 90, "texture": "#0"},
				"west": {"uv": [7, 4, 6, 3], "rotation": 90, "texture": "#0"},
				"up": {"uv": [1, 4, 4, 5], "rotation": 180, "texture": "#0"},
				"down": {"uv": [1, 4, 4, 5], "rotation": 180, "texture": "#0"}
			}
		},
		{
			"from": [3.48235, 1, 2.14997],
			"to": [6.48235, 2, 7.14997],
			"rotation": {"angle": 0, "axis": "y", "origin": [8.04902, 1.5, 5.77676]},
			"faces": {
				"north": {"uv": [6, 4, 5, 1], "rotation": 90, "texture": "#0"},
				"east": {"uv": [6, 2, 7, 3], "texture": "#0"},
				"south": {"uv": [6, 1, 7, 4], "rotation": 90, "texture": "#0"},
				"west": {"uv": [6, 3, 7, 4], "texture": "#0"},
				"up": {"uv": [0, 1, 5, 4], "rotation": 270, "texture": "#0"},
				"down": {"uv": [0, 1, 5, 4], "rotation": 90, "texture": "#0"}
			}
		},
		{
			"from": [2.48235, 1, 3.14997],
			"to": [3.48235, 2, 6.14997],
			"rotation": {"angle": 0, "axis": "y", "origin": [8.04902, 1.5, 5.77676]},
			"faces": {
				"north": {"uv": [7, 4, 6, 3], "rotation": 90, "texture": "#0"},
				"east": {"uv": [6, 1, 7, 4], "rotation": 90, "texture": "#0"},
				"south": {"uv": [6, 3, 7, 4], "rotation": 90, "texture": "#0"},
				"west": {"uv": [5, 1, 6, 4], "rotation": 90, "texture": "#0"},
				"up": {"uv": [1, 0, 4, 1], "rotation": 270, "texture": "#0"},
				"down": {"uv": [1, 0, 4, 1], "rotation": 90, "texture": "#0"}
			}
		},
		{
			"from": [6.48235, 1, 3.14997],
			"to": [7.48235, 2, 6.14997],
			"rotation": {"angle": 0, "axis": "y", "origin": [8.04902, 1.5, 5.77676]},
			"faces": {
				"north": {"uv": [7, 4, 6, 3], "rotation": 90, "texture": "#0"},
				"east": {"uv": [6, 4, 7, 1], "rotation": 90, "texture": "#0"},
				"south": {"uv": [6, 3, 7, 4], "rotation": 90, "texture": "#0"},
				"west": {"uv": [6, 1, 7, 4], "rotation": 90, "texture": "#0"},
				"up": {"uv": [1, 4, 4, 5], "rotation": 270, "texture": "#0"},
				"down": {"uv": [1, 4, 4, 5], "rotation": 90, "texture": "#0"}
			}
		},
		{
			"from": [1.375, 0, 8.375],
			"to": [4.375, 1, 13.375],
			"rotation": {"angle": -22.5, "axis": "y", "origin": [8.04902, 1.5, 7.77676]},
			"faces": {
				"north": {"uv": [6, 4, 5, 1], "rotation": 90, "texture": "#0"},
				"east": {"uv": [6, 2, 7, 3], "texture": "#0"},
				"south": {"uv": [6, 1, 7, 4], "rotation": 90, "texture": "#0"},
				"west": {"uv": [6, 3, 7, 4], "texture": "#0"},
				"up": {"uv": [0, 1, 5, 4], "rotation": 270, "texture": "#0"},
				"down": {"uv": [0, 1, 5, 4], "rotation": 90, "texture": "#0"}
			}
		},
		{
			"from": [0.375, 0, 9.375],
			"to": [1.375, 1, 12.375],
			"rotation": {"angle": -22.5, "axis": "y", "origin": [8.04902, 1.5, 7.77676]},
			"faces": {
				"north": {"uv": [7, 4, 6, 3], "rotation": 90, "texture": "#0"},
				"east": {"uv": [6, 1, 7, 4], "rotation": 90, "texture": "#0"},
				"south": {"uv": [6, 3, 7, 4], "rotation": 90, "texture": "#0"},
				"west": {"uv": [5, 1, 6, 4], "rotation": 90, "texture": "#0"},
				"up": {"uv": [1, 0, 4, 1], "rotation": 270, "texture": "#0"},
				"down": {"uv": [1, 0, 4, 1], "rotation": 90, "texture": "#0"}
			}
		},
		{
			"from": [4.375, 0, 9.375],
			"to": [5.375, 1, 12.375],
			"rotation": {"angle": -22.5, "axis": "y", "origin": [8.04902, 1.5, 7.77676]},
			"faces": {
				"north": {"uv": [7, 4, 6, 3], "rotation": 90, "texture": "#0"},
				"east": {"uv": [6, 4, 7, 1], "rotation": 90, "texture": "#0"},
				"south": {"uv": [6, 3, 7, 4], "rotation": 90, "texture": "#0"},
				"west": {"uv": [6, 1, 7, 4], "rotation": 90, "texture": "#0"},
				"up": {"uv": [1, 4, 4, 5], "rotation": 270, "texture": "#0"},
				"down": {"uv": [1, 4, 4, 5], "rotation": 90, "texture": "#0"}
			}
		},
		{
			"from": [6.76031, 0, 11.83995],
			"to": [11.76031, 1, 14.83995],
			"rotation": {"angle": 22.5, "axis": "y", "origin": [8.04902, 1.5, 7.77676]},
			"faces": {
				"north": {"uv": [6, 3, 7, 4], "texture": "#0"},
				"east": {"uv": [6, 4, 5, 1], "rotation": 90, "texture": "#0"},
				"south": {"uv": [6, 2, 7, 3], "texture": "#0"},
				"west": {"uv": [6, 1, 7, 4], "rotation": 90, "texture": "#0"},
				"up": {"uv": [0, 1, 5, 4], "texture": "#0"},
				"down": {"uv": [0, 1, 5, 4], "texture": "#0"}
			}
		},
		{
			"from": [7.76031, 0, 10.83995],
			"to": [10.76031, 1, 11.83995],
			"rotation": {"angle": 22.5, "axis": "y", "origin": [8.04902, 1.5, 7.77676]},
			"faces": {
				"north": {"uv": [5, 1, 6, 4], "rotation": 90, "texture": "#0"},
				"east": {"uv": [7, 4, 6, 3], "rotation": 90, "texture": "#0"},
				"south": {"uv": [6, 1, 7, 4], "rotation": 90, "texture": "#0"},
				"west": {"uv": [6, 3, 7, 4], "rotation": 90, "texture": "#0"},
				"up": {"uv": [1, 0, 4, 1], "texture": "#0"},
				"down": {"uv": [1, 0, 4, 1], "texture": "#0"}
			}
		},
		{
			"from": [7.76031, 0, 14.83995],
			"to": [10.76031, 1, 15.83995],
			"rotation": {"angle": 22.5, "axis": "y", "origin": [8.04902, 1.5, 7.77676]},
			"faces": {
				"north": {"uv": [6, 1, 7, 4], "rotation": 90, "texture": "#0"},
				"east": {"uv": [7, 4, 6, 3], "rotation": 90, "texture": "#0"},
				"south": {"uv": [6, 4, 7, 1], "rotation": 90, "texture": "#0"},
				"west": {"uv": [6, 3, 7, 4], "rotation": 90, "texture": "#0"},
				"up": {"uv": [1, 4, 4, 5], "texture": "#0"},
				"down": {"uv": [1, 4, 4, 5], "texture": "#0"}
			}
		},
		{
			"from": [6.83527, 2, 3.33674],
			"to": [11.83527, 3, 6.33674],
			"rotation": {"angle": 45, "axis": "y", "origin": [8.04902, 1.5, 6.77676]},
			"faces": {
				"north": {"uv": [6, 3, 7, 4], "texture": "#0"},
				"east": {"uv": [6, 4, 5, 1], "rotation": 90, "texture": "#0"},
				"south": {"uv": [6, 2, 7, 3], "texture": "#0"},
				"west": {"uv": [6, 1, 7, 4], "rotation": 90, "texture": "#0"},
				"up": {"uv": [0, 1, 5, 4], "texture": "#0"},
				"down": {"uv": [0, 1, 5, 4], "texture": "#0"}
			}
		},
		{
			"from": [7.83527, 2, 2.33674],
			"to": [10.83527, 3, 3.33674],
			"rotation": {"angle": 45, "axis": "y", "origin": [8.04902, 1.5, 6.77676]},
			"faces": {
				"north": {"uv": [5, 1, 6, 4], "rotation": 90, "texture": "#0"},
				"east": {"uv": [7, 4, 6, 3], "rotation": 90, "texture": "#0"},
				"south": {"uv": [6, 1, 7, 4], "rotation": 90, "texture": "#0"},
				"west": {"uv": [6, 3, 7, 4], "rotation": 90, "texture": "#0"},
				"up": {"uv": [1, 0, 4, 1], "texture": "#0"},
				"down": {"uv": [1, 0, 4, 1], "texture": "#0"}
			}
		},
		{
			"from": [7.83527, 2, 6.33674],
			"to": [10.83527, 3, 7.33674],
			"rotation": {"angle": 45, "axis": "y", "origin": [8.04902, 1.5, 6.77676]},
			"faces": {
				"north": {"uv": [6, 1, 7, 4], "rotation": 90, "texture": "#0"},
				"east": {"uv": [7, 4, 6, 3], "rotation": 90, "texture": "#0"},
				"south": {"uv": [6, 4, 7, 1], "rotation": 90, "texture": "#0"},
				"west": {"uv": [6, 3, 7, 4], "rotation": 90, "texture": "#0"},
				"up": {"uv": [1, 4, 4, 5], "texture": "#0"},
				"down": {"uv": [1, 4, 4, 5], "texture": "#0"}
			}
		},
		{
			"from": [8.83527, 2, 6.33674],
			"to": [13.83527, 3, 9.33674],
			"rotation": {"angle": -22.5, "axis": "y", "origin": [8.04902, 1.5, 6.77676]},
			"faces": {
				"north": {"uv": [6, 3, 7, 4], "texture": "#0"},
				"east": {"uv": [6, 4, 5, 1], "rotation": 90, "texture": "#0"},
				"south": {"uv": [6, 2, 7, 3], "texture": "#0"},
				"west": {"uv": [6, 1, 7, 4], "rotation": 90, "texture": "#0"},
				"up": {"uv": [0, 1, 5, 4], "texture": "#0"},
				"down": {"uv": [0, 1, 5, 4], "texture": "#0"}
			}
		},
		{
			"from": [9.83527, 2, 5.33674],
			"to": [12.83527, 3, 6.33674],
			"rotation": {"angle": -22.5, "axis": "y", "origin": [8.04902, 1.5, 6.77676]},
			"faces": {
				"north": {"uv": [5, 1, 6, 4], "rotation": 90, "texture": "#0"},
				"east": {"uv": [7, 4, 6, 3], "rotation": 90, "texture": "#0"},
				"south": {"uv": [6, 1, 7, 4], "rotation": 90, "texture": "#0"},
				"west": {"uv": [6, 3, 7, 4], "rotation": 90, "texture": "#0"},
				"up": {"uv": [1, 0, 4, 1], "texture": "#0"},
				"down": {"uv": [1, 0, 4, 1], "texture": "#0"}
			}
		},
		{
			"from": [9.83527, 2, 9.33674],
			"to": [12.83527, 3, 10.33674],
			"rotation": {"angle": -22.5, "axis": "y", "origin": [8.04902, 1.5, 6.77676]},
			"faces": {
				"north": {"uv": [6, 1, 7, 4], "rotation": 90, "texture": "#0"},
				"east": {"uv": [7, 4, 6, 3], "rotation": 90, "texture": "#0"},
				"south": {"uv": [6, 4, 7, 1], "rotation": 90, "texture": "#0"},
				"west": {"uv": [6, 3, 7, 4], "rotation": 90, "texture": "#0"},
				"up": {"uv": [1, 4, 4, 5], "texture": "#0"},
				"down": {"uv": [1, 4, 4, 5], "texture": "#0"}
			}
		},
		{
			"from": [2.609, 2, 5.61551],
			"to": [5.609, 3, 10.61551],
			"rotation": {"angle": 22.5, "axis": "y", "origin": [8.04902, 1.5, 6.77676]},
			"faces": {
				"north": {"uv": [6, 4, 5, 1], "rotation": 90, "texture": "#0"},
				"east": {"uv": [6, 2, 7, 3], "texture": "#0"},
				"south": {"uv": [6, 1, 7, 4], "rotation": 90, "texture": "#0"},
				"west": {"uv": [6, 3, 7, 4], "texture": "#0"},
				"up": {"uv": [0, 1, 5, 4], "rotation": 270, "texture": "#0"},
				"down": {"uv": [0, 1, 5, 4], "rotation": 90, "texture": "#0"}
			}
		},
		{
			"from": [1.609, 2, 6.61551],
			"to": [2.609, 3, 9.61551],
			"rotation": {"angle": 22.5, "axis": "y", "origin": [8.04902, 1.5, 6.77676]},
			"faces": {
				"north": {"uv": [7, 4, 6, 3], "rotation": 90, "texture": "#0"},
				"east": {"uv": [6, 1, 7, 4], "rotation": 90, "texture": "#0"},
				"south": {"uv": [6, 3, 7, 4], "rotation": 90, "texture": "#0"},
				"west": {"uv": [5, 1, 6, 4], "rotation": 90, "texture": "#0"},
				"up": {"uv": [1, 0, 4, 1], "rotation": 270, "texture": "#0"},
				"down": {"uv": [1, 0, 4, 1], "rotation": 90, "texture": "#0"}
			}
		},
		{
			"from": [5.609, 2, 6.61551],
			"to": [6.609, 3, 9.61551],
			"rotation": {"angle": 22.5, "axis": "y", "origin": [8.04902, 1.5, 6.77676]},
			"faces": {
				"north": {"uv": [7, 4, 6, 3], "rotation": 90, "texture": "#0"},
				"east": {"uv": [6, 4, 7, 1], "rotation": 90, "texture": "#0"},
				"south": {"uv": [6, 3, 7, 4], "rotation": 90, "texture": "#0"},
				"west": {"uv": [6, 1, 7, 4], "rotation": 90, "texture": "#0"},
				"up": {"uv": [1, 4, 4, 5], "rotation": 270, "texture": "#0"},
				"down": {"uv": [1, 4, 4, 5], "rotation": 90, "texture": "#0"}
			}
		},
		{
			"from": [6.63777, 3, 9.59178],
			"to": [11.63777, 4, 12.59178],
			"rotation": {"angle": -22.5, "axis": "y", "origin": [8.42402, 1.5, 7.15176]},
			"faces": {
				"north": {"uv": [6, 2, 7, 3], "texture": "#0"},
				"east": {"uv": [6, 1, 7, 4], "rotation": 90, "texture": "#0"},
				"south": {"uv": [6, 3, 7, 4], "texture": "#0"},
				"west": {"uv": [6, 4, 5, 1], "rotation": 90, "texture": "#0"},
				"up": {"uv": [0, 1, 5, 4], "rotation": 180, "texture": "#0"},
				"down": {"uv": [0, 1, 5, 4], "rotation": 180, "texture": "#0"}
			}
		},
		{
			"from": [7.63777, 3, 12.59178],
			"to": [10.63777, 4, 13.59178],
			"rotation": {"angle": -22.5, "axis": "y", "origin": [8.42402, 1.5, 7.15176]},
			"faces": {
				"north": {"uv": [6, 1, 7, 4], "rotation": 90, "texture": "#0"},
				"east": {"uv": [6, 3, 7, 4], "rotation": 90, "texture": "#0"},
				"south": {"uv": [5, 1, 6, 4], "rotation": 90, "texture": "#0"},
				"west": {"uv": [7, 4, 6, 3], "rotation": 90, "texture": "#0"},
				"up": {"uv": [1, 0, 4, 1], "rotation": 180, "texture": "#0"},
				"down": {"uv": [1, 0, 4, 1], "rotation": 180, "texture": "#0"}
			}
		},
		{
			"from": [7.63777, 3, 8.59178],
			"to": [10.63777, 4, 9.59178],
			"rotation": {"angle": -22.5, "axis": "y", "origin": [8.42402, 1.5, 7.15176]},
			"faces": {
				"north": {"uv": [6, 4, 7, 1], "rotation": 90, "texture": "#0"},
				"east": {"uv": [6, 3, 7, 4], "rotation": 90, "texture": "#0"},
				"south": {"uv": [6, 1, 7, 4], "rotation": 90, "texture": "#0"},
				"west": {"uv": [7, 4, 6, 3], "rotation": 90, "texture": "#0"},
				"up": {"uv": [1, 4, 4, 5], "rotation": 180, "texture": "#0"},
				"down": {"uv": [1, 4, 4, 5], "rotation": 180, "texture": "#0"}
			}
		},
		{
			"from": [3.61403, 3, 6.31301],
			"to": [6.61403, 4, 11.31301],
			"rotation": {"angle": -45, "axis": "y", "origin": [8.42402, 1.5, 7.15176]},
			"faces": {
				"north": {"uv": [6, 1, 7, 4], "rotation": 90, "texture": "#0"},
				"east": {"uv": [6, 3, 7, 4], "texture": "#0"},
				"south": {"uv": [6, 4, 5, 1], "rotation": 90, "texture": "#0"},
				"west": {"uv": [6, 2, 7, 3], "texture": "#0"},
				"up": {"uv": [0, 1, 5, 4], "rotation": 90, "texture": "#0"},
				"down": {"uv": [0, 1, 5, 4], "rotation": 270, "texture": "#0"}
			}
		},
		{
			"from": [6.61403, 3, 7.31301],
			"to": [7.61403, 4, 10.31301],
			"rotation": {"angle": -45, "axis": "y", "origin": [8.42402, 1.5, 7.15176]},
			"faces": {
				"north": {"uv": [6, 3, 7, 4], "rotation": 90, "texture": "#0"},
				"east": {"uv": [5, 1, 6, 4], "rotation": 90, "texture": "#0"},
				"south": {"uv": [7, 4, 6, 3], "rotation": 90, "texture": "#0"},
				"west": {"uv": [6, 1, 7, 4], "rotation": 90, "texture": "#0"},
				"up": {"uv": [1, 0, 4, 1], "rotation": 90, "texture": "#0"},
				"down": {"uv": [1, 0, 4, 1], "rotation": 270, "texture": "#0"}
			}
		},
		{
			"from": [2.61403, 3, 7.31301],
			"to": [3.61403, 4, 10.31301],
			"rotation": {"angle": -45, "axis": "y", "origin": [8.42402, 1.5, 7.15176]},
			"faces": {
				"north": {"uv": [6, 3, 7, 4], "rotation": 90, "texture": "#0"},
				"east": {"uv": [6, 1, 7, 4], "rotation": 90, "texture": "#0"},
				"south": {"uv": [7, 4, 6, 3], "rotation": 90, "texture": "#0"},
				"west": {"uv": [6, 4, 7, 1], "rotation": 90, "texture": "#0"},
				"up": {"uv": [1, 4, 4, 5], "rotation": 90, "texture": "#0"},
				"down": {"uv": [1, 4, 4, 5], "rotation": 270, "texture": "#0"}
			}
		},
		{
			"from": [6.88777, 4, 7.84178],
			"to": [11.88777, 5, 10.84178],
			"rotation": {"angle": 0, "axis": "y", "origin": [8.42402, 1.5, 7.15176]},
			"faces": {
				"north": {"uv": [6, 2, 7, 3], "texture": "#0"},
				"east": {"uv": [6, 1, 7, 4], "rotation": 90, "texture": "#0"},
				"south": {"uv": [6, 3, 7, 4], "texture": "#0"},
				"west": {"uv": [6, 4, 5, 1], "rotation": 90, "texture": "#0"},
				"up": {"uv": [0, 1, 5, 4], "rotation": 180, "texture": "#0"},
				"down": {"uv": [0, 1, 5, 4], "rotation": 180, "texture": "#0"}
			}
		},
		{
			"from": [7.88777, 4, 10.84178],
			"to": [10.88777, 5, 11.84178],
			"rotation": {"angle": 0, "axis": "y", "origin": [8.42402, 1.5, 7.15176]},
			"faces": {
				"north": {"uv": [6, 1, 7, 4], "rotation": 90, "texture": "#0"},
				"east": {"uv": [6, 3, 7, 4], "rotation": 90, "texture": "#0"},
				"south": {"uv": [5, 1, 6, 4], "rotation": 90, "texture": "#0"},
				"west": {"uv": [7, 4, 6, 3], "rotation": 90, "texture": "#0"},
				"up": {"uv": [1, 0, 4, 1], "rotation": 180, "texture": "#0"},
				"down": {"uv": [1, 0, 4, 1], "rotation": 180, "texture": "#0"}
			}
		},
		{
			"from": [7.88777, 4, 6.84178],
			"to": [10.88777, 5, 7.84178],
			"rotation": {"angle": 0, "axis": "y", "origin": [8.42402, 1.5, 7.15176]},
			"faces": {
				"north": {"uv": [6, 4, 7, 1], "rotation": 90, "texture": "#0"},
				"east": {"uv": [6, 3, 7, 4], "rotation": 90, "texture": "#0"},
				"south": {"uv": [6, 1, 7, 4], "rotation": 90, "texture": "#0"},
				"west": {"uv": [7, 4, 6, 3], "rotation": 90, "texture": "#0"},
				"up": {"uv": [1, 4, 4, 5], "rotation": 180, "texture": "#0"},
				"down": {"uv": [1, 4, 4, 5], "rotation": 180, "texture": "#0"}
			}
		},
		{
			"from": [4.90079, 6, 5.55617],
			"to": [7.90079, 7, 10.55617],
			"rotation": {"angle": -22.5, "axis": "y", "origin": [7.15079, 6.5, 9.30617]},
			"faces": {
				"north": {"uv": [6, 1, 7, 4], "rotation": 90, "texture": "#0"},
				"east": {"uv": [6, 3, 7, 4], "texture": "#0"},
				"south": {"uv": [6, 4, 5, 1], "rotation": 90, "texture": "#0"},
				"west": {"uv": [6, 2, 7, 3], "texture": "#0"},
				"up": {"uv": [0, 1, 5, 4], "rotation": 90, "texture": "#0"},
				"down": {"uv": [0, 1, 5, 4], "rotation": 270, "texture": "#0"}
			}
		},
		{
			"from": [7.90079, 6, 6.55617],
			"to": [8.90079, 7, 9.55617],
			"rotation": {"angle": -22.5, "axis": "y", "origin": [7.15079, 6.5, 9.30617]},
			"faces": {
				"north": {"uv": [6, 3, 7, 4], "rotation": 90, "texture": "#0"},
				"east": {"uv": [5, 1, 6, 4], "rotation": 90, "texture": "#0"},
				"south": {"uv": [7, 4, 6, 3], "rotation": 90, "texture": "#0"},
				"west": {"uv": [6, 1, 7, 4], "rotation": 90, "texture": "#0"},
				"up": {"uv": [1, 0, 4, 1], "rotation": 90, "texture": "#0"},
				"down": {"uv": [1, 0, 4, 1], "rotation": 270, "texture": "#0"}
			}
		},
		{
			"from": [3.90079, 6, 6.55617],
			"to": [4.90079, 7, 9.55617],
			"rotation": {"angle": -22.5, "axis": "y", "origin": [7.15079, 6.5, 9.30617]},
			"faces": {
				"north": {"uv": [6, 3, 7, 4], "rotation": 90, "texture": "#0"},
				"east": {"uv": [6, 1, 7, 4], "rotation": 90, "texture": "#0"},
				"south": {"uv": [7, 4, 6, 3], "rotation": 90, "texture": "#0"},
				"west": {"uv": [6, 4, 7, 1], "rotation": 90, "texture": "#0"},
				"up": {"uv": [1, 4, 4, 5], "rotation": 90, "texture": "#0"},
				"down": {"uv": [1, 4, 4, 5], "rotation": 270, "texture": "#0"}
			}
		},
		{
			"from": [7.88777, 3, 4.84178],
			"to": [12.88777, 4, 7.84178],
			"rotation": {"angle": 0, "axis": "y", "origin": [8.42402, 1.5, 7.15176]},
			"faces": {
				"north": {"uv": [6, 2, 7, 3], "texture": "#0"},
				"east": {"uv": [6, 1, 7, 4], "rotation": 90, "texture": "#0"},
				"south": {"uv": [6, 3, 7, 4], "texture": "#0"},
				"west": {"uv": [6, 4, 5, 1], "rotation": 90, "texture": "#0"},
				"up": {"uv": [0, 1, 5, 4], "rotation": 180, "texture": "#0"},
				"down": {"uv": [0, 1, 5, 4], "rotation": 180, "texture": "#0"}
			}
		},
		{
			"from": [8.88777, 3, 7.84178],
			"to": [11.88777, 4, 8.84178],
			"rotation": {"angle": 0, "axis": "y", "origin": [8.42402, 1.5, 7.15176]},
			"faces": {
				"north": {"uv": [6, 1, 7, 4], "rotation": 90, "texture": "#0"},
				"east": {"uv": [6, 3, 7, 4], "rotation": 90, "texture": "#0"},
				"south": {"uv": [5, 1, 6, 4], "rotation": 90, "texture": "#0"},
				"west": {"uv": [7, 4, 6, 3], "rotation": 90, "texture": "#0"},
				"up": {"uv": [1, 0, 4, 1], "rotation": 180, "texture": "#0"},
				"down": {"uv": [1, 0, 4, 1], "rotation": 180, "texture": "#0"}
			}
		},
		{
			"from": [8.88777, 3, 3.84178],
			"to": [11.88777, 4, 4.84178],
			"rotation": {"angle": 0, "axis": "y", "origin": [8.42402, 1.5, 7.15176]},
			"faces": {
				"north": {"uv": [6, 4, 7, 1], "rotation": 90, "texture": "#0"},
				"east": {"uv": [6, 3, 7, 4], "rotation": 90, "texture": "#0"},
				"south": {"uv": [6, 1, 7, 4], "rotation": 90, "texture": "#0"},
				"west": {"uv": [7, 4, 6, 3], "rotation": 90, "texture": "#0"},
				"up": {"uv": [1, 4, 4, 5], "rotation": 180, "texture": "#0"},
				"down": {"uv": [1, 4, 4, 5], "rotation": 180, "texture": "#0"}
			}
		},
		{
			"from": [4.22577, 4, 2.64207],
			"to": [7.22577, 5, 7.64207],
			"rotation": {"angle": 22.5, "axis": "y", "origin": [6.85077, 4.5, 5.64207]},
			"faces": {
				"north": {"uv": [6, 4, 5, 1], "rotation": 90, "texture": "#0"},
				"east": {"uv": [6, 2, 7, 3], "texture": "#0"},
				"south": {"uv": [6, 1, 7, 4], "rotation": 90, "texture": "#0"},
				"west": {"uv": [6, 3, 7, 4], "texture": "#0"},
				"up": {"uv": [0, 1, 5, 4], "rotation": 270, "texture": "#0"},
				"down": {"uv": [0, 1, 5, 4], "rotation": 90, "texture": "#0"}
			}
		},
		{
			"from": [3.22577, 4, 3.64207],
			"to": [4.22577, 5, 6.64207],
			"rotation": {"angle": 22.5, "axis": "y", "origin": [6.85077, 4.5, 5.64207]},
			"faces": {
				"north": {"uv": [7, 4, 6, 3], "rotation": 90, "texture": "#0"},
				"east": {"uv": [6, 1, 7, 4], "rotation": 90, "texture": "#0"},
				"south": {"uv": [6, 3, 7, 4], "rotation": 90, "texture": "#0"},
				"west": {"uv": [5, 1, 6, 4], "rotation": 90, "texture": "#0"},
				"up": {"uv": [1, 0, 4, 1], "rotation": 270, "texture": "#0"},
				"down": {"uv": [1, 0, 4, 1], "rotation": 90, "texture": "#0"}
			}
		},
		{
			"from": [7.22577, 4, 3.64207],
			"to": [8.22577, 5, 6.64207],
			"rotation": {"angle": 22.5, "axis": "y", "origin": [6.85077, 4.5, 5.64207]},
			"faces": {
				"north": {"uv": [7, 4, 6, 3], "rotation": 90, "texture": "#0"},
				"east": {"uv": [6, 4, 7, 1], "rotation": 90, "texture": "#0"},
				"south": {"uv": [6, 3, 7, 4], "rotation": 90, "texture": "#0"},
				"west": {"uv": [6, 1, 7, 4], "rotation": 90, "texture": "#0"},
				"up": {"uv": [1, 4, 4, 5], "rotation": 270, "texture": "#0"},
				"down": {"uv": [1, 4, 4, 5], "rotation": 90, "texture": "#0"}
			}
		},
		{
			"from": [3.27226, 1, 9.45078],
			"to": [6.27226, 2, 14.45078],
			"rotation": {"angle": -22.5, "axis": "y", "origin": [7.04902, 1.5, 10.77676]},
			"faces": {
				"north": {"uv": [6, 1, 7, 4], "rotation": 90, "texture": "#0"},
				"east": {"uv": [6, 3, 7, 4], "texture": "#0"},
				"south": {"uv": [6, 4, 5, 1], "rotation": 90, "texture": "#0"},
				"west": {"uv": [6, 2, 7, 3], "texture": "#0"},
				"up": {"uv": [0, 1, 5, 4], "rotation": 90, "texture": "#0"},
				"down": {"uv": [0, 1, 5, 4], "rotation": 270, "texture": "#0"}
			}
		},
		{
			"from": [6.27226, 1, 10.45078],
			"to": [7.27226, 2, 13.45078],
			"rotation": {"angle": -22.5, "axis": "y", "origin": [7.04902, 1.5, 10.77676]},
			"faces": {
				"north": {"uv": [6, 3, 7, 4], "rotation": 90, "texture": "#0"},
				"east": {"uv": [5, 1, 6, 4], "rotation": 90, "texture": "#0"},
				"south": {"uv": [7, 4, 6, 3], "rotation": 90, "texture": "#0"},
				"west": {"uv": [6, 1, 7, 4], "rotation": 90, "texture": "#0"},
				"up": {"uv": [1, 0, 4, 1], "rotation": 90, "texture": "#0"},
				"down": {"uv": [1, 0, 4, 1], "rotation": 270, "texture": "#0"}
			}
		},
		{
			"from": [2.27226, 1, 10.45078],
			"to": [3.27226, 2, 13.45078],
			"rotation": {"angle": -22.5, "axis": "y", "origin": [7.04902, 1.5, 10.77676]},
			"faces": {
				"north": {"uv": [6, 3, 7, 4], "rotation": 90, "texture": "#0"},
				"east": {"uv": [6, 1, 7, 4], "rotation": 90, "texture": "#0"},
				"south": {"uv": [7, 4, 6, 3], "rotation": 90, "texture": "#0"},
				"west": {"uv": [6, 4, 7, 1], "rotation": 90, "texture": "#0"},
				"up": {"uv": [1, 4, 4, 5], "rotation": 90, "texture": "#0"},
				"down": {"uv": [1, 4, 4, 5], "rotation": 270, "texture": "#0"}
			}
		},
		{
			"from": [8.61569, 1, 9.40355],
			"to": [11.61569, 2, 14.40355],
			"rotation": {"angle": 0, "axis": "y", "origin": [7.04902, 1.5, 10.77676]},
			"faces": {
				"north": {"uv": [6, 1, 7, 4], "rotation": 90, "texture": "#0"},
				"east": {"uv": [6, 3, 7, 4], "texture": "#0"},
				"south": {"uv": [6, 4, 5, 1], "rotation": 90, "texture": "#0"},
				"west": {"uv": [6, 2, 7, 3], "texture": "#0"},
				"up": {"uv": [0, 1, 5, 4], "rotation": 90, "texture": "#0"},
				"down": {"uv": [0, 1, 5, 4], "rotation": 270, "texture": "#0"}
			}
		},
		{
			"from": [11.61569, 1, 10.40355],
			"to": [12.61569, 2, 13.40355],
			"rotation": {"angle": 0, "axis": "y", "origin": [7.04902, 1.5, 10.77676]},
			"faces": {
				"north": {"uv": [6, 3, 7, 4], "rotation": 90, "texture": "#0"},
				"east": {"uv": [5, 1, 6, 4], "rotation": 90, "texture": "#0"},
				"south": {"uv": [7, 4, 6, 3], "rotation": 90, "texture": "#0"},
				"west": {"uv": [6, 1, 7, 4], "rotation": 90, "texture": "#0"},
				"up": {"uv": [1, 0, 4, 1], "rotation": 90, "texture": "#0"},
				"down": {"uv": [1, 0, 4, 1], "rotation": 270, "texture": "#0"}
			}
		},
		{
			"from": [7.61569, 1, 10.40355],
			"to": [8.61569, 2, 13.40355],
			"rotation": {"angle": 0, "axis": "y", "origin": [7.04902, 1.5, 10.77676]},
			"faces": {
				"north": {"uv": [6, 3, 7, 4], "rotation": 90, "texture": "#0"},
				"east": {"uv": [6, 1, 7, 4], "rotation": 90, "texture": "#0"},
				"south": {"uv": [7, 4, 6, 3], "rotation": 90, "texture": "#0"},
				"west": {"uv": [6, 4, 7, 1], "rotation": 90, "texture": "#0"},
				"up": {"uv": [1, 4, 4, 5], "rotation": 90, "texture": "#0"},
				"down": {"uv": [1, 4, 4, 5], "rotation": 270, "texture": "#0"}
			}
		},
		{
			"from": [8.82578, 1, 2.10274],
			"to": [11.82578, 2, 7.10274],
			"rotation": {"angle": -22.5, "axis": "y", "origin": [8.04902, 1.5, 5.77676]},
			"faces": {
				"north": {"uv": [6, 4, 5, 1], "rotation": 90, "texture": "#0"},
				"east": {"uv": [6, 2, 7, 3], "texture": "#0"},
				"south": {"uv": [6, 1, 7, 4], "rotation": 90, "texture": "#0"},
				"west": {"uv": [6, 3, 7, 4], "texture": "#0"},
				"up": {"uv": [0, 1, 5, 4], "rotation": 270, "texture": "#0"},
				"down": {"uv": [0, 1, 5, 4], "rotation": 90, "texture": "#0"}
			}
		},
		{
			"from": [7.82578, 1, 3.10274],
			"to": [8.82578, 2, 6.10274],
			"rotation": {"angle": -22.5, "axis": "y", "origin": [8.04902, 1.5, 5.77676]},
			"faces": {
				"north": {"uv": [7, 4, 6, 3], "rotation": 90, "texture": "#0"},
				"east": {"uv": [6, 1, 7, 4], "rotation": 90, "texture": "#0"},
				"south": {"uv": [6, 3, 7, 4], "rotation": 90, "texture": "#0"},
				"west": {"uv": [5, 1, 6, 4], "rotation": 90, "texture": "#0"},
				"up": {"uv": [1, 0, 4, 1], "rotation": 270, "texture": "#0"},
				"down": {"uv": [1, 0, 4, 1], "rotation": 90, "texture": "#0"}
			}
		},
		{
			"from": [11.82578, 1, 3.10274],
			"to": [12.82578, 2, 6.10274],
			"rotation": {"angle": -22.5, "axis": "y", "origin": [8.04902, 1.5, 5.77676]},
			"faces": {
				"north": {"uv": [7, 4, 6, 3], "rotation": 90, "texture": "#0"},
				"east": {"uv": [6, 4, 7, 1], "rotation": 90, "texture": "#0"},
				"south": {"uv": [6, 3, 7, 4], "rotation": 90, "texture": "#0"},
				"west": {"uv": [6, 1, 7, 4], "rotation": 90, "texture": "#0"},
				"up": {"uv": [1, 4, 4, 5], "rotation": 270, "texture": "#0"},
				"down": {"uv": [1, 4, 4, 5], "rotation": 90, "texture": "#0"}
			}
		},
		{
			"from": [4.47577, 5, 5.64207],
			"to": [7.47577, 6, 10.64207],
			"rotation": {"angle": 45, "axis": "y", "origin": [6.85077, 4.5, 5.64207]},
			"faces": {
				"north": {"uv": [6, 1, 7, 4], "rotation": 90, "texture": "#0"},
				"east": {"uv": [6, 3, 7, 4], "texture": "#0"},
				"south": {"uv": [6, 4, 5, 1], "rotation": 90, "texture": "#0"},
				"west": {"uv": [6, 2, 7, 3], "texture": "#0"},
				"up": {"uv": [0, 1, 5, 4], "rotation": 90, "texture": "#0"},
				"down": {"uv": [0, 1, 5, 4], "rotation": 270, "texture": "#0"}
			}
		},
		{
			"from": [7.47577, 5, 6.64207],
			"to": [8.47577, 6, 9.64207],
			"rotation": {"angle": 45, "axis": "y", "origin": [6.85077, 4.5, 5.64207]},
			"faces": {
				"north": {"uv": [6, 3, 7, 4], "rotation": 90, "texture": "#0"},
				"east": {"uv": [5, 1, 6, 4], "rotation": 90, "texture": "#0"},
				"south": {"uv": [7, 4, 6, 3], "rotation": 90, "texture": "#0"},
				"west": {"uv": [6, 1, 7, 4], "rotation": 90, "texture": "#0"},
				"up": {"uv": [1, 0, 4, 1], "rotation": 90, "texture": "#0"},
				"down": {"uv": [1, 0, 4, 1], "rotation": 270, "texture": "#0"}
			}
		},
		{
			"from": [3.47577, 5, 6.64207],
			"to": [4.47577, 6, 9.64207],
			"rotation": {"angle": 45, "axis": "y", "origin": [6.85077, 4.5, 5.64207]},
			"faces": {
				"north": {"uv": [6, 3, 7, 4], "rotation": 90, "texture": "#0"},
				"east": {"uv": [6, 1, 7, 4], "rotation": 90, "texture": "#0"},
				"south": {"uv": [7, 4, 6, 3], "rotation": 90, "texture": "#0"},
				"west": {"uv": [6, 4, 7, 1], "rotation": 90, "texture": "#0"},
				"up": {"uv": [1, 4, 4, 5], "rotation": 90, "texture": "#0"},
				"down": {"uv": [1, 4, 4, 5], "rotation": 270, "texture": "#0"}
			}
		}
	],
	"display": {
		"thirdperson_righthand": {
			"rotation": [75, -135, 0],
			"translation": [0, 2.75, 2.5],
			"scale": [0.31, 0.31, 0.31]
		},
		"thirdperson_lefthand": {
			"rotation": [75, 135, 0],
			"translation": [0, 2.75, 2.5],
			"scale": [0.31, 0.31, 0.31]
		},
		"firstperson_righthand": {
			"rotation": [0, -135, 0],
			"translation": [0, 3.75, 0],
			"scale": [0.4, 0.4, 0.4]
		},
		"firstperson_lefthand": {
			"rotation": [0, -135, 0],
			"translation": [0, 3.75, 0],
			"scale": [0.4, 0.4, 0.4]
		},
		"ground": {
			"rotation": [0, 180, 0],
			"translation": [0, 5, 0]
		},
		"gui": {
			"rotation": [30, 45, 0],
			"translation": [1.5, 1.75, 0],
			"scale": [0.9, 0.9, 0.9]
		},
		"head": {
			"rotation": [0, 180, 0],
			"translation": [0, 13.75, 0],
			"scale": [0.9, 0.9, 0.9]
		},
		"fixed": {
			"rotation": [-90, 180, 0],
			"translation": [0, 0, -16],
			"scale": [2, 2, 2]
		}
	},
	"groups": [
		{
			"name": "group",
			"origin": [0, 0, 0],
			"color": 0,
			"children": [0, 1, 2]
		},
		{
			"name": "group",
			"origin": [0, 0, 0],
			"color": 0,
			"children": [3, 4, 5]
		},
		{
			"name": "group",
			"origin": [0, 0, 0],
			"color": 0,
			"children": [6, 7, 8]
		},
		{
			"name": "group",
			"origin": [0, 0, 0],
			"color": 0,
			"children": [9, 10, 11]
		},
		{
			"name": "group",
			"origin": [0, 0, 0],
			"color": 0,
			"children": [12, 13, 14]
		},
		{
			"name": "group",
			"origin": [0, 0, 0],
			"color": 0,
			"children": [15, 16, 17]
		},
		{
			"name": "group",
			"origin": [0, 0, 0],
			"color": 0,
			"children": [18, 19, 20]
		},
		{
			"name": "group",
			"origin": [0, 0, 0],
			"color": 0,
			"children": [21, 22, 23]
		},
		{
			"name": "group",
			"origin": [0, 0, 0],
			"color": 0,
			"children": [24, 25, 26]
		},
		{
			"name": "group",
			"origin": [0, 0, 0],
			"color": 0,
			"children": [27, 28, 29]
		},
		{
			"name": "group",
			"origin": [0, 0, 0],
			"color": 0,
			"children": [30, 31, 32]
		},
		{
			"name": "group",
			"origin": [0, 0, 0],
			"color": 0,
			"children": [33, 34, 35]
		},
		{
			"name": "group",
			"origin": [0, 0, 0],
			"color": 0,
			"children": [36, 37, 38]
		},
		{
			"name": "group",
			"origin": [0, 0, 0],
			"color": 0,
			"children": [39, 40, 41]
		},
		{
			"name": "group",
			"origin": [0, 0, 0],
			"color": 0,
			"children": [42, 43, 44]
		},
		{
			"name": "group",
			"origin": [0, 0, 0],
			"color": 0,
			"children": [45, 46, 47]
		},
		{
			"name": "group",
			"origin": [0, 0, 0],
			"color": 0,
			"children": [
				{
					"name": "group",
					"origin": [0, 0, 0],
					"color": 0,
					"children": [48, 49, 50]
				},
				51,
				52,
				53
			]
		},
		{
			"name": "group",
			"origin": [0, 0, 0],
			"color": 0,
			"children": [54, 55, 56]
		},
		{
			"name": "group",
			"origin": [0, 0, 0],
			"color": 0,
			"children": [57, 58, 59]
		}
	]
}