{
	"credit": "Made with Blockbench",
	"textures": {
		"0": "custom/block/cookie",
		"particle": "custom/block/cookie"
	},
	"elements": [
		{
			"from": [5, 0, 5],
			"to": [8, 1, 10],
			"rotation": {"angle": -22.5, "axis": "y", "origin": [6.5, 0.5, 11.5]},
			"faces": {
				"north": {"uv": [6, 4, 5, 1], "rotation": 90, "texture": "#0"},
				"east": {"uv": [6, 2, 7, 3], "texture": "#0"},
				"south": {"uv": [6, 1, 7, 4], "rotation": 90, "texture": "#0"},
				"west": {"uv": [6, 3, 7, 4], "texture": "#0"},
				"up": {"uv": [0, 1, 5, 4], "rotation": 270, "texture": "#0"},
				"down": {"uv": [0, 1, 5, 4], "rotation": 90, "texture": "#0"}
			}
		},
		{
			"from": [4, 0, 6],
			"to": [5, 1, 9],
			"rotation": {"angle": -22.5, "axis": "y", "origin": [6.5, 0.5, 11.5]},
			"faces": {
				"north": {"uv": [7, 4, 6, 3], "rotation": 90, "texture": "#0"},
				"east": {"uv": [6, 1, 7, 4], "rotation": 90, "texture": "#0"},
				"south": {"uv": [6, 3, 7, 4], "rotation": 90, "texture": "#0"},
				"west": {"uv": [5, 1, 6, 4], "rotation": 90, "texture": "#0"},
				"up": {"uv": [1, 0, 4, 1], "rotation": 270, "texture": "#0"},
				"down": {"uv": [1, 0, 4, 1], "rotation": 90, "texture": "#0"}
			}
		},
		{
			"from": [8, 0, 6],
			"to": [9, 1, 9],
			"rotation": {"angle": -22.5, "axis": "y", "origin": [6.5, 0.5, 11.5]},
			"faces": {
				"north": {"uv": [7, 4, 6, 3], "rotation": 90, "texture": "#0"},
				"east": {"uv": [6, 4, 7, 1], "rotation": 90, "texture": "#0"},
				"south": {"uv": [6, 3, 7, 4], "rotation": 90, "texture": "#0"},
				"west": {"uv": [6, 1, 7, 4], "rotation": 90, "texture": "#0"},
				"up": {"uv": [1, 4, 4, 5], "rotation": 270, "texture": "#0"},
				"down": {"uv": [1, 4, 4, 5], "rotation": 90, "texture": "#0"}
			}
		}
	],
	"display": {
		"thirdperson_righthand": {
			"rotation": [75, -135, 0],
			"translation": [0, 2.75, 2.5],
			"scale": [0.31, 0.31, 0.31]
		},
		"thirdperson_lefthand": {
			"rotation": [75, 135, 0],
			"translation": [0, 2.75, 2.5],
			"scale": [0.31, 0.31, 0.31]
		},
		"firstperson_righthand": {
			"rotation": [0, -135, 0],
			"translation": [0, 3.75, 0],
			"scale": [0.4, 0.4, 0.4]
		},
		"firstperson_lefthand": {
			"rotation": [0, -135, 0],
			"translation": [0, 3.75, 0],
			"scale": [0.4, 0.4, 0.4]
		},
		"ground": {
			"rotation": [0, 180, 0],
			"translation": [0, 5, 0]
		},
		"gui": {
			"rotation": [30, 45, 0],
			"translation": [1.5, 1.75, 0],
			"scale": [0.9, 0.9, 0.9]
		},
		"head": {
			"rotation": [0, 180, 0],
			"translation": [0, 13.75, 0],
			"scale": [0.9, 0.9, 0.9]
		},
		"fixed": {
			"rotation": [-90, 180, 0],
			"translation": [0, 0, -16],
			"scale": [2, 2, 2]
		}
	},
	"groups": [
		{
			"name": "group",
			"origin": [0, 0, 0],
			"color": 0,
			"children": []
		},
		{
			"name": "group",
			"origin": [0, 0, 0],
			"color": 0,
			"children": [0, 1, 2]
		}
	]
}