{
	"credit": "Made with Blockbench",
	"textures": {
		"layer0": "custom/block/dungeon_treasure"
	},
	"elements": [
		{
			"from": [-12, 0, -12],
			"to": [28, 0, 28],
			"faces": {
				"north": {"uv": [0, 0, 16, 0], "texture": "#layer0"},
				"east": {"uv": [0, 0, 16, 0], "texture": "#layer0"},
				"south": {"uv": [0, 0, 16, 0], "texture": "#layer0"},
				"west": {"uv": [0, 0, 16, 0], "texture": "#layer0"},
				"up": {"uv": [0, 0, 10, 10], "texture": "#layer0"},
				"down": {"uv": [0, 10, 10, 0], "texture": "#layer0"}
			}
		}
	],
	"display": {
		"thirdperson_righthand": {
			"rotation": [52, 0, 0],
			"translation": [0, 3, 1],
			"scale": [0.55, 0.55, 0.55]
		},
		"thirdperson_lefthand": {
			"rotation": [52, 0, 0],
			"translation": [0, 3, 1],
			"scale": [0.55, 0.55, 0.55]
		},
		"firstperson_righthand": {
			"rotation": [0, 25, 25],
			"translation": [1.13, 3.2, 1.13],
			"scale": [0.68, 0.68, 0.68]
		},
		"firstperson_lefthand": {
			"rotation": [0, 22, 25],
			"translation": [1.13, 3.2, 1.13],
			"scale": [0.68, 0.68, 0.68]
		},
		"ground": {
			"scale": [0.5, 0.5, 0.5]
		},
		"gui": {
			"rotation": [90, 0, 0],
			"scale": [0.5, 0.5, 0.5]
		},
		"head": {
			"translation": [0, 8.05, 0],
			"scale": [1.6, 1.6, 1.6]
		},
		"fixed": {
			"rotation": [90, 0, 0],
			"translation": [0, 0, 3.75],
			"scale": [0.5, 0.5, 0.5]
		}
	}
}