{
	"credit": "Made with Blockbench",
	"parent": "minecraft:block/cube",
	"texture_size": [64, 64],
	"textures": {
		"0": "custom/block/excavator",
		"particle": "custom/block/excavator"
	},
	"elements": [
		{
			"from": [6, 0, -4],
			"to": [10, 4, 0],
			"rotation": {"angle": 0, "axis": "y", "origin": [8, 6.25, 8]},
			"faces": {
				"north": {"uv": [5.5, 0, 4.5, 1], "texture": "#0"},
				"east": {"uv": [6.5, 0, 5.5, 1], "texture": "#0"},
				"south": {"uv": [5.5, 1, 4.5, 0], "texture": "#0"},
				"west": {"uv": [5.5, 0, 6.5, 1], "texture": "#0"},
				"up": {"uv": [6.5, 0, 5.5, 1], "rotation": 270, "texture": "#0"},
				"down": {"uv": [6.5, 0, 5.5, 1], "rotation": 90, "texture": "#0"}
			}
		},
		{
			"from": [0, 0, 0],
			"to": [15, 16, 1],
			"rotation": {"angle": 0, "axis": "y", "origin": [8, 6.25, 8]},
			"faces": {
				"north": {"uv": [0.25, 9, 4, 13], "texture": "#0"},
				"east": {"uv": [0.25, 9, 0, 13], "texture": "#0"},
				"south": {"uv": [4, 9, 0.25, 13], "texture": "#0"},
				"west": {"uv": [0.25, 9, 0, 13], "texture": "#0"},
				"up": {"uv": [11.5, 0.25, 15.25, 0], "texture": "#0"},
				"down": {"uv": [0, 13, 3.75, 12.75], "texture": "#0"}
			}
		},
		{
			"from": [5, 5, -1],
			"to": [11, 7, 0],
			"rotation": {"angle": 0, "axis": "y", "origin": [8, 6.25, 8]},
			"faces": {
				"north": {"uv": [2.5, 5.25, 4, 5.75], "texture": "#0"},
				"east": {"uv": [4, 5.25, 3.75, 5.75], "texture": "#0"},
				"south": {"uv": [4, 5.25, 2.5, 5.75], "texture": "#0"},
				"west": {"uv": [4, 5.25, 3.75, 5.75], "texture": "#0"},
				"up": {"uv": [2.5, 5.25, 4, 5], "texture": "#0"},
				"down": {"uv": [2.5, 6, 4, 5.75], "texture": "#0"}
			}
		},
		{
			"from": [5, 8, -1],
			"to": [11, 10, 0],
			"rotation": {"angle": 0, "axis": "y", "origin": [8, 6.25, 8]},
			"faces": {
				"north": {"uv": [2.5, 5.25, 4, 5.75], "texture": "#0"},
				"east": {"uv": [4, 5.25, 3.75, 5.75], "texture": "#0"},
				"south": {"uv": [4, 5.25, 2.5, 5.75], "texture": "#0"},
				"west": {"uv": [4, 5.25, 3.75, 5.75], "texture": "#0"},
				"up": {"uv": [2.5, 5.25, 4, 5], "texture": "#0"},
				"down": {"uv": [2.5, 6, 4, 5.75], "texture": "#0"}
			}
		},
		{
			"from": [5, 11, -1],
			"to": [11, 13, 0],
			"rotation": {"angle": 0, "axis": "y", "origin": [8, 6.25, 8]},
			"faces": {
				"north": {"uv": [2.5, 5.25, 4, 5.75], "texture": "#0"},
				"east": {"uv": [4, 5.25, 3.75, 5.75], "texture": "#0"},
				"south": {"uv": [4, 5.25, 2.5, 5.75], "texture": "#0"},
				"west": {"uv": [4, 5.25, 3.75, 5.75], "texture": "#0"},
				"up": {"uv": [2.5, 5.25, 4, 5], "texture": "#0"},
				"down": {"uv": [2.5, 6, 4, 5.75], "texture": "#0"}
			}
		},
		{
			"from": [5, 5, 16],
			"to": [11, 7, 17],
			"rotation": {"angle": 0, "axis": "y", "origin": [8, 6.25, 8]},
			"faces": {
				"north": {"uv": [2.5, 5.25, 4, 5.75], "texture": "#0"},
				"east": {"uv": [3.75, 5.25, 4, 5.75], "texture": "#0"},
				"south": {"uv": [4, 5.25, 2.5, 5.75], "texture": "#0"},
				"west": {"uv": [3.75, 5.25, 4, 5.75], "texture": "#0"},
				"up": {"uv": [2.5, 5, 4, 5.25], "texture": "#0"},
				"down": {"uv": [2.5, 5.75, 4, 6], "texture": "#0"}
			}
		},
		{
			"from": [5, 8, 16],
			"to": [11, 10, 17],
			"rotation": {"angle": 0, "axis": "y", "origin": [8, 6.25, 8]},
			"faces": {
				"north": {"uv": [2.5, 5.25, 4, 5.75], "texture": "#0"},
				"east": {"uv": [3.75, 5.25, 4, 5.75], "texture": "#0"},
				"south": {"uv": [4, 5.25, 2.5, 5.75], "texture": "#0"},
				"west": {"uv": [3.75, 5.25, 4, 5.75], "texture": "#0"},
				"up": {"uv": [2.5, 5, 4, 5.25], "texture": "#0"},
				"down": {"uv": [2.5, 5.75, 4, 6], "texture": "#0"}
			}
		},
		{
			"from": [5, 11, 16],
			"to": [11, 13, 17],
			"rotation": {"angle": 0, "axis": "y", "origin": [8, 6.25, 8]},
			"faces": {
				"north": {"uv": [2.5, 5.25, 4, 5.75], "texture": "#0"},
				"east": {"uv": [3.75, 5.25, 4, 5.75], "texture": "#0"},
				"south": {"uv": [4, 5.25, 2.5, 5.75], "texture": "#0"},
				"west": {"uv": [3.75, 5.25, 4, 5.75], "texture": "#0"},
				"up": {"uv": [2.5, 5, 4, 5.25], "texture": "#0"},
				"down": {"uv": [2.5, 5.75, 4, 6], "texture": "#0"}
			}
		},
		{
			"from": [1, 0, 1],
			"to": [15, 1, 15],
			"rotation": {"angle": 0, "axis": "y", "origin": [8, 6.25, 8]},
			"faces": {
				"north": {"uv": [0.25, 3.75, 3.75, 4], "texture": "#0"},
				"east": {"uv": [0.25, 3.75, 3.75, 4], "texture": "#0"},
				"south": {"uv": [0.25, 3.75, 3.75, 4], "texture": "#0"},
				"west": {"uv": [0.25, 3.75, 3.75, 4], "texture": "#0"},
				"up": {"uv": [12.25, 0.25, 15.75, 3.75], "texture": "#0"},
				"down": {"uv": [0.25, 0.25, 3.75, 3.75], "texture": "#0"}
			}
		},
		{
			"from": [-1, 5, 5],
			"to": [0, 7, 11],
			"rotation": {"angle": 0, "axis": "y", "origin": [8, 6.25, 8]},
			"faces": {
				"north": {"uv": [3.75, 5.25, 4, 5.75], "texture": "#0"},
				"east": {"uv": [2.5, 5.25, 4, 5.75], "texture": "#0"},
				"south": {"uv": [3.75, 5.25, 4, 5.75], "texture": "#0"},
				"west": {"uv": [4, 5.25, 2.5, 5.75], "texture": "#0"},
				"up": {"uv": [2.5, 5, 4, 5.25], "rotation": 90, "texture": "#0"},
				"down": {"uv": [2.5, 5.75, 4, 6], "rotation": 270, "texture": "#0"}
			}
		},
		{
			"from": [-1, 8, 5],
			"to": [0, 10, 11],
			"rotation": {"angle": 0, "axis": "y", "origin": [8, 6.25, 8]},
			"faces": {
				"north": {"uv": [3.75, 5.25, 4, 5.75], "texture": "#0"},
				"east": {"uv": [2.5, 5.25, 4, 5.75], "texture": "#0"},
				"south": {"uv": [3.75, 5.25, 4, 5.75], "texture": "#0"},
				"west": {"uv": [4, 5.25, 2.5, 5.75], "texture": "#0"},
				"up": {"uv": [2.5, 5, 4, 5.25], "rotation": 90, "texture": "#0"},
				"down": {"uv": [2.5, 5.75, 4, 6], "rotation": 270, "texture": "#0"}
			}
		},
		{
			"from": [-1, 11, 5],
			"to": [0, 13, 11],
			"rotation": {"angle": 0, "axis": "y", "origin": [8, 6.25, 8]},
			"faces": {
				"north": {"uv": [3.75, 5.25, 4, 5.75], "texture": "#0"},
				"east": {"uv": [2.5, 5.25, 4, 5.75], "texture": "#0"},
				"south": {"uv": [3.75, 5.25, 4, 5.75], "texture": "#0"},
				"west": {"uv": [4, 5.25, 2.5, 5.75], "texture": "#0"},
				"up": {"uv": [2.5, 5, 4, 5.25], "rotation": 90, "texture": "#0"},
				"down": {"uv": [2.5, 5.75, 4, 6], "rotation": 270, "texture": "#0"}
			}
		},
		{
			"from": [16, 5, 5],
			"to": [17, 7, 11],
			"rotation": {"angle": 0, "axis": "y", "origin": [8, 6.25, 8]},
			"faces": {
				"north": {"uv": [4, 5.25, 3.75, 5.75], "texture": "#0"},
				"east": {"uv": [2.5, 5.25, 4, 5.75], "texture": "#0"},
				"south": {"uv": [4, 5.25, 3.75, 5.75], "texture": "#0"},
				"west": {"uv": [4, 5.25, 2.5, 5.75], "texture": "#0"},
				"up": {"uv": [2.5, 5.25, 4, 5], "rotation": 90, "texture": "#0"},
				"down": {"uv": [2.5, 6, 4, 5.75], "rotation": 270, "texture": "#0"}
			}
		},
		{
			"from": [16, 8, 5],
			"to": [17, 10, 11],
			"rotation": {"angle": 0, "axis": "y", "origin": [8, 6.25, 8]},
			"faces": {
				"north": {"uv": [4, 5.25, 3.75, 5.75], "texture": "#0"},
				"east": {"uv": [2.5, 5.25, 4, 5.75], "texture": "#0"},
				"south": {"uv": [4, 5.25, 3.75, 5.75], "texture": "#0"},
				"west": {"uv": [4, 5.25, 2.5, 5.75], "texture": "#0"},
				"up": {"uv": [2.5, 5.25, 4, 5], "rotation": 90, "texture": "#0"},
				"down": {"uv": [2.5, 6, 4, 5.75], "rotation": 270, "texture": "#0"}
			}
		},
		{
			"from": [16, 11, 5],
			"to": [17, 13, 11],
			"rotation": {"angle": 0, "axis": "y", "origin": [8, 6.25, 8]},
			"faces": {
				"north": {"uv": [4, 5.25, 3.75, 5.75], "texture": "#0"},
				"east": {"uv": [2.5, 5.25, 4, 5.75], "texture": "#0"},
				"south": {"uv": [4, 5.25, 3.75, 5.75], "texture": "#0"},
				"west": {"uv": [4, 5.25, 2.5, 5.75], "texture": "#0"},
				"up": {"uv": [2.5, 5.25, 4, 5], "rotation": 90, "texture": "#0"},
				"down": {"uv": [2.5, 6, 4, 5.75], "rotation": 270, "texture": "#0"}
			}
		},
		{
			"from": [1, 0, 15],
			"to": [16, 16, 16],
			"rotation": {"angle": 0, "axis": "y", "origin": [8, 6.25, 8]},
			"faces": {
				"north": {"uv": [4, 9, 0.25, 13], "texture": "#0"},
				"east": {"uv": [0.25, 9, 0, 13], "texture": "#0"},
				"south": {"uv": [0.25, 9, 4, 13], "texture": "#0"},
				"west": {"uv": [0.25, 9, 0, 13], "texture": "#0"},
				"up": {"uv": [15.25, 0, 11.5, 0.25], "texture": "#0"},
				"down": {"uv": [3.75, 12.75, 0, 13], "texture": "#0"}
			}
		},
		{
			"from": [0, 0, 1],
			"to": [1, 16, 16],
			"rotation": {"angle": 0, "axis": "y", "origin": [8, 6.25, 8]},
			"faces": {
				"north": {"uv": [0.25, 9, 0, 13], "texture": "#0"},
				"east": {"uv": [4, 9, 0.25, 13], "texture": "#0"},
				"south": {"uv": [0.25, 9, 0, 13], "texture": "#0"},
				"west": {"uv": [0.25, 9, 4, 13], "texture": "#0"},
				"up": {"uv": [15.25, 0, 11.5, 0.25], "rotation": 90, "texture": "#0"},
				"down": {"uv": [3.75, 12.75, 0, 13], "rotation": 270, "texture": "#0"}
			}
		},
		{
			"from": [15, 0, 0],
			"to": [16, 16, 15],
			"rotation": {"angle": 0, "axis": "y", "origin": [8, 6.25, 8]},
			"faces": {
				"north": {"uv": [0.25, 9, 0, 13], "texture": "#0"},
				"east": {"uv": [0.25, 9, 4, 13], "texture": "#0"},
				"south": {"uv": [0.25, 9, 0, 13], "texture": "#0"},
				"west": {"uv": [4, 9, 0.25, 13], "texture": "#0"},
				"up": {"uv": [11.5, 0.25, 15.25, 0], "rotation": 90, "texture": "#0"},
				"down": {"uv": [0, 13, 3.75, 12.75], "rotation": 270, "texture": "#0"}
			}
		},
		{
			"from": [16, 0, 6],
			"to": [20, 4, 10],
			"rotation": {"angle": 0, "axis": "y", "origin": [8, 6.25, 8]},
			"faces": {
				"north": {"uv": [5.5, 0, 6.5, 1], "texture": "#0"},
				"east": {"uv": [4.5, 0, 5.5, 1], "texture": "#0"},
				"south": {"uv": [6.5, 0, 5.5, 1], "texture": "#0"},
				"west": {"uv": [4.5, 1, 5.5, 0], "texture": "#0"},
				"up": {"uv": [5.5, 0, 6.5, 1], "rotation": 180, "texture": "#0"},
				"down": {"uv": [5.5, 0, 6.5, 1], "rotation": 180, "texture": "#0"}
			}
		},
		{
			"from": [6, 0, 16],
			"to": [10, 4, 20],
			"rotation": {"angle": 0, "axis": "y", "origin": [8, 6.25, 8]},
			"faces": {
				"north": {"uv": [4.5, 1, 5.5, 0], "texture": "#0"},
				"east": {"uv": [5.5, 0, 6.5, 1], "texture": "#0"},
				"south": {"uv": [4.5, 0, 5.5, 1], "texture": "#0"},
				"west": {"uv": [6.5, 0, 5.5, 1], "texture": "#0"},
				"up": {"uv": [5.5, 0, 6.5, 1], "rotation": 270, "texture": "#0"},
				"down": {"uv": [5.5, 0, 6.5, 1], "rotation": 90, "texture": "#0"}
			}
		},
		{
			"from": [-4, 0, 6],
			"to": [0, 4, 10],
			"rotation": {"angle": 0, "axis": "y", "origin": [8, 6.25, 8]},
			"faces": {
				"north": {"uv": [6.5, 0, 5.5, 1], "texture": "#0"},
				"east": {"uv": [5.5, 1, 4.5, 0], "texture": "#0"},
				"south": {"uv": [5.5, 0, 6.5, 1], "texture": "#0"},
				"west": {"uv": [5.5, 0, 4.5, 1], "texture": "#0"},
				"up": {"uv": [6.5, 0, 5.5, 1], "rotation": 180, "texture": "#0"},
				"down": {"uv": [6.5, 0, 5.5, 1], "rotation": 180, "texture": "#0"}
			}
		}
	],
	"display": {
		"thirdperson_righthand": {
			"rotation": [75, 45, 0],
			"translation": [0, 2.5, 0],
			"scale": [0.375, 0.375, 0.375]
		},
		"thirdperson_lefthand": {
			"rotation": [75, -45, 0],
			"translation": [0, 2.5, 0],
			"scale": [0.375, 0.375, 0.375]
		},
		"firstperson_righthand": {
			"rotation": [0, 45, 0],
			"scale": [0.4, 0.4, 0.4]
		},
		"firstperson_lefthand": {
			"rotation": [0, -135, 0],
			"scale": [0.4, 0.4, 0.4]
		},
		"ground": {
			"translation": [0, 3, 0],
			"scale": [0.25, 0.25, 0.25]
		},
		"gui": {
			"rotation": [30, -135, 0],
			"scale": [0.625, 0.625, 0.625]
		}
	}
}