{
	"credit": "Made with Blockbench, a free, modern block model editor by JannisX11",
	"textures": {
		"0": "custom/block/miner",
		"1": "item/stone_pickaxe",
		"particle": "custom/block/miner"
	},
	"elements": [
		{
			"from": [13.5, 17.37562, 4.81651],
			"to": [14.5, 19.37562, 5.81651],
			"rotation": {"angle": -45, "axis": "x", "origin": [8.0025, 14.46859, 4.72633]},
			"faces": {
				"north": {"uv": [2, 14, 4, 15], "rotation": 270, "texture": "#1"},
				"east": {"uv": [2, 14, 4, 15], "rotation": 270, "texture": "#1"},
				"south": {"uv": [2, 14, 4, 15], "rotation": 270, "texture": "#1"},
				"west": {"uv": [2, 14, 4, 15], "rotation": 90, "texture": "#1"},
				"up": {"uv": [4, 15, 3, 14], "texture": "#1"},
				"down": {"uv": [3, 15, 2, 14], "rotation": 180, "texture": "#1"}
			}
		},
		{
			"from": [13.5, 17.37562, 5.81651],
			"to": [14.5, 20.37562, 6.81651],
			"rotation": {"angle": -45, "axis": "x", "origin": [8.0025, 14.46859, 4.72633]},
			"faces": {
				"north": {"uv": [2, 13, 5, 14], "rotation": 270, "texture": "#1"},
				"east": {"uv": [2, 13, 5, 14], "rotation": 270, "texture": "#1"},
				"south": {"uv": [2, 13, 5, 14], "rotation": 270, "texture": "#1"},
				"west": {"uv": [5, 13, 2, 14], "rotation": 90, "texture": "#1"},
				"up": {"uv": [5, 14, 4, 13], "texture": "#1"},
				"down": {"uv": [3, 14, 2, 13], "rotation": 180, "texture": "#1"}
			}
		},
		{
			"from": [13.5, 18.37562, 6.81651],
			"to": [14.5, 21.37562, 7.81651],
			"rotation": {"angle": -45, "axis": "x", "origin": [8.0025, 14.46859, 4.72633]},
			"faces": {
				"north": {"uv": [3, 12, 6, 13], "rotation": 270, "texture": "#1"},
				"east": {"uv": [3, 12, 6, 13], "rotation": 270, "texture": "#1"},
				"south": {"uv": [3, 12, 6, 13], "rotation": 270, "texture": "#1"},
				"west": {"uv": [6, 12, 3, 13], "rotation": 90, "texture": "#1"},
				"up": {"uv": [6, 13, 5, 12], "texture": "#1"},
				"down": {"uv": [4, 13, 3, 12], "rotation": 180, "texture": "#1"}
			}
		},
		{
			"from": [13.5, 19.37562, 7.81651],
			"to": [14.5, 22.37562, 8.81651],
			"rotation": {"angle": -45, "axis": "x", "origin": [8.0025, 14.46859, 4.72633]},
			"faces": {
				"north": {"uv": [4, 11, 7, 12], "rotation": 270, "texture": "#1"},
				"east": {"uv": [4, 11, 7, 12], "rotation": 270, "texture": "#1"},
				"south": {"uv": [4, 11, 7, 12], "rotation": 270, "texture": "#1"},
				"west": {"uv": [7, 11, 4, 12], "rotation": 90, "texture": "#1"},
				"up": {"uv": [7, 12, 6, 11], "texture": "#1"},
				"down": {"uv": [5, 12, 4, 11], "rotation": 180, "texture": "#1"}
			}
		},
		{
			"from": [13.5, 20.37562, 8.81651],
			"to": [14.5, 23.37562, 9.81651],
			"rotation": {"angle": -45, "axis": "x", "origin": [8.0025, 14.46859, 4.72633]},
			"faces": {
				"north": {"uv": [5, 10, 8, 11], "rotation": 270, "texture": "#1"},
				"east": {"uv": [5, 10, 8, 11], "rotation": 270, "texture": "#1"},
				"south": {"uv": [5, 10, 8, 11], "rotation": 270, "texture": "#1"},
				"west": {"uv": [8, 10, 5, 11], "rotation": 90, "texture": "#1"},
				"up": {"uv": [8, 11, 7, 10], "texture": "#1"},
				"down": {"uv": [6, 11, 5, 10], "rotation": 180, "texture": "#1"}
			}
		},
		{
			"from": [13.5, 21.37562, 9.81651],
			"to": [14.5, 24.37562, 10.81651],
			"rotation": {"angle": -45, "axis": "x", "origin": [8.0025, 14.46859, 4.72633]},
			"faces": {
				"north": {"uv": [6, 9, 9, 10], "rotation": 270, "texture": "#1"},
				"east": {"uv": [6, 9, 9, 10], "rotation": 270, "texture": "#1"},
				"south": {"uv": [6, 9, 9, 10], "rotation": 270, "texture": "#1"},
				"west": {"uv": [9, 9, 6, 10], "rotation": 90, "texture": "#1"},
				"up": {"uv": [9, 10, 8, 9], "texture": "#1"},
				"down": {"uv": [7, 10, 6, 9], "rotation": 180, "texture": "#1"}
			}
		},
		{
			"from": [13.5, 22.37562, 10.81651],
			"to": [14.5, 25.37562, 11.81651],
			"rotation": {"angle": -45, "axis": "x", "origin": [8.0025, 14.46859, 4.72633]},
			"faces": {
				"north": {"uv": [7, 8, 10, 9], "rotation": 270, "texture": "#1"},
				"east": {"uv": [7, 8, 10, 9], "rotation": 270, "texture": "#1"},
				"south": {"uv": [7, 8, 10, 9], "rotation": 270, "texture": "#1"},
				"west": {"uv": [10, 8, 7, 9], "rotation": 90, "texture": "#1"},
				"up": {"uv": [10, 9, 9, 8], "texture": "#1"},
				"down": {"uv": [8, 9, 7, 8], "rotation": 180, "texture": "#1"}
			}
		},
		{
			"from": [13.5, 23.37562, 11.81651],
			"to": [14.5, 26.37562, 12.81651],
			"rotation": {"angle": -45, "axis": "x", "origin": [8.0025, 14.46859, 4.72633]},
			"faces": {
				"north": {"uv": [8, 7, 11, 8], "rotation": 270, "texture": "#1"},
				"east": {"uv": [8, 7, 11, 8], "rotation": 270, "texture": "#1"},
				"south": {"uv": [8, 7, 11, 8], "rotation": 270, "texture": "#1"},
				"west": {"uv": [11, 7, 8, 8], "rotation": 90, "texture": "#1"},
				"up": {"uv": [11, 8, 10, 7], "texture": "#1"},
				"down": {"uv": [9, 8, 8, 7], "rotation": 180, "texture": "#1"}
			}
		},
		{
			"from": [13.5, 24.37562, 12.81651],
			"to": [14.5, 30.37562, 13.81651],
			"rotation": {"angle": -45, "axis": "x", "origin": [8.0025, 14.46859, 4.72633]},
			"faces": {
				"north": {"uv": [9, 6, 15, 7], "rotation": 270, "texture": "#1"},
				"east": {"uv": [9, 6, 15, 7], "rotation": 270, "texture": "#1"},
				"south": {"uv": [9, 6, 15, 7], "rotation": 270, "texture": "#1"},
				"west": {"uv": [15, 6, 9, 7], "rotation": 90, "texture": "#1"},
				"up": {"uv": [15, 7, 14, 6], "texture": "#1"},
				"down": {"uv": [10, 7, 9, 6], "rotation": 180, "texture": "#1"}
			}
		},
		{
			"from": [13.5, 27.37562, 8.81651],
			"to": [14.5, 30.37562, 12.81651],
			"rotation": {"angle": -45, "axis": "x", "origin": [8.0025, 14.46859, 4.72633]},
			"faces": {
				"north": {"uv": [12, 11, 15, 10], "rotation": 270, "texture": "#1"},
				"east": {"uv": [12, 7, 15, 11], "rotation": 270, "texture": "#1"},
				"south": {"uv": [12, 7, 15, 8], "rotation": 270, "texture": "#1"},
				"west": {"uv": [15, 7, 12, 11], "rotation": 90, "texture": "#1"},
				"up": {"uv": [15, 11, 14, 7], "texture": "#1"},
				"down": {"uv": [13, 11, 12, 7], "rotation": 180, "texture": "#1"}
			}
		},
		{
			"from": [13.5, 28.37562, 7.81651],
			"to": [14.5, 29.37562, 8.81651],
			"rotation": {"angle": -45, "axis": "x", "origin": [8.0025, 14.46859, 4.72633]},
			"faces": {
				"north": {"uv": [13, 11, 14, 12], "rotation": 270, "texture": "#1"},
				"east": {"uv": [13, 11, 14, 12], "rotation": 270, "texture": "#1"},
				"south": {"uv": [13, 11, 14, 12], "rotation": 270, "texture": "#1"},
				"west": {"uv": [13, 11, 14, 12], "rotation": 90, "texture": "#1"},
				"up": {"uv": [14, 12, 13, 11], "texture": "#1"},
				"down": {"uv": [14, 12, 13, 11], "rotation": 180, "texture": "#1"}
			}
		},
		{
			"from": [13.5, 26.37562, 13.81651],
			"to": [14.5, 29.37562, 16.81651],
			"rotation": {"angle": -45, "axis": "x", "origin": [8.0025, 14.46859, 4.72633]},
			"faces": {
				"north": {"uv": [11, 6, 14, 5], "rotation": 270, "texture": "#1"},
				"east": {"uv": [11, 3, 14, 6], "rotation": 270, "texture": "#1"},
				"south": {"uv": [11, 3, 14, 4], "rotation": 270, "texture": "#1"},
				"west": {"uv": [14, 3, 11, 6], "rotation": 90, "texture": "#1"},
				"up": {"uv": [14, 6, 13, 3], "texture": "#1"},
				"down": {"uv": [12, 6, 11, 3], "rotation": 180, "texture": "#1"}
			}
		},
		{
			"from": [13.5, 25.37562, 13.81651],
			"to": [14.5, 26.37562, 17.81651],
			"rotation": {"angle": -45, "axis": "x", "origin": [8.0025, 14.46859, 4.72633]},
			"faces": {
				"north": {"uv": [10, 5, 11, 6], "rotation": 270, "texture": "#1"},
				"east": {"uv": [10, 2, 11, 6], "rotation": 270, "texture": "#1"},
				"south": {"uv": [10, 2, 11, 3], "rotation": 270, "texture": "#1"},
				"west": {"uv": [11, 2, 10, 6], "rotation": 90, "texture": "#1"},
				"up": {"uv": [11, 6, 10, 2], "texture": "#1"},
				"down": {"uv": [11, 6, 10, 2], "rotation": 180, "texture": "#1"}
			}
		},
		{
			"from": [13.5, 21.37562, 14.81651],
			"to": [14.5, 25.37562, 17.81651],
			"rotation": {"angle": -45, "axis": "x", "origin": [8.0025, 14.46859, 4.72633]},
			"faces": {
				"north": {"uv": [6, 5, 10, 4], "rotation": 270, "texture": "#1"},
				"east": {"uv": [6, 2, 10, 5], "rotation": 270, "texture": "#1"},
				"south": {"uv": [6, 2, 10, 3], "rotation": 270, "texture": "#1"},
				"west": {"uv": [10, 2, 6, 5], "rotation": 90, "texture": "#1"},
				"up": {"uv": [10, 5, 9, 2], "texture": "#1"},
				"down": {"uv": [7, 5, 6, 2], "rotation": 180, "texture": "#1"}
			}
		},
		{
			"from": [13.5, 20.37562, 15.81651],
			"to": [14.5, 21.37562, 16.81651],
			"rotation": {"angle": -45, "axis": "x", "origin": [8.0025, 14.46859, 4.72633]},
			"faces": {
				"north": {"uv": [5, 3, 6, 4], "rotation": 270, "texture": "#1"},
				"east": {"uv": [5, 3, 6, 4], "rotation": 270, "texture": "#1"},
				"south": {"uv": [5, 3, 6, 4], "rotation": 270, "texture": "#1"},
				"west": {"uv": [5, 3, 6, 4], "rotation": 90, "texture": "#1"},
				"up": {"uv": [6, 4, 5, 3], "texture": "#1"},
				"down": {"uv": [6, 4, 5, 3], "rotation": 180, "texture": "#1"}
			}
		},
		{
			"name": "steve_right_leg",
			"from": [8, -7.701, -2.62641],
			"to": [12, 4.299, 1.37359],
			"rotation": {"angle": -45, "axis": "x", "origin": [8.0025, 14.46859, 4.72633]},
			"faces": {
				"north": {"uv": [1.01, 5.01, 1.99, 7.99], "texture": "#0"},
				"east": {"uv": [0.01, 5.01, 0.99, 7.99], "texture": "#0"},
				"south": {"uv": [3.01, 5.01, 3.99, 7.99], "texture": "#0"},
				"west": {"uv": [2.01, 5.01, 2.99, 7.99], "texture": "#0"},
				"up": {"uv": [1.99, 4.99, 1.01, 4.01], "texture": "#0"},
				"down": {"uv": [2.99, 4.99, 2.01, 4.01], "rotation": 180, "texture": "#0"}
			}
		},
		{
			"name": "steve_right_leg_2nd_layer",
			"from": [7.5, -8.201, -3.12641],
			"to": [12.5, 4.799, 1.87359],
			"rotation": {"angle": -45, "axis": "x", "origin": [8.0025, 14.46859, 4.72633]},
			"faces": {
				"north": {"uv": [1.01, 9.01, 1.99, 11.99], "texture": "#0"},
				"east": {"uv": [0.01, 9.01, 0.99, 11.99], "texture": "#0"},
				"south": {"uv": [3.01, 9.01, 3.99, 11.99], "texture": "#0"},
				"west": {"uv": [2.01, 9.01, 2.99, 11.99], "texture": "#0"},
				"up": {"uv": [1, 1, 0, 0], "texture": "#0"},
				"down": {"uv": [2.99, 7.99, 2.01, 9.01], "texture": "#0"}
			}
		},
		{
			"name": "steve_left_leg_2nd_layer",
			"from": [3.5, -9, 5.5],
			"to": [8.5, 4, 10.5],
			"rotation": {"angle": 0, "axis": "x", "origin": [8.0025, 14.46859, 4.72633]},
			"faces": {
				"north": {"uv": [1.01, 13.01, 1.99, 15.99], "texture": "#0"},
				"east": {"uv": [0.01, 13.01, 0.99, 15.99], "texture": "#0"},
				"south": {"uv": [3.01, 13.01, 3.99, 15.99], "texture": "#0"},
				"west": {"uv": [2.01, 13.01, 2.99, 15.99], "texture": "#0"},
				"up": {"uv": [1, 1, 0, 0], "texture": "#0"},
				"down": {"uv": [2.99, 11.99, 2.01, 13.01], "texture": "#0"}
			}
		},
		{
			"name": "steve_left_leg",
			"from": [4, -8.5, 6],
			"to": [8, 3.5, 10],
			"rotation": {"angle": 0, "axis": "x", "origin": [8.0025, 14.46859, 4.72633]},
			"faces": {
				"north": {"uv": [5.01, 13.01, 5.99, 15.99], "texture": "#0"},
				"east": {"uv": [4.01, 13.01, 4.99, 15.99], "texture": "#0"},
				"south": {"uv": [8.01, 13.01, 6.99, 15.99], "texture": "#0"},
				"west": {"uv": [6.01, 13.01, 6.99, 15.99], "texture": "#0"},
				"up": {"uv": [5.99, 12.99, 5.01, 12.01], "texture": "#0"},
				"down": {"uv": [6.99, 12.99, 6.01, 12.01], "rotation": 180, "texture": "#0"}
			}
		},
		{
			"name": "steve_right_arm",
			"from": [12, 9.64043, 4.52784],
			"to": [16, 21.64043, 8.52784],
			"rotation": {"angle": -45, "axis": "x", "origin": [8.0025, 14.46859, 4.72633]},
			"faces": {
				"north": {"uv": [13.01, 5.01, 13.99, 7.99], "rotation": 180, "texture": "#0"},
				"east": {"uv": [10.01, 5.01, 10.99, 7.99], "rotation": 180, "texture": "#0"},
				"south": {"uv": [11.01, 5.01, 11.99, 7.99], "rotation": 180, "texture": "#0"},
				"west": {"uv": [12.01, 5.01, 12.99, 7.99], "rotation": 180, "texture": "#0"},
				"up": {"uv": [12.99, 4.99, 12.01, 4.01], "texture": "#0"},
				"down": {"uv": [11.99, 4.99, 11.01, 4.01], "texture": "#0"}
			}
		},
		{
			"name": "steve_right_arm_2nd_layer",
			"from": [11.51, 9.14043, 4.02784],
			"to": [16.5, 22.14043, 9.02784],
			"rotation": {"angle": -45, "axis": "x", "origin": [8.0025, 14.46859, 4.72633]},
			"faces": {
				"north": {"uv": [13.01, 9.01, 13.99, 11.99], "rotation": 180, "texture": "#0"},
				"east": {"uv": [10.01, 9.01, 10.99, 11.99], "rotation": 180, "texture": "#0"},
				"south": {"uv": [11.01, 9.01, 11.99, 11.99], "rotation": 180, "texture": "#0"},
				"west": {"uv": [10.01, 9.01, 10.99, 11.99], "rotation": 180, "texture": "#0"},
				"up": {"uv": [12.99, 8.99, 12.01, 8.01], "rotation": 180, "texture": "#0"},
				"down": {"uv": [11.99, 8.99, 11.01, 8.01], "texture": "#0"}
			}
		},
		{
			"name": "steve_left_arm",
			"from": [0, 2.24275, 5.77329],
			"to": [4, 14.24275, 9.77329],
			"rotation": {"angle": -22.5, "axis": "x", "origin": [8.0025, 14.46859, 4.72633]},
			"faces": {
				"north": {"uv": [9.01, 13.01, 9.99, 15.99], "texture": "#0"},
				"east": {"uv": [8.01, 13.01, 8.99, 15.99], "texture": "#0"},
				"south": {"uv": [11.01, 13.01, 11.99, 15.99], "texture": "#0"},
				"west": {"uv": [10.01, 13.01, 10.99, 15.99], "texture": "#0"},
				"up": {"uv": [9.99, 12.99, 9.01, 12.01], "texture": "#0"},
				"down": {"uv": [10.99, 12.99, 10.01, 12.01], "texture": "#0"}
			}
		},
		{
			"name": "steve_left_arm_2nd_layer",
			"from": [-0.5, 1.74275, 5.27329],
			"to": [4.5, 14.74275, 10.27329],
			"rotation": {"angle": -22.5, "axis": "x", "origin": [8.0025, 14.46859, 4.72633]},
			"faces": {
				"north": {"uv": [13.01, 13.01, 13.99, 15.99], "texture": "#0"},
				"east": {"uv": [14.01, 13.01, 14.99, 15.99], "texture": "#0"},
				"south": {"uv": [15.01, 13.01, 15.99, 15.99], "texture": "#0"},
				"west": {"uv": [12.01, 13.01, 12.99, 15.99], "texture": "#0"},
				"up": {"uv": [13.99, 12.99, 13.01, 12.01], "texture": "#0"},
				"down": {"uv": [14.99, 12.99, 14.01, 12.01], "texture": "#0"}
			}
		},
		{
			"name": "steve_body",
			"from": [4.01, 3.5, 6],
			"to": [11.99, 15.5, 10],
			"rotation": {"angle": 0, "axis": "x", "origin": [8.0025, 14.46859, 4.72633]},
			"faces": {
				"north": {"uv": [5.01, 5.01, 6.99, 7.99], "texture": "#0"},
				"east": {"uv": [4.01, 5.01, 4.99, 7.99], "texture": "#0"},
				"south": {"uv": [8.01, 5.01, 9.99, 7.99], "texture": "#0"},
				"west": {"uv": [7.01, 5.01, 7.99, 7.99], "texture": "#0"},
				"up": {"uv": [6.99, 4.99, 5.01, 4.01], "texture": "#0"},
				"down": {"uv": [8.99, 4.99, 7.01, 4.01], "texture": "#0"}
			}
		},
		{
			"name": "steve_body_2nd_layer",
			"from": [4, 3.02, 5.49],
			"to": [12, 16.03, 10.49],
			"rotation": {"angle": 0, "axis": "x", "origin": [8.0025, 14.46859, 4.72633]},
			"faces": {
				"north": {"uv": [5.01, 9.01, 6.99, 11.99], "texture": "#0"},
				"east": {"uv": [4.01, 9.01, 4.99, 11.99], "texture": "#0"},
				"south": {"uv": [8.01, 9.01, 9.99, 11.99], "texture": "#0"},
				"west": {"uv": [7.01, 9.01, 7.99, 11.99], "texture": "#0"},
				"up": {"uv": [6.99, 8.99, 5.01, 8.01], "texture": "#0"},
				"down": {"uv": [8.99, 8.99, 7.01, 8.01], "texture": "#0"}
			}
		},
		{
			"name": "steve_head_2nd_layer",
			"from": [3.5, 16.25247, 2.24925],
			"to": [12.5, 25.25247, 11.24925],
			"rotation": {"angle": 22.5, "axis": "x", "origin": [8.0025, 14.46859, 4.72633]},
			"faces": {
				"north": {"uv": [10.01, 2.01, 11.99, 3.99], "texture": "#0"},
				"east": {"uv": [8.01, 2.01, 9.99, 3.99], "texture": "#0"},
				"south": {"uv": [14.01, 2.01, 15.99, 3.99], "texture": "#0"},
				"west": {"uv": [12.01, 2.01, 13.99, 3.99], "texture": "#0"},
				"up": {"uv": [11.99, 1.99, 10.01, 0.01], "texture": "#0"},
				"down": {"uv": [13.99, 1.99, 12.01, 0.01], "rotation": 180, "texture": "#0"}
			}
		},
		{
			"name": "steve_head",
			"from": [4, 16.75247, 2.74925],
			"to": [12, 24.75247, 10.74925],
			"rotation": {"angle": 22.5, "axis": "x", "origin": [8.0025, 14.46859, 4.72633]},
			"faces": {
				"north": {"uv": [2.01, 2.01, 3.99, 3.99], "texture": "#0"},
				"east": {"uv": [0.01, 2.01, 1.99, 3.99], "texture": "#0"},
				"south": {"uv": [6.01, 2.01, 6.99, 3.99], "texture": "#0"},
				"west": {"uv": [4.01, 2.01, 5.99, 3.99], "texture": "#0"},
				"up": {"uv": [3.99, 1.99, 2.01, 0.01], "texture": "#0"},
				"down": {"uv": [5.99, 1.99, 4.01, 0.01], "rotation": 180, "texture": "#0"}
			}
		}
	],
	"display": {
		"thirdperson_righthand": {
			"scale": [0.3, 0.3, 0.3]
		},
		"thirdperson_lefthand": {
			"scale": [0.3, 0.3, 0.3]
		},
		"firstperson_righthand": {
			"scale": [0.3, 0.3, 0.3]
		},
		"firstperson_lefthand": {
			"scale": [0.3, 0.3, 0.3]
		},
		"ground": {
			"translation": [0, 4, 0],
			"scale": [0.3, 0.3, 0.3]
		},
		"gui": {
			"rotation": [20, 135, 0],
			"translation": [0, -0.5, 0],
			"scale": [0.4, 0.4, 0.4]
		},
		"head": {
			"translation": [0, -20.12, 0],
			"scale": [1.99, 1.99, 1.99]
		},
		"fixed": {
			"translation": [0, -0.5, 0],
			"scale": [0.5, 0.5, 0.5]
		}
	},
	"groups": [
		{
			"name": "group",
			"origin": [1, 1, 19.5],
			"color": 0,
			"children": [
				{
					"name": "pickaxe",
					"origin": [1, 1, 19.5],
					"color": 0,
					"children": [0, 1, 2, 3, 4, 5, 6, 7, 8, 9, 10, 11, 12, 13, 14]
				},
				{
					"name": "right_leg",
					"origin": [0, 0, 0],
					"color": 0,
					"children": [15, 16]
				},
				{
					"name": "left_leg",
					"origin": [0, 0, 0],
					"color": 0,
					"children": [17, 18]
				},
				{
					"name": "right_arm",
					"origin": [0, 0, 0],
					"color": 0,
					"children": [19, 20]
				},
				{
					"name": "left_arm",
					"origin": [0, 0, 0],
					"color": 0,
					"children": [21, 22]
				},
				{
					"name": "body",
					"origin": [0, 0, 0],
					"color": 0,
					"children": [23, 24]
				},
				{
					"name": "head",
					"origin": [0, 0, 0],
					"color": 0,
					"children": [25, 26]
				}
			]
		}
	]
}