{
	"credit": "Made with Blockbench",
	"textures": {
		"0": "item/stone_sword",
		"1": "custom/block/cracks",
		"particle": "item/stone_sword"
	},
	"elements": [
		{
			"from": [13, 13, 7.5],
			"to": [16, 16, 8.5],
			"rotation": {"angle": 45, "axis": "z", "origin": [8, 8, 0.5]},
			"faces": {
				"north": {"uv": [0, 13, 3, 16], "rotation": 90, "texture": "#0"},
				"east": {"uv": [3, 15, 0, 16], "rotation": 270, "texture": "#0"},
				"south": {"uv": [3, 13, 0, 16], "rotation": 270, "texture": "#0"},
				"west": {"uv": [3, 13, 0, 14], "rotation": 270, "texture": "#0"},
				"up": {"uv": [0, 13, 1, 16], "rotation": 270, "texture": "#0"},
				"down": {"uv": [2, 13, 3, 16], "rotation": 270, "texture": "#0"}
			}
		},
		{
			"from": [12, 12, 7.5],
			"to": [14, 14, 8.5],
			"rotation": {"angle": 45, "axis": "z", "origin": [8, 8, 0.5]},
			"faces": {
				"north": {"uv": [2, 12, 4, 14], "rotation": 90, "texture": "#0"},
				"east": {"uv": [4, 13, 2, 14], "rotation": 270, "texture": "#0"},
				"south": {"uv": [4, 12, 2, 14], "rotation": 270, "texture": "#0"},
				"west": {"uv": [4, 12, 2, 13], "rotation": 270, "texture": "#0"},
				"up": {"uv": [2, 12, 3, 14], "rotation": 270, "texture": "#0"},
				"down": {"uv": [3, 12, 4, 14], "rotation": 270, "texture": "#0"}
			}
		},
		{
			"from": [11, 11, 7.5],
			"to": [13, 13, 8.5],
			"rotation": {"angle": 45, "axis": "z", "origin": [8, 8, 0.5]},
			"faces": {
				"north": {"uv": [3, 11, 5, 13], "rotation": 90, "texture": "#0"},
				"east": {"uv": [5, 12, 3, 13], "rotation": 270, "texture": "#0"},
				"south": {"uv": [5, 11, 3, 13], "rotation": 270, "texture": "#0"},
				"west": {"uv": [5, 11, 3, 12], "rotation": 270, "texture": "#0"},
				"up": {"uv": [3, 11, 4, 13], "rotation": 270, "texture": "#0"},
				"down": {"uv": [4, 11, 5, 13], "rotation": 270, "texture": "#0"}
			}
		},
		{
			"from": [8, 8, 7.5],
			"to": [12, 12, 8.5],
			"rotation": {"angle": 45, "axis": "z", "origin": [8, 8, 0.5]},
			"faces": {
				"north": {"uv": [4, 8, 8, 12], "rotation": 90, "texture": "#0"},
				"east": {"uv": [8, 11, 4, 12], "rotation": 270, "texture": "#0"},
				"south": {"uv": [8, 8, 4, 12], "rotation": 270, "texture": "#0"},
				"west": {"uv": [8, 8, 4, 9], "rotation": 270, "texture": "#0"},
				"up": {"uv": [4, 8, 5, 12], "rotation": 270, "texture": "#0"},
				"down": {"uv": [7, 8, 8, 12], "rotation": 270, "texture": "#0"}
			}
		},
		{
			"from": [11, 7, 7.5],
			"to": [13, 10, 8.5],
			"rotation": {"angle": 45, "axis": "z", "origin": [8, 8, 0.5]},
			"faces": {
				"north": {"uv": [6, 11, 9, 13], "rotation": 90, "texture": "#0"},
				"east": {"uv": [9, 12, 6, 13], "rotation": 270, "texture": "#0"},
				"south": {"uv": [9, 11, 6, 13], "rotation": 270, "texture": "#0"},
				"west": {"uv": [9, 11, 6, 12], "rotation": 270, "texture": "#0"},
				"up": {"uv": [6, 11, 7, 13], "rotation": 270, "texture": "#0"},
				"down": {"uv": [8, 11, 9, 13], "rotation": 270, "texture": "#0"}
			}
		},
		{
			"from": [12, 6, 7.5],
			"to": [14, 8, 8.5],
			"rotation": {"angle": 45, "axis": "z", "origin": [8, 8, 0.5]},
			"faces": {
				"north": {"uv": [8, 12, 10, 14], "rotation": 90, "texture": "#0"},
				"east": {"uv": [10, 13, 8, 14], "rotation": 270, "texture": "#0"},
				"south": {"uv": [10, 12, 8, 14], "rotation": 270, "texture": "#0"},
				"west": {"uv": [10, 12, 8, 13], "rotation": 270, "texture": "#0"},
				"up": {"uv": [8, 12, 9, 14], "rotation": 270, "texture": "#0"},
				"down": {"uv": [9, 12, 10, 14], "rotation": 270, "texture": "#0"}
			}
		},
		{
			"from": [7, 11, 7.5],
			"to": [10, 13, 8.5],
			"rotation": {"angle": 45, "axis": "z", "origin": [8, 8, 0.5]},
			"faces": {
				"north": {"uv": [3, 7, 5, 10], "rotation": 90, "texture": "#0"},
				"east": {"uv": [5, 9, 3, 10], "rotation": 270, "texture": "#0"},
				"south": {"uv": [5, 7, 3, 10], "rotation": 270, "texture": "#0"},
				"west": {"uv": [5, 7, 3, 8], "rotation": 270, "texture": "#0"},
				"up": {"uv": [3, 7, 4, 10], "rotation": 270, "texture": "#0"},
				"down": {"uv": [4, 7, 5, 10], "rotation": 270, "texture": "#0"}
			}
		},
		{
			"from": [6, 12, 7.5],
			"to": [8, 14, 8.5],
			"rotation": {"angle": 45, "axis": "z", "origin": [8, 8, 0.5]},
			"faces": {
				"north": {"uv": [2, 6, 4, 8], "rotation": 90, "texture": "#0"},
				"east": {"uv": [4, 7, 2, 8], "rotation": 270, "texture": "#0"},
				"south": {"uv": [4, 6, 2, 8], "rotation": 270, "texture": "#0"},
				"west": {"uv": [4, 6, 2, 7], "rotation": 270, "texture": "#0"},
				"up": {"uv": [2, 6, 3, 8], "rotation": 270, "texture": "#0"},
				"down": {"uv": [3, 6, 4, 8], "rotation": 270, "texture": "#0"}
			}
		},
		{
			"from": [7, 7, 7.5],
			"to": [10, 10, 8.5],
			"rotation": {"angle": 45, "axis": "z", "origin": [8, 8, 0.5]},
			"faces": {
				"north": {"uv": [6, 7, 9, 10], "rotation": 90, "texture": "#0"},
				"east": {"uv": [9, 9, 6, 10], "rotation": 270, "texture": "#0"},
				"south": {"uv": [9, 7, 6, 10], "rotation": 270, "texture": "#0"},
				"west": {"uv": [9, 7, 6, 8], "rotation": 270, "texture": "#0"},
				"up": {"uv": [6, 7, 7, 10], "rotation": 270, "texture": "#0"},
				"down": {"uv": [8, 7, 9, 10], "rotation": 270, "texture": "#0"}
			}
		},
		{
			"from": [6, 6, 7.5],
			"to": [9, 9, 8.5],
			"rotation": {"angle": 45, "axis": "z", "origin": [8, 8, 0.5]},
			"faces": {
				"north": {"uv": [7, 6, 10, 9], "rotation": 90, "texture": "#0"},
				"east": {"uv": [10, 8, 7, 9], "rotation": 270, "texture": "#0"},
				"south": {"uv": [10, 6, 7, 9], "rotation": 270, "texture": "#0"},
				"west": {"uv": [10, 6, 7, 7], "rotation": 270, "texture": "#0"},
				"up": {"uv": [7, 6, 8, 9], "rotation": 270, "texture": "#0"},
				"down": {"uv": [9, 6, 10, 9], "rotation": 270, "texture": "#0"}
			}
		},
		{
			"from": [5, 5, 7.5],
			"to": [8, 8, 8.5],
			"rotation": {"angle": 45, "axis": "z", "origin": [8, 8, 0.5]},
			"faces": {
				"north": {"uv": [8, 5, 11, 8], "rotation": 90, "texture": "#0"},
				"east": {"uv": [11, 7, 8, 8], "rotation": 270, "texture": "#0"},
				"south": {"uv": [11, 5, 8, 8], "rotation": 270, "texture": "#0"},
				"west": {"uv": [11, 5, 8, 6], "rotation": 270, "texture": "#0"},
				"up": {"uv": [8, 5, 9, 8], "rotation": 270, "texture": "#0"},
				"down": {"uv": [10, 5, 11, 8], "rotation": 270, "texture": "#0"}
			}
		},
		{
			"from": [4, 4, 7.5],
			"to": [7, 7, 8.5],
			"rotation": {"angle": 45, "axis": "z", "origin": [8, 8, 0.5]},
			"faces": {
				"north": {"uv": [9, 4, 12, 7], "rotation": 90, "texture": "#0"},
				"east": {"uv": [12, 6, 9, 7], "rotation": 270, "texture": "#0"},
				"south": {"uv": [12, 4, 9, 7], "rotation": 270, "texture": "#0"},
				"west": {"uv": [12, 4, 9, 5], "rotation": 270, "texture": "#0"},
				"up": {"uv": [9, 4, 10, 7], "rotation": 270, "texture": "#0"},
				"down": {"uv": [11, 4, 12, 7], "rotation": 270, "texture": "#0"}
			}
		},
		{
			"from": [3, 3, 7.5],
			"to": [6, 6, 8.5],
			"rotation": {"angle": 45, "axis": "z", "origin": [8, 8, 0.5]},
			"faces": {
				"north": {"uv": [10, 3, 13, 6], "rotation": 90, "texture": "#0"},
				"east": {"uv": [13, 5, 10, 6], "rotation": 270, "texture": "#0"},
				"south": {"uv": [13, 3, 10, 6], "rotation": 270, "texture": "#0"},
				"west": {"uv": [13, 3, 10, 4], "rotation": 270, "texture": "#0"},
				"up": {"uv": [10, 3, 11, 6], "rotation": 270, "texture": "#0"},
				"down": {"uv": [12, 3, 13, 6], "rotation": 270, "texture": "#0"}
			}
		},
		{
			"from": [2, 2, 7.5],
			"to": [5, 5, 8.5],
			"rotation": {"angle": 45, "axis": "z", "origin": [8, 8, 0.5]},
			"faces": {
				"north": {"uv": [11, 2, 14, 5], "rotation": 90, "texture": "#0"},
				"east": {"uv": [14, 4, 11, 5], "rotation": 270, "texture": "#0"},
				"south": {"uv": [14, 2, 11, 5], "rotation": 270, "texture": "#0"},
				"west": {"uv": [14, 2, 11, 3], "rotation": 270, "texture": "#0"},
				"up": {"uv": [11, 2, 12, 5], "rotation": 270, "texture": "#0"},
				"down": {"uv": [13, 2, 14, 5], "rotation": 270, "texture": "#0"}
			}
		},
		{
			"from": [1, 1, 7.5],
			"to": [4, 4, 8.5],
			"rotation": {"angle": 45, "axis": "z", "origin": [8, 8, 0.5]},
			"faces": {
				"north": {"uv": [12, 1, 15, 4], "rotation": 90, "texture": "#0"},
				"east": {"uv": [15, 3, 12, 4], "rotation": 270, "texture": "#0"},
				"south": {"uv": [15, 1, 12, 4], "rotation": 270, "texture": "#0"},
				"west": {"uv": [15, 1, 12, 2], "rotation": 270, "texture": "#0"},
				"up": {"uv": [12, 1, 13, 4], "rotation": 270, "texture": "#0"},
				"down": {"uv": [14, 1, 15, 4], "rotation": 270, "texture": "#0"}
			}
		},
		{
			"from": [0, 0, 7.5],
			"to": [3, 3, 8.5],
			"rotation": {"angle": 45, "axis": "z", "origin": [8, 8, 0.5]},
			"faces": {
				"north": {"uv": [13, 0, 16, 3], "rotation": 90, "texture": "#0"},
				"east": {"uv": [16, 2, 13, 3], "rotation": 270, "texture": "#0"},
				"south": {"uv": [16, 0, 13, 3], "rotation": 270, "texture": "#0"},
				"west": {"uv": [16, 0, 13, 1], "rotation": 270, "texture": "#0"},
				"up": {"uv": [13, 0, 14, 3], "rotation": 270, "texture": "#0"},
				"down": {"uv": [15, 0, 16, 3], "rotation": 270, "texture": "#0"}
			}
		},
		{
			"from": [0, 0.01, 0],
			"to": [16, 0.01, 16],
			"rotation": {"angle": 0, "axis": "y", "origin": [8, 0, 8]},
			"faces": {
				"north": {"uv": [0, 0, 16, 0], "texture": "#1"},
				"east": {"uv": [0, 0, 16, 0], "texture": "#1"},
				"south": {"uv": [0, 0, 16, 0], "texture": "#1"},
				"west": {"uv": [0, 0, 16, 0], "texture": "#1"},
				"up": {"uv": [0, 0, 16, 16], "rotation": 90, "texture": "#1"},
				"down": {"uv": [0, 16, 16, 0], "rotation": 270, "texture": "#1"}
			}
		}
	],
	"display": {
		"thirdperson_righthand": {
			"rotation": [75, -135, 0],
			"translation": [0, 2.75, 2.5],
			"scale": [0.31, 0.31, 0.31]
		},
		"thirdperson_lefthand": {
			"rotation": [75, 135, 0],
			"translation": [0, 2.75, 2.5],
			"scale": [0.31, 0.31, 0.31]
		},
		"firstperson_righthand": {
			"rotation": [0, -135, 0],
			"translation": [0, 3.75, 0],
			"scale": [0.4, 0.4, 0.4]
		},
		"firstperson_lefthand": {
			"rotation": [0, -135, 0],
			"translation": [0, 3.75, 0],
			"scale": [0.4, 0.4, 0.4]
		},
		"ground": {
			"rotation": [0, 180, 0],
			"translation": [0, 5, 0]
		},
		"gui": {
			"rotation": [30, 45, 0],
			"translation": [0, 1.75, 0],
			"scale": [0.9, 0.9, 0.9]
		},
		"head": {
			"rotation": [0, 180, 0],
			"translation": [0, 13.75, 0],
			"scale": [0.9, 0.9, 0.9]
		},
		"fixed": {
			"rotation": [-90, 180, 0],
			"translation": [0, 0, -16],
			"scale": [2, 2, 2]
		}
	},
	"groups": [
		{
			"name": "group",
			"origin": [0, 0, 0],
			"color": 0,
			"children": [0, 1, 2, 3, 4, 5, 6, 7, 8, 9, 10, 11, 12, 13, 14, 15, 16]
		}
	]
}