{
	"credit": "Made with Blockbench",
	"textures": {
		"0": "block/diamond_block",
		"1": "block/diamond_ore",
		"2": "item/diamond_pickaxe",
		"particle": "block/diamond_block"
	},
	"elements": [
		{
			"from": [13, 3, 7],
			"to": [15, 15, 8],
			"rotation": {"angle": 0, "axis": "y", "origin": [8, 8, 7.5]},
			"faces": {
				"north": {"uv": [1, 1, 3, 13], "texture": "#0"},
				"east": {"uv": [13, 2, 14, 14], "texture": "#0"},
				"south": {"uv": [13, 1, 15, 13], "texture": "#0"},
				"west": {"uv": [2, 2, 3, 14], "texture": "#0"},
				"up": {"uv": [8, 14, 10, 15], "rotation": 180, "texture": "#0"},
				"down": {"uv": [13, 15, 15, 16], "rotation": 180, "texture": "#0"}
			}
		},
		{
			"from": [1, 1, 7],
			"to": [3, 13, 8],
			"rotation": {"angle": 0, "axis": "y", "origin": [8, 8, 7.5]},
			"faces": {
				"north": {"uv": [13, 3, 15, 15], "texture": "#0"},
				"east": {"uv": [13, 2, 14, 14], "texture": "#0"},
				"south": {"uv": [1, 3, 3, 15], "texture": "#0"},
				"west": {"uv": [13, 2, 14, 14], "texture": "#0"},
				"up": {"uv": [13, 0, 15, 1], "rotation": 180, "texture": "#0"},
				"down": {"uv": [11, 0, 13, 1], "rotation": 180, "texture": "#0"}
			}
		},
		{
			"from": [3, 1, 7],
			"to": [15, 3, 8],
			"rotation": {"angle": 0, "axis": "y", "origin": [8, 8, 7.5]},
			"faces": {
				"north": {"uv": [1, 13, 13, 15], "texture": "#0"},
				"east": {"uv": [0, 13, 1, 15], "texture": "#0"},
				"south": {"uv": [3, 13, 15, 15], "texture": "#0"},
				"west": {"uv": [0, 13, 1, 15], "texture": "#0"},
				"up": {"uv": [1, 2, 13, 3], "rotation": 180, "texture": "#0"},
				"down": {"uv": [16, 15, 4, 16], "rotation": 180, "texture": "#0"}
			}
		},
		{
			"from": [1, 13, 7],
			"to": [13, 15, 8],
			"rotation": {"angle": 0, "axis": "y", "origin": [8, 8, 7.5]},
			"faces": {
				"north": {"uv": [3, 1, 15, 3], "texture": "#0"},
				"east": {"uv": [0, 13, 1, 15], "texture": "#0"},
				"south": {"uv": [1, 1, 13, 3], "texture": "#0"},
				"west": {"uv": [2, 3, 3, 5], "texture": "#0"},
				"up": {"uv": [13, 2, 1, 3], "rotation": 180, "texture": "#0"},
				"down": {"uv": [16, 15, 4, 16], "rotation": 180, "texture": "#0"}
			}
		},
		{
			"from": [2, -16, 7],
			"to": [14, -11, 11],
			"faces": {
				"north": {"uv": [0, 0, 12, 5], "texture": "#1"},
				"east": {"uv": [4, 1, 8, 6], "texture": "#1"},
				"south": {"uv": [0, 11, 12, 16], "texture": "#1"},
				"west": {"uv": [0, 0, 4, 5], "texture": "#1"},
				"up": {"uv": [4, 4, 16, 8], "texture": "#1"},
				"down": {"uv": [0, 4, 12, 8], "texture": "#1"}
			}
		},
		{
			"from": [-2, -14, 7],
			"to": [9, -4, 13],
			"faces": {
				"north": {"uv": [0, 0, 11, 10], "texture": "#1"},
				"east": {"uv": [2, 0, 8, 10], "texture": "#1"},
				"south": {"uv": [0, 1, 11, 11], "texture": "#1"},
				"west": {"uv": [0, 0, 6, 10], "texture": "#1"},
				"up": {"uv": [0, 0, 11, 6], "texture": "#1"},
				"down": {"uv": [0, 4, 11, 10], "texture": "#1"}
			}
		},
		{
			"from": [1, -8, 7],
			"to": [7, 0, 15],
			"faces": {
				"north": {"uv": [0, 0, 6, 8], "texture": "#1"},
				"east": {"uv": [6, 0, 14, 8], "texture": "#1"},
				"south": {"uv": [0, 0, 6, 8], "texture": "#1"},
				"west": {"uv": [0, 0, 8, 8], "texture": "#1"},
				"up": {"uv": [0, 0, 6, 8], "texture": "#1"},
				"down": {"uv": [0, 0, 6, 8], "texture": "#1"}
			}
		},
		{
			"from": [13, -5, 7],
			"to": [16, -1, 10],
			"faces": {
				"north": {"uv": [0, 0, 3, 4], "texture": "#1"},
				"east": {"uv": [12, 5, 15, 9], "texture": "#1"},
				"south": {"uv": [10, 3, 13, 7], "texture": "#1"},
				"west": {"uv": [1, 11, 4, 15], "texture": "#1"},
				"up": {"uv": [10, 3, 13, 7], "texture": "#1"},
				"down": {"uv": [12, 12, 15, 15], "texture": "#1"}
			}
		},
		{
			"from": [15, -8, 7],
			"to": [18, -6, 9],
			"faces": {
				"north": {"uv": [0, 0, 3, 2], "texture": "#1"},
				"east": {"uv": [13, 5, 15, 7], "texture": "#1"},
				"south": {"uv": [13, 0, 16, 2], "texture": "#1"},
				"west": {"uv": [2, 11, 4, 13], "texture": "#1"},
				"up": {"uv": [11, 3, 14, 5], "texture": "#1"},
				"down": {"uv": [3, 1, 6, 3], "texture": "#1"}
			}
		},
		{
			"from": [15.8743, -16, 12.06358],
			"to": [17.8743, -15, 13.06358],
			"rotation": {"angle": -45, "axis": "y", "origin": [12.6243, -7, 14.56358]},
			"faces": {
				"north": {"uv": [2, 14, 4, 15], "texture": "#2"},
				"east": {"uv": [2, 14, 3, 15], "texture": "#2"},
				"south": {"uv": [2, 14, 4, 15], "texture": "#2"},
				"west": {"uv": [3, 14, 4, 15], "texture": "#2"},
				"up": {"uv": [2, 14, 4, 15], "rotation": 180, "texture": "#2"},
				"down": {"uv": [2, 14, 4, 15], "rotation": 180, "texture": "#2"}
			}
		},
		{
			"from": [14.8743, -15, 12.06358],
			"to": [17.8743, -14, 13.06358],
			"rotation": {"angle": -45, "axis": "y", "origin": [12.6243, -7, 14.56358]},
			"faces": {
				"north": {"uv": [2, 13, 5, 14], "texture": "#2"},
				"east": {"uv": [2, 13, 3, 14], "texture": "#2"},
				"south": {"uv": [5, 13, 2, 14], "texture": "#2"},
				"west": {"uv": [4, 13, 5, 14], "texture": "#2"},
				"up": {"uv": [2, 13, 5, 14], "rotation": 180, "texture": "#2"},
				"down": {"uv": [2, 13, 5, 14], "rotation": 180, "texture": "#2"}
			}
		},
		{
			"from": [13.8743, -14, 12.06358],
			"to": [16.8743, -13, 13.06358],
			"rotation": {"angle": -45, "axis": "y", "origin": [12.6243, -7, 14.56358]},
			"faces": {
				"north": {"uv": [3, 12, 6, 13], "texture": "#2"},
				"east": {"uv": [3, 12, 4, 13], "texture": "#2"},
				"south": {"uv": [6, 12, 3, 13], "texture": "#2"},
				"west": {"uv": [5, 12, 6, 13], "texture": "#2"},
				"up": {"uv": [3, 12, 6, 13], "rotation": 180, "texture": "#2"},
				"down": {"uv": [3, 12, 6, 13], "rotation": 180, "texture": "#2"}
			}
		},
		{
			"from": [12.8743, -13, 12.06358],
			"to": [15.8743, -12, 13.06358],
			"rotation": {"angle": -45, "axis": "y", "origin": [12.6243, -7, 14.56358]},
			"faces": {
				"north": {"uv": [4, 11, 7, 12], "texture": "#2"},
				"east": {"uv": [4, 11, 5, 12], "texture": "#2"},
				"south": {"uv": [7, 11, 4, 12], "texture": "#2"},
				"west": {"uv": [6, 11, 7, 12], "texture": "#2"},
				"up": {"uv": [4, 11, 7, 12], "rotation": 180, "texture": "#2"},
				"down": {"uv": [4, 11, 7, 12], "rotation": 180, "texture": "#2"}
			}
		},
		{
			"from": [11.8743, -12, 12.06358],
			"to": [14.8743, -11, 13.06358],
			"rotation": {"angle": -45, "axis": "y", "origin": [12.6243, -7, 14.56358]},
			"faces": {
				"north": {"uv": [5, 10, 8, 11], "texture": "#2"},
				"east": {"uv": [5, 10, 6, 11], "texture": "#2"},
				"south": {"uv": [8, 10, 5, 11], "texture": "#2"},
				"west": {"uv": [7, 10, 8, 11], "texture": "#2"},
				"up": {"uv": [5, 10, 8, 11], "rotation": 180, "texture": "#2"},
				"down": {"uv": [5, 10, 8, 11], "rotation": 180, "texture": "#2"}
			}
		},
		{
			"from": [10.8743, -11, 12.06358],
			"to": [13.8743, -10, 13.06358],
			"rotation": {"angle": -45, "axis": "y", "origin": [12.6243, -7, 14.56358]},
			"faces": {
				"north": {"uv": [6, 9, 9, 10], "texture": "#2"},
				"east": {"uv": [6, 9, 7, 10], "texture": "#2"},
				"south": {"uv": [9, 9, 6, 10], "texture": "#2"},
				"west": {"uv": [8, 9, 9, 10], "texture": "#2"},
				"up": {"uv": [6, 9, 9, 10], "rotation": 180, "texture": "#2"},
				"down": {"uv": [6, 9, 9, 10], "rotation": 180, "texture": "#2"}
			}
		},
		{
			"from": [9.8743, -10, 12.06358],
			"to": [12.8743, -9, 13.06358],
			"rotation": {"angle": -45, "axis": "y", "origin": [12.6243, -7, 14.56358]},
			"faces": {
				"north": {"uv": [7, 8, 10, 9], "texture": "#2"},
				"east": {"uv": [7, 8, 8, 9], "texture": "#2"},
				"south": {"uv": [10, 8, 7, 9], "texture": "#2"},
				"west": {"uv": [9, 8, 10, 9], "texture": "#2"},
				"up": {"uv": [7, 8, 10, 9], "rotation": 180, "texture": "#2"},
				"down": {"uv": [7, 8, 10, 9], "rotation": 180, "texture": "#2"}
			}
		},
		{
			"from": [8.8743, -9, 12.06358],
			"to": [11.8743, -8, 13.06358],
			"rotation": {"angle": -45, "axis": "y", "origin": [12.6243, -7, 14.56358]},
			"faces": {
				"north": {"uv": [8, 7, 11, 8], "texture": "#2"},
				"east": {"uv": [8, 7, 9, 8], "texture": "#2"},
				"south": {"uv": [11, 7, 8, 8], "texture": "#2"},
				"west": {"uv": [10, 7, 11, 8], "texture": "#2"},
				"up": {"uv": [8, 7, 11, 8], "rotation": 180, "texture": "#2"},
				"down": {"uv": [8, 7, 11, 8], "rotation": 180, "texture": "#2"}
			}
		},
		{
			"from": [4.8743, -8, 12.06358],
			"to": [10.8743, -7, 13.06358],
			"rotation": {"angle": -45, "axis": "y", "origin": [12.6243, -7, 14.56358]},
			"faces": {
				"north": {"uv": [9, 6, 15, 7], "texture": "#2"},
				"east": {"uv": [9, 6, 10, 7], "texture": "#2"},
				"south": {"uv": [15, 6, 9, 7], "texture": "#2"},
				"west": {"uv": [14, 6, 15, 7], "texture": "#2"},
				"up": {"uv": [9, 6, 15, 7], "rotation": 180, "texture": "#2"},
				"down": {"uv": [9, 6, 15, 7], "rotation": 180, "texture": "#2"}
			}
		},
		{
			"from": [4.8743, -12, 12.06358],
			"to": [7.8743, -8, 13.06358],
			"rotation": {"angle": -45, "axis": "y", "origin": [12.6243, -7, 14.56358]},
			"faces": {
				"north": {"uv": [12, 7, 15, 11], "texture": "#2"},
				"east": {"uv": [12, 7, 13, 11], "texture": "#2"},
				"south": {"uv": [15, 7, 12, 11], "texture": "#2"},
				"west": {"uv": [14, 7, 15, 11], "texture": "#2"},
				"up": {"uv": [12, 7, 15, 8], "rotation": 180, "texture": "#2"},
				"down": {"uv": [12, 11, 15, 10], "rotation": 180, "texture": "#2"}
			}
		},
		{
			"from": [5.8743, -13, 12.06358],
			"to": [6.8743, -12, 13.06358],
			"rotation": {"angle": -45, "axis": "y", "origin": [12.6243, -7, 14.56358]},
			"faces": {
				"north": {"uv": [13, 11, 14, 12], "texture": "#2"},
				"east": {"uv": [13, 11, 14, 12], "texture": "#2"},
				"south": {"uv": [13, 11, 14, 12], "texture": "#2"},
				"west": {"uv": [13, 11, 14, 12], "texture": "#2"},
				"up": {"uv": [13, 11, 14, 12], "rotation": 180, "texture": "#2"},
				"down": {"uv": [13, 11, 14, 12], "rotation": 180, "texture": "#2"}
			}
		},
		{
			"from": [5.8743, -7, 12.06358],
			"to": [8.8743, -4, 13.06358],
			"rotation": {"angle": -45, "axis": "y", "origin": [12.6243, -7, 14.56358]},
			"faces": {
				"north": {"uv": [11, 3, 14, 6], "texture": "#2"},
				"east": {"uv": [11, 3, 12, 6], "texture": "#2"},
				"south": {"uv": [14, 3, 11, 6], "texture": "#2"},
				"west": {"uv": [13, 3, 14, 6], "texture": "#2"},
				"up": {"uv": [11, 3, 14, 4], "rotation": 180, "texture": "#2"},
				"down": {"uv": [11, 6, 14, 5], "rotation": 180, "texture": "#2"}
			}
		},
		{
			"from": [8.8743, -7, 12.06358],
			"to": [9.8743, -3, 13.06358],
			"rotation": {"angle": -45, "axis": "y", "origin": [12.6243, -7, 14.56358]},
			"faces": {
				"north": {"uv": [10, 2, 11, 6], "texture": "#2"},
				"east": {"uv": [10, 2, 11, 6], "texture": "#2"},
				"south": {"uv": [11, 2, 10, 6], "texture": "#2"},
				"west": {"uv": [10, 2, 11, 6], "texture": "#2"},
				"up": {"uv": [10, 2, 11, 3], "rotation": 180, "texture": "#2"},
				"down": {"uv": [10, 5, 11, 6], "rotation": 180, "texture": "#2"}
			}
		},
		{
			"from": [9.8743, -6, 12.06358],
			"to": [13.8743, -3, 13.06358],
			"rotation": {"angle": -45, "axis": "y", "origin": [12.6243, -7, 14.56358]},
			"faces": {
				"north": {"uv": [6, 2, 10, 5], "texture": "#2"},
				"east": {"uv": [6, 2, 7, 5], "texture": "#2"},
				"south": {"uv": [10, 2, 6, 5], "texture": "#2"},
				"west": {"uv": [9, 2, 10, 5], "texture": "#2"},
				"up": {"uv": [6, 2, 10, 3], "rotation": 180, "texture": "#2"},
				"down": {"uv": [6, 5, 10, 4], "rotation": 180, "texture": "#2"}
			}
		},
		{
			"from": [13.8743, -5, 12.06358],
			"to": [14.8743, -4, 13.06358],
			"rotation": {"angle": -45, "axis": "y", "origin": [12.6243, -7, 14.56358]},
			"faces": {
				"north": {"uv": [5, 3, 6, 4], "texture": "#2"},
				"east": {"uv": [5, 3, 6, 4], "texture": "#2"},
				"south": {"uv": [5, 3, 6, 4], "texture": "#2"},
				"west": {"uv": [5, 3, 6, 4], "texture": "#2"},
				"up": {"uv": [5, 3, 6, 4], "rotation": 180, "texture": "#2"},
				"down": {"uv": [5, 3, 6, 4], "rotation": 180, "texture": "#2"}
			}
		}
	],
	"display": {
		"thirdperson_righthand": {
			"rotation": [75, -135, 0],
			"translation": [0, 2.75, 4],
			"scale": [0.31, 0.31, 0.31]
		},
		"thirdperson_lefthand": {
			"rotation": [75, 135, 0],
			"translation": [0, 2.75, 4],
			"scale": [0.31, 0.31, 0.31]
		},
		"firstperson_righthand": {
			"rotation": [0, -135, 0],
			"scale": [0.4, 0.4, 0.4]
		},
		"firstperson_lefthand": {
			"rotation": [0, -135, 0],
			"scale": [0.4, 0.4, 0.4]
		},
		"ground": {
			"rotation": [0, 180, 0],
			"translation": [0, 6, 0],
			"scale": [0.25, 0.25, 0.25]
		},
		"gui": {
			"rotation": [30, 45, 0],
			"translation": [0, 4, 0],
			"scale": [0.53, 0.53, 0.53]
		},
		"head": {
			"rotation": [0, 180, 0],
			"scale": [1.6, 1.6, 1.6]
		},
		"fixed": {
			"rotation": [0, 180, 0],
			"translation": [0, 32, -2.01],
			"scale": [1.99, 1.99, 1.99]
		}
	},
	"groups": [
		0,
		1,
		2,
		3,
		4,
		5,
		6,
		7,
		8,
		{
			"name": "group",
			"origin": [1, 1, 19.5],
			"color": 0,
			"children": [9, 10, 11, 12, 13, 14, 15, 16, 17, 18, 19, 20, 21, 22, 23]
		}
	]
}