{
	"credit": "Made with Blockbench",
	"texture_size": [64, 64],
	"textures": {
		"0": "custom/block/season_title",
		"1": "block/warped_fungus_blossom",
		"particle": "custom/block/season_title"
	},
	"elements": [
		{
			"from": [22, 1.5, 4],
			"to": [28, 4, 12],
			"rotation": {"angle": 0, "axis": "y", "origin": [-4, 0, 0]},
			"faces": {
				"north": {"uv": [0, 2.75, 3, 4], "texture": "#0"},
				"east": {"uv": [0, 2.75, 0.25, 4], "texture": "#0"},
				"south": {"uv": [3, 2.75, 0, 4], "texture": "#0"},
				"west": {"uv": [2.75, 2.75, 3, 4], "texture": "#0"},
				"up": {"uv": [3, 2.75, 0, 3], "texture": "#0"},
				"down": {"uv": [3, 3.75, 0, 4], "texture": "#0"}
			}
		},
		{
			"from": [22, 4, 4],
			"to": [25, 4.5, 12],
			"rotation": {"angle": 0, "axis": "y", "origin": [-4, 0, 0]},
			"faces": {
				"north": {"uv": [1.5, 2.5, 3, 2.75], "texture": "#0"},
				"east": {"uv": [1.5, 2.5, 1.75, 2.75], "texture": "#0"},
				"south": {"uv": [3, 2.5, 1.5, 2.75], "texture": "#0"},
				"west": {"uv": [2.75, 2.5, 3, 2.75], "texture": "#0"},
				"up": {"uv": [3, 2.5, 1.5, 2.75], "texture": "#0"},
				"down": {"uv": [3, 2.5, 1.5, 2.75], "texture": "#0"}
			}
		},
		{
			"from": [22, 4.5, 4],
			"to": [28, 6.5, 12],
			"rotation": {"angle": 0, "axis": "y", "origin": [-4, 0, 0]},
			"faces": {
				"north": {"uv": [0, 1.5, 3, 2.5], "texture": "#0"},
				"east": {"uv": [0, 1.5, 0.25, 2.5], "texture": "#0"},
				"south": {"uv": [3, 1.5, 0, 2.5], "texture": "#0"},
				"west": {"uv": [2.75, 1.5, 3, 2.5], "texture": "#0"},
				"up": {"uv": [3, 1.5, 0, 1.75], "texture": "#0"},
				"down": {"uv": [3, 2.25, 0, 2.5], "texture": "#0"}
			}
		},
		{
			"from": [25, 6.5, 4],
			"to": [28, 7, 12],
			"rotation": {"angle": 0, "axis": "y", "origin": [-4, 0, 0]},
			"faces": {
				"north": {"uv": [0, 1.25, 1.5, 1.5], "texture": "#0"},
				"east": {"uv": [0, 1.25, 0.25, 1.5], "texture": "#0"},
				"south": {"uv": [1.5, 1.25, 0, 1.5], "texture": "#0"},
				"west": {"uv": [1.25, 1.25, 1.5, 1.5], "texture": "#0"},
				"up": {"uv": [1.5, 1.25, 0, 1.5], "texture": "#0"},
				"down": {"uv": [1.5, 1.25, 0, 1.5], "texture": "#0"}
			}
		},
		{
			"from": [22, 7, 4],
			"to": [28, 9.5, 12],
			"rotation": {"angle": 0, "axis": "y", "origin": [-4, 0, 0]},
			"faces": {
				"north": {"uv": [0, 0, 3, 1.25], "texture": "#0"},
				"east": {"uv": [0, 0, 0.25, 1.25], "texture": "#0"},
				"south": {"uv": [3, 0, 0, 1.25], "texture": "#0"},
				"west": {"uv": [2.75, 0, 3, 1.25], "texture": "#0"},
				"up": {"uv": [3, 0, 0, 0.25], "texture": "#0"},
				"down": {"uv": [3, 1, 0, 1.25], "texture": "#0"}
			}
		},
		{
			"from": [15.5, 7, 4],
			"to": [21.5, 9.5, 12],
			"rotation": {"angle": 0, "axis": "y", "origin": [-4, 0, 0]},
			"faces": {
				"north": {"uv": [3.5, 0, 6.5, 1.25], "texture": "#0"},
				"east": {"uv": [3.5, 0, 3.75, 1.25], "texture": "#0"},
				"south": {"uv": [6.5, 0, 3.5, 1.25], "texture": "#0"},
				"west": {"uv": [6.25, 0, 6.5, 1.25], "texture": "#0"},
				"up": {"uv": [6.5, 0, 3.5, 0.25], "texture": "#0"},
				"down": {"uv": [6.5, 1, 3.5, 1.25], "texture": "#0"}
			}
		},
		{
			"from": [15.5, 1.5, 4],
			"to": [21.5, 4, 12],
			"rotation": {"angle": 0, "axis": "y", "origin": [-4, 0, 0]},
			"faces": {
				"north": {"uv": [3.5, 2.75, 6.5, 4], "texture": "#0"},
				"east": {"uv": [3.5, 2.75, 3.75, 4], "texture": "#0"},
				"south": {"uv": [6.5, 2.75, 3.5, 4], "texture": "#0"},
				"west": {"uv": [6.25, 2.75, 6.5, 4], "texture": "#0"},
				"up": {"uv": [6.5, 2.75, 3.5, 3], "texture": "#0"},
				"down": {"uv": [6.5, 3.75, 3.5, 4], "texture": "#0"}
			}
		},
		{
			"from": [15.5, 4.5, 4],
			"to": [21.5, 6.5, 12],
			"rotation": {"angle": 0, "axis": "y", "origin": [-4, 0, 0]},
			"faces": {
				"north": {"uv": [3.5, 1.5, 6.5, 2.5], "texture": "#0"},
				"east": {"uv": [3.5, 1.5, 3.75, 2.5], "texture": "#0"},
				"south": {"uv": [6.5, 1.5, 3.5, 2.5], "texture": "#0"},
				"west": {"uv": [6.25, 1.5, 6.5, 2.5], "texture": "#0"},
				"up": {"uv": [6.5, 1.5, 3.5, 1.75], "texture": "#0"},
				"down": {"uv": [6.49334, 2.25, 3.5, 2.5], "texture": "#0"}
			}
		},
		{
			"from": [18.5, 4, 4],
			"to": [21.5, 4.5, 12],
			"rotation": {"angle": 0, "axis": "y", "origin": [-4, 0, 0]},
			"faces": {
				"north": {"uv": [3.5, 2.5, 5, 2.75], "texture": "#0"},
				"east": {"uv": [3.5, 2.5, 3.75, 2.75], "texture": "#0"},
				"south": {"uv": [5, 2.5, 3.5, 2.75], "texture": "#0"},
				"west": {"uv": [4.75, 2.5, 5, 2.75], "texture": "#0"},
				"up": {"uv": [5, 2.5, 3.5, 2.75], "texture": "#0"},
				"down": {"uv": [5, 2.5, 3.5, 2.75], "texture": "#0"}
			}
		},
		{
			"from": [18.5, 6.5, 4],
			"to": [21.5, 7, 12],
			"rotation": {"angle": 0, "axis": "y", "origin": [-4, 0, 0]},
			"faces": {
				"north": {"uv": [3.5, 1.25, 5, 1.5], "texture": "#0"},
				"east": {"uv": [3.5, 1.25, 3.75, 1.5], "texture": "#0"},
				"south": {"uv": [5, 1.25, 3.5, 1.5], "texture": "#0"},
				"west": {"uv": [4.75, 1.25, 5, 1.5], "texture": "#0"},
				"up": {"uv": [5, 1.25, 3.5, 1.5], "texture": "#0"},
				"down": {"uv": [5, 1.25, 3.5, 1.5], "texture": "#0"}
			}
		},
		{
			"from": [15.63388, 9.5, 7.11612],
			"to": [22.13388, 14.5, 7.11612],
			"rotation": {"angle": 45, "axis": "y", "origin": [18.88388, 13.25, 7.11612]},
			"faces": {
				"north": {"uv": [8.5, 1.5, 11.75, 4], "texture": "#1"},
				"east": {"uv": [8.5, 1.5, 11.75, 4], "texture": "#1"},
				"south": {"uv": [8.5, 1.5, 11.75, 4], "texture": "#1"},
				"west": {"uv": [8.5, 1.5, 11.75, 4], "texture": "#1"},
				"up": {"uv": [8.5, 1.5, 11.75, 4], "texture": "#1"},
				"down": {"uv": [8.5, 1.5, 11.75, 4], "texture": "#1"}
			}
		},
		{
			"from": [18.88388, 9.5, 3.86612],
			"to": [18.88388, 14.5, 10.36612],
			"rotation": {"angle": 45, "axis": "y", "origin": [18.88388, 13.25, 7.11612]},
			"faces": {
				"north": {"uv": [8.5, 1.5, 11.75, 4], "texture": "#1"},
				"east": {"uv": [8.5, 1.5, 11.75, 4], "texture": "#1"},
				"south": {"uv": [8.5, 1.5, 11.75, 4], "texture": "#1"},
				"west": {"uv": [8.5, 1.5, 11.75, 4], "texture": "#1"},
				"up": {"uv": [8.5, 1.5, 11.75, 4], "rotation": 90, "texture": "#1"},
				"down": {"uv": [8.5, 1.5, 11.75, 4], "rotation": 270, "texture": "#1"}
			}
		},
		{
			"from": [9, 7, 4],
			"to": [15, 9.5, 12],
			"rotation": {"angle": 0, "axis": "y", "origin": [12, 0, 8]},
			"faces": {
				"north": {"uv": [3, 0, 0, 1.25], "texture": "#0"},
				"east": {"uv": [2.75, 0, 3, 1.25], "texture": "#0"},
				"south": {"uv": [0, 0, 3, 1.25], "texture": "#0"},
				"west": {"uv": [0, 0, 0.25, 1.25], "texture": "#0"},
				"up": {"uv": [3, 0, 0, 0.25], "rotation": 180, "texture": "#0"},
				"down": {"uv": [3, 1, 0, 1.25], "rotation": 180, "texture": "#0"}
			}
		},
		{
			"from": [9, 6.5, 4],
			"to": [12, 7, 12],
			"rotation": {"angle": 0, "axis": "y", "origin": [12, 0, 8]},
			"faces": {
				"north": {"uv": [1.5, 1.25, 0, 1.5], "texture": "#0"},
				"east": {"uv": [1.25, 1.25, 1.5, 1.5], "texture": "#0"},
				"south": {"uv": [0, 1.25, 1.5, 1.5], "texture": "#0"},
				"west": {"uv": [0, 1.25, 0.25, 1.5], "texture": "#0"},
				"up": {"uv": [1.5, 1.25, 0, 1.5], "rotation": 180, "texture": "#0"},
				"down": {"uv": [1.5, 1.25, 0, 1.5], "rotation": 180, "texture": "#0"}
			}
		},
		{
			"from": [9, 4.5, 4],
			"to": [15, 6.5, 12],
			"rotation": {"angle": 0, "axis": "y", "origin": [12, 0, 8]},
			"faces": {
				"north": {"uv": [3, 1.5, 0, 2.5], "texture": "#0"},
				"east": {"uv": [2.75, 1.5, 3, 2.5], "texture": "#0"},
				"south": {"uv": [0, 1.5, 3, 2.5], "texture": "#0"},
				"west": {"uv": [0, 1.5, 0.25, 2.5], "texture": "#0"},
				"up": {"uv": [3, 1.5, 0, 1.75], "rotation": 180, "texture": "#0"},
				"down": {"uv": [3, 2.25, 0, 2.5], "rotation": 180, "texture": "#0"}
			}
		},
		{
			"from": [12, 4, 4],
			"to": [15, 4.5, 12],
			"rotation": {"angle": 0, "axis": "y", "origin": [12, 0, 8]},
			"faces": {
				"north": {"uv": [3, 2.5, 1.5, 2.75], "texture": "#0"},
				"east": {"uv": [2.75, 2.5, 3, 2.75], "texture": "#0"},
				"south": {"uv": [1.5, 2.5, 3, 2.75], "texture": "#0"},
				"west": {"uv": [1.5, 2.5, 1.75, 2.75], "texture": "#0"},
				"up": {"uv": [3, 2.5, 1.5, 2.75], "rotation": 180, "texture": "#0"},
				"down": {"uv": [3, 2.5, 1.5, 2.75], "rotation": 180, "texture": "#0"}
			}
		},
		{
			"from": [9, 1.5, 4],
			"to": [15, 4, 12],
			"rotation": {"angle": 0, "axis": "y", "origin": [12, 0, 8]},
			"faces": {
				"north": {"uv": [3, 2.75, 0, 4], "texture": "#0"},
				"east": {"uv": [2.75, 2.75, 3, 4], "texture": "#0"},
				"south": {"uv": [0, 2.75, 3, 4], "texture": "#0"},
				"west": {"uv": [0, 2.75, 0.25, 4], "texture": "#0"},
				"up": {"uv": [3, 2.75, 0, 3], "rotation": 180, "texture": "#0"},
				"down": {"uv": [3, 3.75, 0, 4], "rotation": 180, "texture": "#0"}
			}
		},
		{
			"from": [11.97227, 9.5, 6.0795],
			"to": [11.97227, 11.5, 12.5795],
			"rotation": {"angle": -45, "axis": "y", "origin": [11.97227, 11.125, 9.2045]},
			"faces": {
				"north": {"uv": [8.5, 11, 11.75, 12], "texture": "#1"},
				"east": {"uv": [8.5, 11, 11.75, 12], "texture": "#1"},
				"south": {"uv": [8.5, 11, 11.75, 12], "texture": "#1"},
				"west": {"uv": [8.5, 11, 11.75, 12], "texture": "#1"},
				"up": {"uv": [8.5, 11, 11.75, 12], "rotation": 270, "texture": "#1"},
				"down": {"uv": [8.5, 11, 11.75, 12], "rotation": 90, "texture": "#1"}
			}
		},
		{
			"from": [11.97227, 11.5, 5.5795],
			"to": [11.97227, 12, 8.5795],
			"rotation": {"angle": -45, "axis": "y", "origin": [11.97227, 11.125, 7.2045]},
			"faces": {
				"north": {"uv": [9.25, 11.75, 10.75, 12], "texture": "#1"},
				"east": {"uv": [9.25, 11.75, 10.75, 12], "texture": "#1"},
				"south": {"uv": [9.25, 11.75, 10.75, 12], "texture": "#1"},
				"west": {"uv": [9.25, 11.75, 10.75, 12], "texture": "#1"},
				"up": {"uv": [9.25, 11.75, 10.75, 12], "rotation": 270, "texture": "#1"},
				"down": {"uv": [9.25, 11.75, 10.75, 12], "rotation": 90, "texture": "#1"}
			}
		},
		{
			"from": [11.97227, 11.5, 5.8295],
			"to": [11.97227, 12, 8.8295],
			"rotation": {"angle": 45, "axis": "y", "origin": [11.97227, 11.125, 7.2045]},
			"faces": {
				"north": {"uv": [9.25, 11.75, 10.75, 12], "texture": "#1"},
				"east": {"uv": [9.25, 11.75, 10.75, 12], "texture": "#1"},
				"south": {"uv": [9.25, 11.75, 10.75, 12], "texture": "#1"},
				"west": {"uv": [9.25, 11.75, 10.75, 12], "texture": "#1"},
				"up": {"uv": [9.25, 11.75, 10.75, 12], "rotation": 90, "texture": "#1"},
				"down": {"uv": [9.25, 11.75, 10.75, 12], "rotation": 270, "texture": "#1"}
			}
		},
		{
			"from": [11.97227, 9.5, 5.8295],
			"to": [11.97227, 11.5, 12.3295],
			"rotation": {"angle": 45, "axis": "y", "origin": [11.97227, 11.125, 9.2045]},
			"faces": {
				"north": {"uv": [8.5, 11, 11.75, 12], "texture": "#1"},
				"east": {"uv": [8.5, 11, 11.75, 12], "texture": "#1"},
				"south": {"uv": [8.5, 11, 11.75, 12], "texture": "#1"},
				"west": {"uv": [8.5, 11, 11.75, 12], "texture": "#1"},
				"up": {"uv": [8.5, 11, 11.75, 12], "rotation": 90, "texture": "#1"},
				"down": {"uv": [8.5, 11, 11.75, 12], "rotation": 270, "texture": "#1"}
			}
		},
		{
			"from": [8, 2, 4],
			"to": [8.5, 9, 12],
			"rotation": {"angle": 0, "axis": "y", "origin": [3, 0, 0]},
			"faces": {
				"north": {"uv": [0, 4.75, 0.25, 8.25], "texture": "#0"},
				"east": {"uv": [0, 4.75, 0.25, 8.25], "texture": "#0"},
				"south": {"uv": [0, 4.75, 0.25, 8.25], "texture": "#0"},
				"west": {"uv": [0, 4.75, 0.25, 8.25], "texture": "#0"},
				"up": {"uv": [0, 4.75, 0.25, 5], "texture": "#0"},
				"down": {"uv": [0, 8, 0.25, 8.25], "texture": "#0"}
			}
		},
		{
			"from": [2, 2, 4],
			"to": [2.5, 9, 12],
			"rotation": {"angle": 0, "axis": "y", "origin": [3, 0, 0]},
			"faces": {
				"north": {"uv": [3, 4.75, 3.25, 8.25], "texture": "#0"},
				"east": {"uv": [3, 4.75, 3.25, 8.25], "texture": "#0"},
				"south": {"uv": [3, 4.75, 3.25, 8.25], "texture": "#0"},
				"west": {"uv": [3, 4.75, 3.25, 8.25], "texture": "#0"},
				"up": {"uv": [3, 4.75, 3.25, 5], "texture": "#0"},
				"down": {"uv": [3, 8, 3.25, 8.25], "texture": "#0"}
			}
		},
		{
			"from": [4.5, 1.5, 4],
			"to": [6, 4, 12],
			"rotation": {"angle": 0, "axis": "y", "origin": [3, 0, 0]},
			"faces": {
				"north": {"uv": [1.25, 7.25, 2, 8.5], "texture": "#0"},
				"east": {"uv": [1.25, 7.25, 2, 8.5], "texture": "#0"},
				"south": {"uv": [2, 7.25, 1.25, 8.5], "texture": "#0"},
				"west": {"uv": [1.25, 7.25, 2, 8.5], "texture": "#0"},
				"up": {"uv": [2, 7.25, 1.25, 7.5], "texture": "#0"},
				"down": {"uv": [2, 8.25, 1.25, 8.5], "texture": "#0"}
			}
		},
		{
			"from": [4.5, 7, 4],
			"to": [6, 9.5, 12],
			"rotation": {"angle": 0, "axis": "y", "origin": [3, 0, 0]},
			"faces": {
				"north": {"uv": [1.25, 4.5, 2, 5.75], "texture": "#0"},
				"east": {"uv": [1.25, 4.5, 2, 5.75], "texture": "#0"},
				"south": {"uv": [2, 4.5, 1.25, 5.75], "texture": "#0"},
				"west": {"uv": [1.25, 4.5, 2, 5.75], "texture": "#0"},
				"up": {"uv": [2, 4.5, 1.25, 4.75], "texture": "#0"},
				"down": {"uv": [2, 5.5, 1.25, 5.75], "texture": "#0"}
			}
		},
		{
			"from": [6, 1.5, 4],
			"to": [8, 9.5, 12],
			"rotation": {"angle": 0, "axis": "y", "origin": [3, 0, 0]},
			"faces": {
				"north": {"uv": [0.25, 4.5, 1.25, 8.5], "texture": "#0"},
				"east": {"uv": [0.25, 4.5, 0.5, 8.5], "texture": "#0"},
				"south": {"uv": [1.25, 4.5, 0.25, 8.5], "texture": "#0"},
				"west": {"uv": [1, 4.5, 1.25, 8.5], "texture": "#0"},
				"up": {"uv": [1.25, 4.5, 0.25, 4.75], "texture": "#0"},
				"down": {"uv": [1.25, 8.25, 0.25, 8.5], "texture": "#0"}
			}
		},
		{
			"from": [2.5, 1.5, 4],
			"to": [4.5, 9.5, 12],
			"rotation": {"angle": 0, "axis": "y", "origin": [3, 0, 0]},
			"faces": {
				"north": {"uv": [2, 4.5, 3, 8.5], "texture": "#0"},
				"east": {"uv": [2, 4.5, 2.25, 8.5], "texture": "#0"},
				"south": {"uv": [3, 4.5, 2, 8.5], "texture": "#0"},
				"west": {"uv": [2.75, 4.5, 3, 8.5], "texture": "#0"},
				"up": {"uv": [3, 4.5, 2, 4.75], "texture": "#0"},
				"down": {"uv": [3, 8.25, 2, 8.5], "texture": "#0"}
			}
		},
		{
			"from": [3.92678, 9.5, 5.82322],
			"to": [8.42678, 14, 5.82322],
			"rotation": {"angle": 45, "axis": "y", "origin": [6.17678, 11.75, 5.82322]},
			"faces": {
				"north": {"uv": [13, 1.75, 15.25, 4], "texture": "#1"},
				"east": {"uv": [13, 1.75, 15.25, 4], "texture": "#1"},
				"south": {"uv": [13, 1.75, 15.25, 4], "texture": "#1"},
				"west": {"uv": [13, 1.75, 15.25, 4], "texture": "#1"},
				"up": {"uv": [13, 1.75, 15.25, 4], "texture": "#1"},
				"down": {"uv": [13, 1.75, 15.25, 4], "texture": "#1"}
			}
		},
		{
			"from": [6.17678, 9.5, 3.57322],
			"to": [6.17678, 14, 8.07322],
			"rotation": {"angle": 45, "axis": "y", "origin": [6.17678, 11.75, 5.82322]},
			"faces": {
				"north": {"uv": [13, 1.75, 15.25, 4], "texture": "#1"},
				"east": {"uv": [13, 1.75, 15.25, 4], "texture": "#1"},
				"south": {"uv": [13, 1.75, 15.25, 4], "texture": "#1"},
				"west": {"uv": [13, 1.75, 15.25, 4], "texture": "#1"},
				"up": {"uv": [13, 1.75, 15.25, 4], "rotation": 90, "texture": "#1"},
				"down": {"uv": [13, 1.75, 15.25, 4], "rotation": 270, "texture": "#1"}
			}
		},
		{
			"from": [-1.5, 1.5, 4],
			"to": [-1, 9, 12],
			"rotation": {"angle": 0, "axis": "y", "origin": [3, 0, 0]},
			"faces": {
				"north": {"uv": [4.75, 4.75, 5, 8.5], "texture": "#0"},
				"east": {"uv": [4.75, 4.75, 5, 8.5], "texture": "#0"},
				"south": {"uv": [4.75, 4.75, 5, 8.5], "texture": "#0"},
				"west": {"uv": [4.75, 4.75, 5, 8.5], "texture": "#0"},
				"up": {"uv": [4.75, 4.75, 5, 5], "texture": "#0"},
				"down": {"uv": [4.75, 8.25, 5, 8.5], "texture": "#0"}
			}
		},
		{
			"from": [-3, 2, 4],
			"to": [-2.5, 9.5, 12],
			"rotation": {"angle": 0, "axis": "y", "origin": [3, 0, 0]},
			"faces": {
				"north": {"uv": [5.5, 4.5, 5.75, 8.25], "texture": "#0"},
				"east": {"uv": [5.5, 4.5, 5.75, 8.25], "texture": "#0"},
				"south": {"uv": [5.5, 4.5, 5.75, 8.25], "texture": "#0"},
				"west": {"uv": [5.5, 4.5, 5.75, 8.25], "texture": "#0"},
				"up": {"uv": [5.5, 4.5, 5.75, 4.75], "texture": "#0"},
				"down": {"uv": [5.5, 8, 5.75, 8.25], "texture": "#0"}
			}
		},
		{
			"from": [-2, 3, 4],
			"to": [-1.5, 8.5, 12],
			"rotation": {"angle": 0, "axis": "y", "origin": [3, 0, 0]},
			"faces": {
				"north": {"uv": [5, 5, 5.25, 7.75], "texture": "#0"},
				"east": {"uv": [5, 5, 5.25, 7.75], "texture": "#0"},
				"south": {"uv": [5, 5, 5.25, 7.75], "texture": "#0"},
				"west": {"uv": [5, 5, 5.25, 7.75], "texture": "#0"},
				"up": {"uv": [5, 5, 5.25, 5.25], "texture": "#0"},
				"down": {"uv": [5, 7.5, 5.25, 7.75], "texture": "#0"}
			}
		},
		{
			"from": [-2.5, 2.5, 4],
			"to": [-2, 8, 12],
			"rotation": {"angle": 0, "axis": "y", "origin": [3, 0, 0]},
			"faces": {
				"north": {"uv": [5.25, 5.25, 5.5, 8], "texture": "#0"},
				"east": {"uv": [5.25, 5.25, 5.5, 8], "texture": "#0"},
				"south": {"uv": [5.25, 5.25, 5.5, 8], "texture": "#0"},
				"west": {"uv": [5.25, 5.25, 5.5, 8], "texture": "#0"},
				"up": {"uv": [5.25, 5.25, 5.5, 5.5], "texture": "#0"},
				"down": {"uv": [5.25, 7.75, 5.5, 8], "texture": "#0"}
			}
		},
		{
			"from": [-1, 1.5, 4],
			"to": [1.5, 9.5, 12],
			"rotation": {"angle": 0, "axis": "y", "origin": [3, 0, 0]},
			"faces": {
				"north": {"uv": [3.5, 4.5, 4.75, 8.5], "texture": "#0"},
				"east": {"uv": [3.5, 4.5, 3.75, 8.5], "texture": "#0"},
				"south": {"uv": [4.75, 4.5, 3.5, 8.5], "texture": "#0"},
				"west": {"uv": [4.5, 4.5, 4.75, 8.5], "texture": "#0"},
				"up": {"uv": [4.75, 4.5, 3.5, 4.75], "texture": "#0"},
				"down": {"uv": [4.75, 8.25, 3.5, 8.5], "texture": "#0"}
			}
		},
		{
			"from": [-5.5, 1.5, 4],
			"to": [-3, 9.5, 12],
			"rotation": {"angle": 0, "axis": "y", "origin": [3, 0, 0]},
			"faces": {
				"north": {"uv": [5.75, 4.5, 7, 8.5], "texture": "#0"},
				"east": {"uv": [5.75, 4.5, 6, 8.5], "texture": "#0"},
				"south": {"uv": [7, 4.5, 5.75, 8.5], "texture": "#0"},
				"west": {"uv": [6.75, 4.5, 7, 8.5], "texture": "#0"},
				"up": {"uv": [7, 4.5, 5.75, 4.75], "texture": "#0"},
				"down": {"uv": [7, 8.25, 5.75, 8.5], "texture": "#0"}
			}
		},
		{
			"from": [-2.02773, 10.5, 5.5795],
			"to": [-2.02773, 11, 8.5795],
			"rotation": {"angle": -45, "axis": "y", "origin": [-2.02773, 10.125, 7.2045]},
			"faces": {
				"north": {"uv": [9.25, 11.75, 10.75, 12], "texture": "#1"},
				"east": {"uv": [9.25, 11.75, 10.75, 12], "texture": "#1"},
				"south": {"uv": [9.25, 11.75, 10.75, 12], "texture": "#1"},
				"west": {"uv": [9.25, 11.75, 10.75, 12], "texture": "#1"},
				"up": {"uv": [9.25, 11.75, 10.75, 12], "rotation": 270, "texture": "#1"},
				"down": {"uv": [9.25, 11.75, 10.75, 12], "rotation": 90, "texture": "#1"}
			}
		},
		{
			"from": [-2.02773, 8.5, 4.0795],
			"to": [-2.02773, 10.5, 10.5795],
			"rotation": {"angle": -45, "axis": "y", "origin": [-2.02773, 10.125, 7.2045]},
			"faces": {
				"north": {"uv": [8.5, 11, 11.75, 12], "texture": "#1"},
				"east": {"uv": [8.5, 11, 11.75, 12], "texture": "#1"},
				"south": {"uv": [8.5, 11, 11.75, 12], "texture": "#1"},
				"west": {"uv": [8.5, 11, 11.75, 12], "texture": "#1"},
				"up": {"uv": [8.5, 11, 11.75, 12], "rotation": 270, "texture": "#1"},
				"down": {"uv": [8.5, 11, 11.75, 12], "rotation": 90, "texture": "#1"}
			}
		},
		{
			"from": [-2.02773, 8.5, 3.8295],
			"to": [-2.02773, 10.5, 10.3295],
			"rotation": {"angle": 45, "axis": "y", "origin": [-2.02773, 10.125, 7.2045]},
			"faces": {
				"north": {"uv": [8.5, 11, 11.75, 12], "texture": "#1"},
				"east": {"uv": [8.5, 11, 11.75, 12], "texture": "#1"},
				"south": {"uv": [8.5, 11, 11.75, 12], "texture": "#1"},
				"west": {"uv": [8.5, 11, 11.75, 12], "texture": "#1"},
				"up": {"uv": [8.5, 11, 11.75, 12], "rotation": 90, "texture": "#1"},
				"down": {"uv": [8.5, 11, 11.75, 12], "rotation": 270, "texture": "#1"}
			}
		},
		{
			"from": [-2.02773, 10.5, 5.8295],
			"to": [-2.02773, 11, 8.8295],
			"rotation": {"angle": 45, "axis": "y", "origin": [-2.02773, 10.125, 7.2045]},
			"faces": {
				"north": {"uv": [9.25, 11.75, 10.75, 12], "texture": "#1"},
				"east": {"uv": [9.25, 11.75, 10.75, 12], "texture": "#1"},
				"south": {"uv": [9.25, 11.75, 10.75, 12], "texture": "#1"},
				"west": {"uv": [9.25, 11.75, 10.75, 12], "texture": "#1"},
				"up": {"uv": [9.25, 11.75, 10.75, 12], "rotation": 90, "texture": "#1"},
				"down": {"uv": [9.25, 11.75, 10.75, 12], "rotation": 270, "texture": "#1"}
			}
		},
		{
			"from": [-12, 9, 4],
			"to": [-9, 9.5, 12],
			"rotation": {"angle": 0, "axis": "y", "origin": [3, 0, 0]},
			"faces": {
				"north": {"uv": [1.75, 12.25, 3.25, 12.5], "texture": "#0"},
				"east": {"uv": [1.75, 12.25, 2, 12.5], "texture": "#0"},
				"south": {"uv": [3.25, 12.25, 1.75, 12.5], "texture": "#0"},
				"west": {"uv": [3, 12.25, 3.25, 12.5], "texture": "#0"},
				"up": {"uv": [3.25, 12.25, 1.75, 12.5], "texture": "#0"},
				"down": {"uv": [3.25, 12.25, 1.75, 12.5], "texture": "#0"}
			}
		},
		{
			"from": [-12, 8.5, 4],
			"to": [-8.5, 9, 12],
			"rotation": {"angle": 0, "axis": "y", "origin": [3, 0, 0]},
			"faces": {
				"north": {"uv": [1.5, 12.5, 3.25, 12.75], "texture": "#0"},
				"east": {"uv": [1.5, 12.5, 1.75, 12.75], "texture": "#0"},
				"south": {"uv": [3.25, 12.5, 1.5, 12.75], "texture": "#0"},
				"west": {"uv": [3, 12.5, 3.25, 12.75], "texture": "#0"},
				"up": {"uv": [3.25, 12.5, 1.5, 12.75], "texture": "#0"},
				"down": {"uv": [3.25, 12.5, 1.5, 12.75], "texture": "#0"}
			}
		},
		{
			"from": [-12, 8, 4],
			"to": [-8, 8.5, 12],
			"rotation": {"angle": 0, "axis": "y", "origin": [3, 0, 0]},
			"faces": {
				"north": {"uv": [1.25, 12.75, 3.25, 13], "texture": "#0"},
				"east": {"uv": [1.25, 12.75, 1.5, 13], "texture": "#0"},
				"south": {"uv": [3.25, 12.75, 1.25, 13], "texture": "#0"},
				"west": {"uv": [3, 12.75, 3.25, 13], "texture": "#0"},
				"up": {"uv": [3.25, 12.75, 1.25, 13], "texture": "#0"},
				"down": {"uv": [3.25, 12.75, 1.25, 13], "texture": "#0"}
			}
		},
		{
			"from": [-12, 7.5, 4],
			"to": [-7.5, 8, 12],
			"rotation": {"angle": 0, "axis": "y", "origin": [3, 0, 0]},
			"faces": {
				"north": {"uv": [1, 13, 3.25, 13.25], "texture": "#0"},
				"east": {"uv": [1, 13, 1.25, 13.25], "texture": "#0"},
				"south": {"uv": [3.25, 13, 1, 13.25], "texture": "#0"},
				"west": {"uv": [3, 13, 3.25, 13.25], "texture": "#0"},
				"up": {"uv": [3.25, 13, 1, 13.25], "texture": "#0"},
				"down": {"uv": [3.25, 13, 1, 13.25], "texture": "#0"}
			}
		},
		{
			"from": [-12, 7, 4],
			"to": [-7, 7.5, 12],
			"rotation": {"angle": 0, "axis": "y", "origin": [3, 0, 0]},
			"faces": {
				"north": {"uv": [0.75, 13.25, 3.25, 13.5], "texture": "#0"},
				"east": {"uv": [0.75, 13.25, 1, 13.5], "texture": "#0"},
				"south": {"uv": [3.25, 13.25, 0.75, 13.5], "texture": "#0"},
				"west": {"uv": [3, 13.25, 3.25, 13.5], "texture": "#0"},
				"up": {"uv": [3.25, 13.25, 0.75, 13.5], "texture": "#0"},
				"down": {"uv": [3.25, 13.25, 0.75, 13.5], "texture": "#0"}
			}
		},
		{
			"from": [-12, 6.5, 4],
			"to": [-7, 7, 12],
			"rotation": {"angle": 0, "axis": "y", "origin": [3, 0, 0]},
			"faces": {
				"north": {"uv": [0.75, 13.5, 3.25, 13.75], "texture": "#0"},
				"east": {"uv": [0.75, 13.5, 1, 13.75], "texture": "#0"},
				"south": {"uv": [3.25, 13.5, 0.75, 13.75], "texture": "#0"},
				"west": {"uv": [3, 13.5, 3.25, 13.75], "texture": "#0"},
				"up": {"uv": [3.25, 13.5, 0.75, 13.75], "texture": "#0"},
				"down": {"uv": [3.25, 13.5, 0.75, 13.75], "texture": "#0"}
			}
		},
		{
			"from": [-12, 6, 4],
			"to": [-7, 6.5, 12],
			"rotation": {"angle": 0, "axis": "y", "origin": [3, 0, 0]},
			"faces": {
				"north": {"uv": [0.75, 13.75, 3.25, 14], "texture": "#0"},
				"east": {"uv": [0.75, 13.75, 1, 14], "texture": "#0"},
				"south": {"uv": [3.25, 13.75, 0.75, 14], "texture": "#0"},
				"west": {"uv": [3, 13.75, 3.25, 14], "texture": "#0"},
				"up": {"uv": [3.25, 13.75, 0.75, 14], "texture": "#0"},
				"down": {"uv": [3.25, 13.75, 0.75, 14], "texture": "#0"}
			}
		},
		{
			"from": [-12, 5.5, 4],
			"to": [-7, 6, 12],
			"rotation": {"angle": 0, "axis": "y", "origin": [3, 0, 0]},
			"faces": {
				"north": {"uv": [0.75, 14, 3.25, 14.25], "texture": "#0"},
				"east": {"uv": [0.75, 14, 1, 14.25], "texture": "#0"},
				"south": {"uv": [3.25, 14, 0.75, 14.25], "texture": "#0"},
				"west": {"uv": [3, 14, 3.25, 14.25], "texture": "#0"},
				"up": {"uv": [3.25, 14, 0.75, 14.25], "texture": "#0"},
				"down": {"uv": [3.25, 14, 0.75, 14.25], "texture": "#0"}
			}
		},
		{
			"from": [-12, 1.5, 4],
			"to": [-9.5, 5.5, 12],
			"rotation": {"angle": 0, "axis": "y", "origin": [3, 0, 0]},
			"faces": {
				"north": {"uv": [2, 14.25, 3.25, 16], "texture": "#0"},
				"east": {"uv": [2, 14.25, 2.25, 16], "texture": "#0"},
				"south": {"uv": [3.25, 14.25, 2, 16], "texture": "#0"},
				"west": {"uv": [3, 14.25, 3.25, 16], "texture": "#0"},
				"up": {"uv": [3.25, 14.25, 2, 14.5], "texture": "#0"},
				"down": {"uv": [3.24334, 15.75, 2, 16], "texture": "#0"}
			}
		}
	],
	"display": {
		"thirdperson_righthand": {
			"rotation": [90, -90, 0],
			"translation": [0, 7.5, 3],
			"scale": [0.31, 0.31, 0.31]
		},
		"thirdperson_lefthand": {
			"rotation": [90, 90, 0],
			"translation": [0, 7.5, 3],
			"scale": [0.31, 0.31, 0.31]
		},
		"firstperson_righthand": {
			"rotation": [0, -90, 0],
			"translation": [0, 3.75, 0],
			"scale": [0.4, 0.4, 0.4]
		},
		"firstperson_lefthand": {
			"rotation": [0, 90, 0],
			"translation": [0, 3.75, 0],
			"scale": [0.4, 0.4, 0.4]
		},
		"ground": {
			"translation": [0, 5, 0]
		},
		"gui": {
			"rotation": [30, -135, 0],
			"translation": [0, 1.25, 0],
			"scale": [0.57, 0.57, 0.57]
		},
		"head": {
			"translation": [0, 4.8, 0],
			"scale": [4, 4, 4]
		},
		"fixed": {
			"rotation": [-90, 0, 0],
			"translation": [0, 0, 6],
			"scale": [4, 4, 4]
		}
	}
}