{
	"credit": "Made with Blockbench",
	"texture_size": [512, 512],
	"textures": {
		"1": "custom/block/socials_board",
		"2": "custom/block/donator_board_text1",
		"particle": "custom/block/donator_board_text1"
	},
	"elements": [
		{
			"from": [2, -16, 8],
			"to": [14, 32, 8],
			"faces": {
				"north": {"uv": [14, 0, 16, 8], "texture": "#1"},
				"east": {"uv": [0, 0, 0, 0], "texture": "#1"},
				"south": {"uv": [16, 0, 14, 8], "texture": "#1"},
				"west": {"uv": [0, 0, 0, 0], "texture": "#1"},
				"up": {"uv": [0, 0, 0, 0], "texture": "#1"},
				"down": {"uv": [0, 0, 0, 0], "texture": "#1"}
			}
		},
		{
			"from": [1.98, -8.52, 5.73],
			"to": [14.02, 3.52, 8],
			"rotation": {"angle": 0, "axis": "y", "origin": [8, -2.5, 6.5]},
			"faces": {
				"north": {"uv": [14, 4.75, 16, 6.75], "texture": "#1"},
				"east": {"uv": [0.75, 0, 1.125, 2], "texture": "#1"},
				"south": {"uv": [16, 4.75, 14, 6.75], "texture": "#1"},
				"west": {"uv": [0.75, 0, 1.125, 2], "rotation": 180, "texture": "#1"},
				"up": {"uv": [0.75, 0, 1.125, 2], "rotation": 270, "texture": "#1"},
				"down": {"uv": [0.75, 0, 1.125, 2], "rotation": 90, "texture": "#1"}
			}
		},
		{
			"from": [0, 4.75, 6.35],
			"to": [16, 6.35, 6.35],
			"rotation": {"angle": 0, "axis": "y", "origin": [8, 5.35, 6.35]},
			"faces": {
				"north": {"uv": [0, 11.5625, 5.3125, 12.09375], "texture": "#2"},
				"east": {"uv": [0, 0, 0, 0], "texture": "#2"},
				"south": {"uv": [5.3125, 11.5625, 0, 12.09375], "texture": "#2"},
				"west": {"uv": [0, 0, 0, 0], "texture": "#2"},
				"up": {"uv": [0, 0, 0, 0], "texture": "#2"},
				"down": {"uv": [0, 0, 0, 0], "texture": "#2"}
			}
		}
	],
	"display": {
		"thirdperson_righthand": {
			"rotation": [90, -90, 0],
			"translation": [0, 7.5, 3],
			"scale": [0.31, 0.31, 0.31]
		},
		"thirdperson_lefthand": {
			"rotation": [90, 90, 0],
			"translation": [0, 7.5, 3],
			"scale": [0.31, 0.31, 0.31]
		},
		"firstperson_righthand": {
			"rotation": [0, -90, 0],
			"translation": [0, 3.75, 0],
			"scale": [0.4, 0.4, 0.4]
		},
		"firstperson_lefthand": {
			"rotation": [0, 90, 0],
			"translation": [0, 3.75, 0],
			"scale": [0.4, 0.4, 0.4]
		},
		"ground": {
			"translation": [0, 5, 0]
		},
		"gui": {
			"rotation": [0, -180, 23],
			"translation": [0, 1.25, 0],
			"scale": [0.57, 0.57, 0.57]
		},
		"head": {
			"scale": [2.667, 2.667, 2.667]
		},
		"fixed": {
			"translation": [0, -4, -0.05],
			"scale": [2.667, 2.667, 2.667]
		}
	}
}