{
	"credit": "Made with Blockbench",
	"texture_size": [32, 32],
	"textures": {
		"layer0": "custom/block/wave_ravage",
		"particle": "custom/block/wave_ravage"
	},
	"elements": [
		{
			"from": [-8, -16, 8],
			"to": [24, 16, 8],
			"rotation": {"angle": 0, "axis": "x", "origin": [8, 6, 8]},
			"faces": {
				"north": {"uv": [0, 0, 16, 16], "rotation": 180, "texture": "#layer0"},
				"east": {"uv": [0, 0, 16, 0], "rotation": 90, "texture": "#layer0"},
				"south": {"uv": [0, 16, 16, 0], "texture": "#layer0"},
				"west": {"uv": [0, 0, 16, 0], "rotation": 270, "texture": "#layer0"},
				"up": {"uv": [0, 0, 16, 0], "texture": "#layer0"},
				"down": {"uv": [0, 0, 16, 0], "rotation": 180, "texture": "#layer0"}
			}
		}
	],
	"display": {
		"thirdperson_righthand": {
			"rotation": [52, 0, 0],
			"translation": [0, 3, 1],
			"scale": [0, 0, 0]
		},
		"thirdperson_lefthand": {
			"rotation": [52, 0, 0],
			"translation": [0, 3, 1],
			"scale": [0, 0, 0]
		},
		"firstperson_righthand": {
			"rotation": [0, 25, 25],
			"translation": [1.13, 3.2, 1.13],
			"scale": [0, 0, 0]
		},
		"firstperson_lefthand": {
			"rotation": [0, 22, 25],
			"translation": [1.13, 3.2, 1.13],
			"scale": [0, 0, 0]
		},
		"ground": {
			"translation": [0, 9.5, 0]
		},
		"gui": {
			"translation": [0, 3.75, 0],
			"scale": [0.47, 0.47, 0.47]
		},
		"head": {
			"translation": [0, 12.5, 0],
			"scale": [1.6, 1.6, 1.6]
		},
		"fixed": {
			"translation": [0, 4, -0.25],
			"scale": [0.5, 0.5, 0.5]
		}
	}
}