{
    "sources": [{"source":"entity","prefix":"entity/","type":"directory"},
        {
            "type": "single",
            "resource": "minecraft:custom/block/airdrop"
        },
        {
            "type": "single",
            "resource": "minecraft:custom/block/exotic_shard_ore"
        },
        {
            "type": "single",
            "resource": "minecraft:custom/block/ametrine_ore"
        },
        {
            "type": "single",
            "resource": "minecraft:custom/block/rose_quartz_ore"
        },
        {
            "type": "single",
            "resource": "minecraft:custom/block/rose_quartz_block"
        },
        {
            "type": "single",
            "resource": "minecraft:custom/block/ametrine_block_top"
        },
        {
            "type": "single",
            "resource": "minecraft:custom/block/ametrine_block_bottom"
        },
        {
            "type": "single",
            "resource": "minecraft:custom/block/ametrine_block_side"
        },
        {
            "type": "single",
            "resource": "minecraft:custom/block/alien_eye"
        },
        {
            "type": "single",
            "resource": "minecraft:custom/block/alien"
        },
        {
            "type": "single",
            "resource": "minecraft:custom/block/alien_lamp"
        },
        {
            "type": "single",
            "resource": "minecraft:custom/block/alien_eye_ravage"
        },
        {
            "type": "single",
            "resource": "minecraft:custom/block/alien_lamp_ravage"
        },
        {
            "type": "single",
            "resource": "minecraft:custom/item/ametrine"
        },
        {
            "type": "single",
            "resource": "minecraft:custom/block/big_logo"
        },
        {
            "type": "single",
            "resource": "minecraft:custom/block/donator_board_text2"
        },
        {
            "type": "single",
            "resource": "minecraft:custom/block/crate_chromatic"
        },
        {
            "type": "single",
            "resource": "minecraft:custom/gui/cobblestone"
        },
        {
            "type": "single",
            "resource": "minecraft:custom/block/cookie"
        },
        {
            "type": "single",
            "resource": "minecraft:custom/block/donator_board"
        },
        {
            "type": "single",
            "resource": "minecraft:custom/block/donator_board_text1"
        },
        {
            "type": "single",
            "resource": "minecraft:custom/block/dungeon_treasure"
        },
        {
            "type": "single",
            "resource": "minecraft:custom/block/excavator"
        },
        {
            "type": "single",
            "resource": "minecraft:custom/block/excavator_drill"
        },
        {
            "type": "single",
            "resource": "minecraft:custom/block/floater"
        },
        {
            "type": "single",
            "resource": "minecraft:custom/block/miner"
        },
        {
            "type": "single",
            "resource": "minecraft:custom/block/crate_legendary"
        },
        {
            "type": "single",
            "resource": "minecraft:custom/block/crate_mining"
        },
        {
            "type": "single",
            "resource": "minecraft:custom/block/prison"
        },
        {
            "type": "single",
            "resource": "minecraft:custom/block/prisonrank_1"
        },
        {
            "type": "single",
            "resource": "minecraft:custom/block/prisonrank_2"
        },
        {
            "type": "single",
            "resource": "minecraft:custom/block/prisonrank_3"
        },
        {
            "type": "single",
            "resource": "minecraft:custom/block/prisonrank_4"
        },
        {
            "type": "single",
            "resource": "minecraft:custom/block/prisonrank_5"
        },
        {
            "type": "single",
            "resource": "minecraft:custom/block/cracks"
        },
        {
            "type": "single",
            "resource": "minecraft:custom/item/rose_quartz"
        },
        {
            "type": "single",
            "resource": "minecraft:custom/block/season_title"
        },
        {
            "type": "single",
            "resource": "minecraft:custom/block/socials_board"
        },
        {
            "type": "single",
            "resource": "minecraft:custom/block/spotlight"
        },
        {
            "type": "single",
            "resource": "minecraft:custom/block/beam"
        },
        {
            "type": "single",
            "resource": "minecraft:custom/block/vault"
        },
        {
            "type": "single",
            "resource": "minecraft:custom/block/crate_voting"
        },
        {
            "type": "single",
            "resource": "minecraft:custom/block/wave_ravage"
        },
        {
            "type": "single",
            "resource": "minecraft:custom/block/wave_shock"
        },
        {
            "type": "single",
            "resource": "minecraft:custom/block/wave_sound"
        },
        {
            "type": "single",
            "resource": "minecraft:custom/pet/eye"
        },
        {
            "type": "single",
            "resource": "minecraft:custom/pet/beaver"
        },
        {
            "type": "single",
            "resource": "minecraft:custom/pet/bread"
        },
        {
            "type": "single",
            "resource": "minecraft:custom/pet/cat"
        },
        {
            "type": "single",
            "resource": "minecraft:custom/pet/chick"
        },
        {
            "type": "single",
            "resource": "minecraft:custom/pet/dog"
        },
        {
            "type": "single",
            "resource": "minecraft:custom/pet/dragon"
        },
        {
            "type": "single",
            "resource": "minecraft:custom/pet/monkey"
        },
        {
            "type": "single",
            "resource": "minecraft:custom/pet/penguin"
        },
        {
            "type": "single",
            "resource": "minecraft:custom/pet/red_panda"
        },
        {
            "type": "single",
            "resource": "minecraft:custom/pet/snail"
        },
        {
            "type": "single",
            "resource": "minecraft:custom/pet/turtle"
        },
        {
            "type": "single",
            "resource": "minecraft:custom/item/airdrop_scroll"
        },
        {
            "type": "single",
            "resource": "minecraft:custom/item/axolotl_gill"
        },
        {
            "type": "single",
            "resource": "minecraft:custom/item/banknote"
        },
        {
            "type": "single",
            "resource": "minecraft:custom/item/bat_wing"
        },
        {
            "type": "single",
            "resource": "minecraft:custom/item/bee_fuzz"
        },
        {
            "type": "single",
            "resource": "minecraft:custom/item/blueprint_pickaxe"
        },
        {
            "type": "single",
            "resource": "minecraft:custom/item/earth_essence"
        },
        {
            "type": "single",
            "resource": "minecraft:custom/item/earth_geode"
        },
        {
            "type": "single",
            "resource": "minecraft:custom/item/exotic_shard"
        },
        {
            "type": "single",
            "resource": "minecraft:custom/item/exotic_shard_bundle"
        },
        {
            "type": "single",
            "resource": "minecraft:custom/item/fish_oil"
        },
        {
            "type": "single",
            "resource": "minecraft:custom/item/fly_perk"
        },
        {
            "type": "single",
            "resource": "minecraft:custom/item/fox_tail"
        },
        {
            "type": "single",
            "resource": "minecraft:custom/item/gemstone"
        },
        {
            "type": "single",
            "resource": "minecraft:custom/item/gem_bundle"
        },
        {
            "type": "single",
            "resource": "minecraft:custom/item/geode"
        },
        {
            "type": "single",
            "resource": "minecraft:custom/item/gleam_leather"
        },
        {
            "type": "single",
            "resource": "minecraft:custom/item/goat_horn"
        },
        {
            "type": "single",
            "resource": "minecraft:custom/item/goodie_bag"
        },
        {
            "type": "single",
            "resource": "minecraft:custom/item/hive_scroll"
        },
        {
            "type": "single",
            "resource": "minecraft:custom/item/infected_essence"
        },
        {
            "type": "single",
            "resource": "minecraft:custom/item/infected_geode"
        },
        {
            "type": "single",
            "resource": "minecraft:custom/item/jar_of_gems"
        },
        {
            "type": "single",
            "resource": "minecraft:custom/item/key_chromatic"
        },
        {
            "type": "single",
            "resource": "minecraft:custom/item/key_legendary"
        },
        {
            "type": "single",
            "resource": "minecraft:custom/item/key_mining"
        },
        {
            "type": "single",
            "resource": "minecraft:custom/item/key_voting"
        },
        {
            "type": "single",
            "resource": "minecraft:custom/item/llama_wool"
        },
        {
            "type": "single",
            "resource": "minecraft:custom/item/mendingapple_perk"
        },
        {
            "type": "single",
            "resource": "minecraft:custom/item/mending_apple"
        },
        {
            "type": "single",
            "resource": "minecraft:custom/item/meteorite_scroll"
        },
        {
            "type": "single",
            "resource": "minecraft:custom/pickaxe/miners_pickaxe"
        },
        {
            "type": "single",
            "resource": "minecraft:custom/item/money_bundle"
        },
        {
            "type": "single",
            "resource": "minecraft:custom/item/moonstone"
        },
        {
            "type": "single",
            "resource": "minecraft:custom/item/moonstone_bundle"
        },
        {
            "type": "single",
            "resource": "minecraft:custom/item/ocean_essence"
        },
        {
            "type": "single",
            "resource": "minecraft:custom/item/ocean_geode"
        },
        {
            "type": "single",
            "resource": "minecraft:custom/item/ocelot_leather"
        },
        {
            "type": "single",
            "resource": "minecraft:custom/item/parrot_feather"
        },
        {
            "type": "single",
            "resource": "minecraft:custom/item/polar_bear_fur"
        },
        {
            "type": "single",
            "resource": "minecraft:custom/item/rabbit_scroll"
        },
        {
            "type": "single",
            "resource": "minecraft:custom/item/shatter_pick"
        },
        {
            "type": "single",
            "resource": "minecraft:custom/item/snow_fox_tail"
        },
        {
            "type": "single",
            "resource": "minecraft:custom/item/spider_fang"
        },
        {
            "type": "single",
            "resource": "minecraft:custom/achievements/among_corruption_0"
        },
        {
            "type": "single",
            "resource": "minecraft:custom/achievements/among_corruption_1"
        },
        {
            "type": "single",
            "resource": "minecraft:custom/achievements/angler_of_giants_0"
        },
        {
            "type": "single",
            "resource": "minecraft:custom/achievements/angler_of_giants_1"
        },
        {
            "type": "single",
            "resource": "minecraft:custom/achievements/armored_speed_0"
        },
        {
            "type": "single",
            "resource": "minecraft:custom/achievements/armored_speed_1"
        },
        {
            "type": "single",
            "resource": "minecraft:custom/achievements/assassin_0"
        },
        {
            "type": "single",
            "resource": "minecraft:custom/achievements/assassin_1"
        },
        {
            "type": "single",
            "resource": "minecraft:custom/achievements/assassin_2"
        },
        {
            "type": "single",
            "resource": "minecraft:custom/achievements/assassin_3"
        },
        {
            "type": "single",
            "resource": "minecraft:custom/achievements/assassin_4"
        },
        {
            "type": "single",
            "resource": "minecraft:custom/achievements/assassin_5"
        },
        {
            "type": "single",
            "resource": "minecraft:custom/achievements/career_starter_0"
        },
        {
            "type": "single",
            "resource": "minecraft:custom/achievements/career_starter_1"
        },
        {
            "type": "single",
            "resource": "minecraft:custom/achievements/daily_delight_0"
        },
        {
            "type": "single",
            "resource": "minecraft:custom/achievements/daily_delight_1"
        },
        {
            "type": "single",
            "resource": "minecraft:custom/achievements/daily_delight_2"
        },
        {
            "type": "single",
            "resource": "minecraft:custom/achievements/daily_delight_3"
        },
        {
            "type": "single",
            "resource": "minecraft:custom/achievements/daily_delight_4"
        },
        {
            "type": "single",
            "resource": "minecraft:custom/achievements/daily_delight_5"
        },
        {
            "type": "single",
            "resource": "minecraft:custom/achievements/exotic_engineer_0"
        },
        {
            "type": "single",
            "resource": "minecraft:custom/achievements/exotic_engineer_1"
        },
        {
            "type": "single",
            "resource": "minecraft:custom/achievements/exotic_engineer_2"
        },
        {
            "type": "single",
            "resource": "minecraft:custom/achievements/exotic_engineer_3"
        },
        {
            "type": "single",
            "resource": "minecraft:custom/achievements/exotic_engineer_4"
        },
        {
            "type": "single",
            "resource": "minecraft:custom/achievements/exotic_engineer_5"
        },
        {
            "type": "single",
            "resource": "minecraft:custom/achievements/exotic_perfection_0"
        },
        {
            "type": "single",
            "resource": "minecraft:custom/achievements/exotic_perfection_1"
        },
        {
            "type": "single",
            "resource": "minecraft:custom/achievements/fish_fanatic_0"
        },
        {
            "type": "single",
            "resource": "minecraft:custom/achievements/fish_fanatic_1"
        },
        {
            "type": "single",
            "resource": "minecraft:custom/achievements/fish_fanatic_2"
        },
        {
            "type": "single",
            "resource": "minecraft:custom/achievements/fish_fanatic_3"
        },
        {
            "type": "single",
            "resource": "minecraft:custom/achievements/fish_fanatic_4"
        },
        {
            "type": "single",
            "resource": "minecraft:custom/achievements/fish_fanatic_5"
        },
        {
            "type": "single",
            "resource": "minecraft:custom/achievements/gadget_guru_0"
        },
        {
            "type": "single",
            "resource": "minecraft:custom/achievements/gadget_guru_1"
        },
        {
            "type": "single",
            "resource": "minecraft:custom/achievements/gadget_guru_2"
        },
        {
            "type": "single",
            "resource": "minecraft:custom/achievements/gadget_guru_3"
        },
        {
            "type": "single",
            "resource": "minecraft:custom/achievements/gadget_guru_4"
        },
        {
            "type": "single",
            "resource": "minecraft:custom/achievements/gadget_guru_5"
        },
        {
            "type": "single",
            "resource": "minecraft:custom/achievements/geologist_0"
        },
        {
            "type": "single",
            "resource": "minecraft:custom/achievements/geologist_1"
        },
        {
            "type": "single",
            "resource": "minecraft:custom/achievements/geologist_2"
        },
        {
            "type": "single",
            "resource": "minecraft:custom/achievements/geologist_3"
        },
        {
            "type": "single",
            "resource": "minecraft:custom/achievements/geologist_4"
        },
        {
            "type": "single",
            "resource": "minecraft:custom/achievements/geologist_5"
        },
        {
            "type": "single",
            "resource": "minecraft:custom/achievements/hive_havoc_0"
        },
        {
            "type": "single",
            "resource": "minecraft:custom/achievements/hive_havoc_1"
        },
        {
            "type": "single",
            "resource": "minecraft:custom/achievements/hive_havoc_2"
        },
        {
            "type": "single",
            "resource": "minecraft:custom/achievements/hive_havoc_3"
        },
        {
            "type": "single",
            "resource": "minecraft:custom/achievements/hive_havoc_4"
        },
        {
            "type": "single",
            "resource": "minecraft:custom/achievements/hive_havoc_5"
        },
        {
            "type": "single",
            "resource": "minecraft:custom/achievements/hot_hot_hot_0"
        },
        {
            "type": "single",
            "resource": "minecraft:custom/achievements/hot_hot_hot_1"
        },
        {
            "type": "single",
            "resource": "minecraft:custom/achievements/investigator_0"
        },
        {
            "type": "single",
            "resource": "minecraft:custom/achievements/investigator_1"
        },
        {
            "type": "single",
            "resource": "minecraft:custom/achievements/miners_gift_0"
        },
        {
            "type": "single",
            "resource": "minecraft:custom/achievements/miners_gift_1"
        },
        {
            "type": "single",
            "resource": "minecraft:custom/achievements/miners_gift_2"
        },
        {
            "type": "single",
            "resource": "minecraft:custom/achievements/miners_gift_3"
        },
        {
            "type": "single",
            "resource": "minecraft:custom/achievements/miners_gift_4"
        },
        {
            "type": "single",
            "resource": "minecraft:custom/achievements/miners_gift_5"
        },
        {
            "type": "single",
            "resource": "minecraft:custom/achievements/mob_maffia_0"
        },
        {
            "type": "single",
            "resource": "minecraft:custom/achievements/mob_maffia_1"
        },
        {
            "type": "single",
            "resource": "minecraft:custom/achievements/mob_maffia_2"
        },
        {
            "type": "single",
            "resource": "minecraft:custom/achievements/mob_maffia_3"
        },
        {
            "type": "single",
            "resource": "minecraft:custom/achievements/mob_maffia_4"
        },
        {
            "type": "single",
            "resource": "minecraft:custom/achievements/mob_maffia_5"
        },
        {
            "type": "single",
            "resource": "minecraft:custom/achievements/no_more_prisoner_0"
        },
        {
            "type": "single",
            "resource": "minecraft:custom/achievements/no_more_prisoner_1"
        },
        {
            "type": "single",
            "resource": "minecraft:custom/achievements/no_more_prisoner_10"
        },
        {
            "type": "single",
            "resource": "minecraft:custom/achievements/no_more_prisoner_11"
        },
        {
            "type": "single",
            "resource": "minecraft:custom/achievements/no_more_prisoner_2"
        },
        {
            "type": "single",
            "resource": "minecraft:custom/achievements/no_more_prisoner_3"
        },
        {
            "type": "single",
            "resource": "minecraft:custom/achievements/no_more_prisoner_4"
        },
        {
            "type": "single",
            "resource": "minecraft:custom/achievements/no_more_prisoner_5"
        },
        {
            "type": "single",
            "resource": "minecraft:custom/achievements/no_more_prisoner_6"
        },
        {
            "type": "single",
            "resource": "minecraft:custom/achievements/no_more_prisoner_7"
        },
        {
            "type": "single",
            "resource": "minecraft:custom/achievements/no_more_prisoner_8"
        },
        {
            "type": "single",
            "resource": "minecraft:custom/achievements/no_more_prisoner_9"
        },
        {
            "type": "single",
            "resource": "minecraft:custom/achievements/pioneer_0"
        },
        {
            "type": "single",
            "resource": "minecraft:custom/achievements/pioneer_1"
        },
        {
            "type": "single",
            "resource": "minecraft:custom/achievements/power_pick_0"
        },
        {
            "type": "single",
            "resource": "minecraft:custom/achievements/power_pick_1"
        },
        {
            "type": "single",
            "resource": "minecraft:custom/achievements/power_pick_2"
        },
        {
            "type": "single",
            "resource": "minecraft:custom/achievements/power_pick_3"
        },
        {
            "type": "single",
            "resource": "minecraft:custom/achievements/power_pick_4"
        },
        {
            "type": "single",
            "resource": "minecraft:custom/achievements/power_pick_5"
        },
        {
            "type": "single",
            "resource": "minecraft:custom/achievements/prison_legend_0"
        },
        {
            "type": "single",
            "resource": "minecraft:custom/achievements/prison_legend_1"
        },
        {
            "type": "single",
            "resource": "minecraft:custom/achievements/prison_legend_2"
        },
        {
            "type": "single",
            "resource": "minecraft:custom/achievements/prison_legend_3"
        },
        {
            "type": "single",
            "resource": "minecraft:custom/achievements/prison_legend_4"
        },
        {
            "type": "single",
            "resource": "minecraft:custom/achievements/prison_legend_5"
        },
        {
            "type": "single",
            "resource": "minecraft:custom/achievements/quarry_master_0"
        },
        {
            "type": "single",
            "resource": "minecraft:custom/achievements/quarry_master_1"
        },
        {
            "type": "single",
            "resource": "minecraft:custom/achievements/quarry_master_2"
        },
        {
            "type": "single",
            "resource": "minecraft:custom/achievements/quarry_master_3"
        },
        {
            "type": "single",
            "resource": "minecraft:custom/achievements/quarry_master_4"
        },
        {
            "type": "single",
            "resource": "minecraft:custom/achievements/quarry_master_5"
        },
        {
            "type": "single",
            "resource": "minecraft:custom/achievements/server_loyalty_0"
        },
        {
            "type": "single",
            "resource": "minecraft:custom/achievements/server_loyalty_1"
        },
        {
            "type": "single",
            "resource": "minecraft:custom/achievements/server_loyalty_2"
        },
        {
            "type": "single",
            "resource": "minecraft:custom/achievements/server_loyalty_3"
        },
        {
            "type": "single",
            "resource": "minecraft:custom/achievements/server_loyalty_4"
        },
        {
            "type": "single",
            "resource": "minecraft:custom/achievements/server_loyalty_5"
        },
        {
            "type": "single",
            "resource": "minecraft:custom/achievements/shard_seeker_0"
        },
        {
            "type": "single",
            "resource": "minecraft:custom/achievements/shard_seeker_1"
        },
        {
            "type": "single",
            "resource": "minecraft:custom/achievements/shard_seeker_2"
        },
        {
            "type": "single",
            "resource": "minecraft:custom/achievements/shard_seeker_3"
        },
        {
            "type": "single",
            "resource": "minecraft:custom/achievements/shard_seeker_4"
        },
        {
            "type": "single",
            "resource": "minecraft:custom/achievements/shard_seeker_5"
        },
        {
            "type": "single",
            "resource": "minecraft:custom/achievements/summoner_0"
        },
        {
            "type": "single",
            "resource": "minecraft:custom/achievements/summoner_1"
        },
        {
            "type": "single",
            "resource": "minecraft:custom/achievements/summoner_2"
        },
        {
            "type": "single",
            "resource": "minecraft:custom/achievements/summoner_3"
        },
        {
            "type": "single",
            "resource": "minecraft:custom/achievements/summoner_4"
        },
        {
            "type": "single",
            "resource": "minecraft:custom/achievements/summoner_5"
        },
        {
            "type": "single",
            "resource": "minecraft:custom/achievements/tentacle_tango_0"
        },
        {
            "type": "single",
            "resource": "minecraft:custom/achievements/tentacle_tango_1"
        },
        {
            "type": "single",
            "resource": "minecraft:custom/achievements/time_flies_0"
        },
        {
            "type": "single",
            "resource": "minecraft:custom/achievements/time_flies_1"
        },
        {
            "type": "single",
            "resource": "minecraft:custom/achievements/time_flies_2"
        },
        {
            "type": "single",
            "resource": "minecraft:custom/achievements/time_flies_3"
        },
        {
            "type": "single",
            "resource": "minecraft:custom/achievements/time_flies_4"
        },
        {
            "type": "single",
            "resource": "minecraft:custom/achievements/time_flies_5"
        },
        {
            "type": "single",
            "resource": "minecraft:custom/achievements/wildlife_slayer_0"
        },
        {
            "type": "single",
            "resource": "minecraft:custom/achievements/wildlife_slayer_1"
        },
        {
            "type": "single",
            "resource": "minecraft:custom/achievements/wildlife_slayer_2"
        },
        {
            "type": "single",
            "resource": "minecraft:custom/achievements/wildlife_slayer_3"
        },
        {
            "type": "single",
            "resource": "minecraft:custom/achievements/wildlife_slayer_4"
        },
        {
            "type": "single",
            "resource": "minecraft:custom/achievements/wildlife_slayer_5"
        },
        {
            "type": "single",
            "resource": "minecraft:custom/book/blast_protection"
        },
        {
            "type": "single",
            "resource": "minecraft:custom/book/efficiency"
        },
        {
            "type": "single",
            "resource": "minecraft:custom/book/energize"
        },
        {
            "type": "single",
            "resource": "minecraft:custom/book/fire_aspect"
        },
        {
            "type": "single",
            "resource": "minecraft:custom/book/fire_protection"
        },
        {
            "type": "single",
            "resource": "minecraft:custom/book/flame"
        },
        {
            "type": "single",
            "resource": "minecraft:custom/book/gem_luck"
        },
        {
            "type": "single",
            "resource": "minecraft:custom/book/geode_luck"
        },
        {
            "type": "single",
            "resource": "minecraft:custom/book/gold_strike"
        },
        {
            "type": "single",
            "resource": "minecraft:custom/book/infinity"
        },
        {
            "type": "single",
            "resource": "minecraft:custom/book/key_luck"
        },
        {
            "type": "single",
            "resource": "minecraft:custom/book/knockback"
        },
        {
            "type": "single",
            "resource": "minecraft:custom/book/leap"
        },
        {
            "type": "single",
            "resource": "minecraft:custom/book/lure"
        },
        {
            "type": "single",
            "resource": "minecraft:custom/book/multishot"
        },
        {
            "type": "single",
            "resource": "minecraft:custom/book/night_vision"
        },
        {
            "type": "single",
            "resource": "minecraft:custom/book/power"
        },
        {
            "type": "single",
            "resource": "minecraft:custom/book/projectile_protection"
        },
        {
            "type": "single",
            "resource": "minecraft:custom/book/punch"
        },
        {
            "type": "single",
            "resource": "minecraft:custom/book/sharpness"
        },
        {
            "type": "single",
            "resource": "minecraft:custom/book/smite"
        },
        {
            "type": "single",
            "resource": "minecraft:custom/book/speed"
        },
        {
            "type": "single",
            "resource": "minecraft:custom/book/sweeping_edge"
        },
        {
            "type": "single",
            "resource": "minecraft:custom/book/unbreaking"
        },
        {
            "type": "single",
            "resource": "minecraft:custom/fish/anglerfish"
        },
        {
            "type": "single",
            "resource": "minecraft:custom/fish/speed_bait_solo"
        },
        {
            "type": "single",
            "resource": "minecraft:custom/fish/titan_bait_solo"
        },
        {
            "type": "single",
            "resource": "minecraft:custom/fish/luxury_bait_solo"
        },
        {
            "type": "single",
            "resource": "minecraft:custom/fish/glow_bait_solo"
        },
        {
            "type": "single",
            "resource": "minecraft:custom/fish/ghost_shark"
        },
        {
            "type": "single",
            "resource": "minecraft:custom/fish/giant_squid"
        },
        {
            "type": "single",
            "resource": "minecraft:custom/fish/glimmer"
        },
        {
            "type": "single",
            "resource": "minecraft:custom/fish/glow_bait"
        },
        {
            "type": "single",
            "resource": "minecraft:custom/fish/glow_bait_gray"
        },
        {
            "type": "single",
            "resource": "minecraft:custom/fish/goldfish"
        },
        {
            "type": "single",
            "resource": "minecraft:custom/fish/isopod"
        },
        {
            "type": "single",
            "resource": "minecraft:custom/fish/jellyfish"
        },
        {
            "type": "single",
            "resource": "minecraft:custom/fish/luxury_bait"
        },
        {
            "type": "single",
            "resource": "minecraft:custom/fish/luxury_bait_gray"
        },
        {
            "type": "single",
            "resource": "minecraft:custom/fish/octopus"
        },
        {
            "type": "single",
            "resource": "minecraft:custom/fish/prismatic_ray"
        },
        {
            "type": "single",
            "resource": "minecraft:custom/fish/rainbow_snapper"
        },
        {
            "type": "single",
            "resource": "minecraft:custom/fish/rod_1"
        },
        {
            "type": "single",
            "resource": "minecraft:custom/fish/rod_10"
        },
        {
            "type": "single",
            "resource": "minecraft:custom/fish/rod_11"
        },
        {
            "type": "single",
            "resource": "minecraft:custom/fish/rod_12"
        },
        {
            "type": "single",
            "resource": "minecraft:custom/fish/rod_13"
        },
        {
            "type": "single",
            "resource": "minecraft:custom/fish/rod_14"
        },
        {
            "type": "single",
            "resource": "minecraft:custom/fish/rod_15"
        },
        {
            "type": "single",
            "resource": "minecraft:custom/fish/rod_2"
        },
        {
            "type": "single",
            "resource": "minecraft:custom/fish/rod_3"
        },
        {
            "type": "single",
            "resource": "minecraft:custom/fish/rod_4"
        },
        {
            "type": "single",
            "resource": "minecraft:custom/fish/rod_5"
        },
        {
            "type": "single",
            "resource": "minecraft:custom/fish/rod_6"
        },
        {
            "type": "single",
            "resource": "minecraft:custom/fish/rod_7"
        },
        {
            "type": "single",
            "resource": "minecraft:custom/fish/rod_8"
        },
        {
            "type": "single",
            "resource": "minecraft:custom/fish/rod_9"
        },
        {
            "type": "single",
            "resource": "minecraft:custom/fish/sea_horse"
        },
        {
            "type": "single",
            "resource": "minecraft:custom/fish/sea_urchin"
        },
        {
            "type": "single",
            "resource": "minecraft:custom/fish/shrimp"
        },
        {
            "type": "single",
            "resource": "minecraft:custom/fish/speed_bait"
        },
        {
            "type": "single",
            "resource": "minecraft:custom/fish/speed_bait_gray"
        },
        {
            "type": "single",
            "resource": "minecraft:custom/fish/starfish"
        },
        {
            "type": "single",
            "resource": "minecraft:custom/fish/stonefish"
        },
        {
            "type": "single",
            "resource": "minecraft:custom/fish/sunfish"
        },
        {
            "type": "single",
            "resource": "minecraft:custom/fish/titan_bait"
        },
        {
            "type": "single",
            "resource": "minecraft:custom/fish/titan_bait_gray"
        },
        {
            "type": "single",
            "resource": "minecraft:custom/fish/water_snake"
        },
        {
            "type": "single",
            "resource": "minecraft:custom/fish/zebra_fin"
        },
        {
            "type": "single",
            "resource": "minecraft:custom/gui/achievements"
        },
        {
            "type": "single",
            "resource": "minecraft:custom/gui/add_item"
        },
        {
            "type": "single",
            "resource": "minecraft:custom/gui/alien_alpha"
        },
        {
            "type": "single",
            "resource": "minecraft:custom/gui/alien_minion"
        },
        {
            "type": "single",
            "resource": "minecraft:custom/gui/back"
        },
        {
            "type": "single",
            "resource": "minecraft:custom/gui/beequest_current"
        },
        {
            "type": "single",
            "resource": "minecraft:custom/gui/beequest_upcoming"
        },
        {
            "type": "single",
            "resource": "minecraft:custom/gui/booster_fish"
        },
        {
            "type": "single",
            "resource": "minecraft:custom/gui/booster_gem"
        },
        {
            "type": "single",
            "resource": "minecraft:custom/gui/booster_millionaire"
        },
        {
            "type": "single",
            "resource": "minecraft:custom/gui/booster_off"
        },
        {
            "type": "single",
            "resource": "minecraft:custom/gui/booster_on"
        },
        {
            "type": "single",
            "resource": "minecraft:custom/gui/booster_sell"
        },
        {
            "type": "single",
            "resource": "minecraft:custom/gui/buy"
        },
        {
            "type": "single",
            "resource": "minecraft:custom/gui/cf_1"
        },
        {
            "type": "single",
            "resource": "minecraft:custom/gui/cf_2"
        },
        {
            "type": "single",
            "resource": "minecraft:custom/gui/cf_3"
        },
        {
            "type": "single",
            "resource": "minecraft:custom/gui/cf_4"
        },
        {
            "type": "single",
            "resource": "minecraft:custom/gui/cf_5"
        },
        {
            "type": "single",
            "resource": "minecraft:custom/gui/cf_heads"
        },
        {
            "type": "single",
            "resource": "minecraft:custom/gui/cf_loser"
        },
        {
            "type": "single",
            "resource": "minecraft:custom/gui/cf_tails"
        },
        {
            "type": "single",
            "resource": "minecraft:custom/gui/cf_winner"
        },
        {
            "type": "single",
            "resource": "minecraft:custom/gui/check"
        },
        {
            "type": "single",
            "resource": "minecraft:custom/gui/clock"
        },
        {
            "type": "single",
            "resource": "minecraft:custom/gui/coinflipping"
        },
        {
            "type": "single",
            "resource": "minecraft:custom/gui/coinflip_lose"
        },
        {
            "type": "single",
            "resource": "minecraft:custom/gui/coinflip_win"
        },
        {
            "type": "single",
            "resource": "minecraft:custom/gui/crate_label"
        },
        {
            "type": "single",
            "resource": "minecraft:custom/gui/debug"
        },
        {
            "type": "single",
            "resource": "minecraft:custom/gui/discord"
        },
        {
            "type": "single",
            "resource": "minecraft:custom/gui/empty_slot"
        },
        {
            "type": "single",
            "resource": "minecraft:custom/gui/excavators"
        },
        {
            "type": "single",
            "resource": "minecraft:custom/gui/excollect"
        },
        {
            "type": "single",
            "resource": "minecraft:custom/gui/exupgrade_efficiency"
        },
        {
            "type": "single",
            "resource": "minecraft:custom/gui/exupgrade_money"
        },
        {
            "type": "single",
            "resource": "minecraft:custom/gui/exupgrade_oil"
        },
        {
            "type": "single",
            "resource": "minecraft:custom/gui/forcefield"
        },
        {
            "type": "single",
            "resource": "minecraft:custom/gui/guide"
        },
        {
            "type": "single",
            "resource": "minecraft:custom/gui/glow_0"
        },
        {
            "type": "single",
            "resource": "minecraft:custom/gui/glow_1"
        },
        {
            "type": "single",
            "resource": "minecraft:custom/gui/glow_2"
        },
        {
            "type": "single",
            "resource": "minecraft:custom/gui/glow_3"
        },
        {
            "type": "single",
            "resource": "minecraft:custom/gui/glow_4"
        },
        {
            "type": "single",
            "resource": "minecraft:custom/gui/glow_5"
        },
        {
            "type": "single",
            "resource": "minecraft:custom/gui/glow_6"
        },
        {
            "type": "single",
            "resource": "minecraft:custom/gui/glow_7"
        },
        {
            "type": "single",
            "resource": "minecraft:custom/gui/glow_8"
        },
        {
            "type": "single",
            "resource": "minecraft:custom/gui/glow_9"
        },
        {
            "type": "single",
            "resource": "minecraft:custom/gui/glow_a"
        },
        {
            "type": "single",
            "resource": "minecraft:custom/gui/glow_b"
        },
        {
            "type": "single",
            "resource": "minecraft:custom/gui/glow_c"
        },
        {
            "type": "single",
            "resource": "minecraft:custom/gui/glow_d"
        },
        {
            "type": "single",
            "resource": "minecraft:custom/gui/glow_e"
        },
        {
            "type": "single",
            "resource": "minecraft:custom/gui/glow_f"
        },
        {
            "type": "single",
            "resource": "minecraft:custom/gui/glow_off"
        },
        {
            "type": "single",
            "resource": "minecraft:custom/gui/inactive"
        },
        {
            "type": "single",
            "resource": "minecraft:custom/gui/info_label"
        },
        {
            "type": "single",
            "resource": "minecraft:custom/gui/island_1"
        },
        {
            "type": "single",
            "resource": "minecraft:custom/gui/island_2"
        },
        {
            "type": "single",
            "resource": "minecraft:custom/gui/island_2_locked"
        },
        {
            "type": "single",
            "resource": "minecraft:custom/gui/join"
        },
        {
            "type": "single",
            "resource": "minecraft:custom/gui/kdr"
        },
        {
            "type": "single",
            "resource": "minecraft:custom/gui/kit_pvp"
        },
        {
            "type": "single",
            "resource": "minecraft:custom/gui/lable"
        },
        {
            "type": "single",
            "resource": "minecraft:custom/gui/locked"
        },
        {
            "type": "single",
            "resource": "minecraft:custom/gui/market"
        },
        {
            "type": "single",
            "resource": "minecraft:custom/gui/mention"
        },
        {
            "type": "single",
            "resource": "minecraft:custom/gui/minus"
        },
        {
            "type": "single",
            "resource": "minecraft:custom/gui/minute_earnings"
        },
        {
            "type": "single",
            "resource": "minecraft:custom/gui/next"
        },
        {
            "type": "single",
            "resource": "minecraft:custom/gui/no"
        },
        {
            "type": "single",
            "resource": "minecraft:custom/gui/no_buy"
        },
        {
            "type": "single",
            "resource": "minecraft:custom/gui/no_minus"
        },
        {
            "type": "single",
            "resource": "minecraft:custom/gui/open_geode"
        },
        {
            "type": "single",
            "resource": "minecraft:custom/gui/pf_celestial"
        },
        {
            "type": "single",
            "resource": "minecraft:custom/gui/pf_cosmic"
        },
        {
            "type": "single",
            "resource": "minecraft:custom/gui/pf_eternal"
        },
        {
            "type": "single",
            "resource": "minecraft:custom/gui/pf_galactic"
        },
        {
            "type": "single",
            "resource": "minecraft:custom/gui/pf_lunar"
        },
        {
            "type": "single",
            "resource": "minecraft:custom/gui/pf_solar"
        },
        {
            "type": "single",
            "resource": "minecraft:custom/gui/pickaxe_notes"
        },
        {
            "type": "single",
            "resource": "minecraft:custom/gui/pickaxe_skins"
        },
        {
            "type": "single",
            "resource": "minecraft:custom/gui/pickaxe_toggle_off"
        },
        {
            "type": "single",
            "resource": "minecraft:custom/gui/pickaxe_toggle_on"
        },
        {
            "type": "single",
            "resource": "minecraft:custom/gui/playershop_awning"
        },
        {
            "type": "single",
            "resource": "minecraft:custom/gui/plus"
        },
        {
            "type": "single",
            "resource": "minecraft:custom/gui/previous"
        },
        {
            "type": "single",
            "resource": "minecraft:custom/gui/punish_back"
        },
        {
            "type": "single",
            "resource": "minecraft:custom/gui/punish_ban_0"
        },
        {
            "type": "single",
            "resource": "minecraft:custom/gui/punish_ban_1"
        },
        {
            "type": "single",
            "resource": "minecraft:custom/gui/punish_ban_2"
        },
        {
            "type": "single",
            "resource": "minecraft:custom/gui/punish_ban_3"
        },
        {
            "type": "single",
            "resource": "minecraft:custom/gui/punish_ban_4"
        },
        {
            "type": "single",
            "resource": "minecraft:custom/gui/punish_kick_0"
        },
        {
            "type": "single",
            "resource": "minecraft:custom/gui/punish_kick_1"
        },
        {
            "type": "single",
            "resource": "minecraft:custom/gui/punish_kick_2"
        },
        {
            "type": "single",
            "resource": "minecraft:custom/gui/punish_kick_3"
        },
        {
            "type": "single",
            "resource": "minecraft:custom/gui/punish_kick_4"
        },
        {
            "type": "single",
            "resource": "minecraft:custom/gui/punish_mute_0"
        },
        {
            "type": "single",
            "resource": "minecraft:custom/gui/punish_mute_1"
        },
        {
            "type": "single",
            "resource": "minecraft:custom/gui/punish_mute_2"
        },
        {
            "type": "single",
            "resource": "minecraft:custom/gui/punish_mute_3"
        },
        {
            "type": "single",
            "resource": "minecraft:custom/gui/punish_mute_4"
        },
        {
            "type": "single",
            "resource": "minecraft:custom/gui/punish_no"
        },
        {
            "type": "single",
            "resource": "minecraft:custom/gui/punish_reason"
        },
        {
            "type": "single",
            "resource": "minecraft:custom/gui/punish_yes"
        },
        {
            "type": "single",
            "resource": "minecraft:custom/gui/quests"
        },
        {
            "type": "single",
            "resource": "minecraft:custom/gui/quest_current"
        },
        {
            "type": "single",
            "resource": "minecraft:custom/gui/quest_done"
        },
        {
            "type": "single",
            "resource": "minecraft:custom/gui/quest_frame"
        },
        {
            "type": "single",
            "resource": "minecraft:custom/gui/quest_upcoming"
        },
        {
            "type": "single",
            "resource": "minecraft:custom/gui/random_buy"
        },
        {
            "type": "single",
            "resource": "minecraft:custom/gui/refill_oil"
        },
        {
            "type": "single",
            "resource": "minecraft:custom/gui/refresh"
        },
        {
            "type": "single",
            "resource": "minecraft:custom/gui/repair_gear"
        },
        {
            "type": "single",
            "resource": "minecraft:custom/gui/sell_fish"
        },
        {
            "type": "single",
            "resource": "minecraft:custom/gui/servershop_awning"
        },
        {
            "type": "single",
            "resource": "minecraft:custom/gui/shopping_bag"
        },
        {
            "type": "single",
            "resource": "minecraft:custom/gui/shop_fence"
        },
        {
            "type": "single",
            "resource": "minecraft:custom/gui/sort_price"
        },
        {
            "type": "single",
            "resource": "minecraft:custom/gui/sort_rarity"
        },
        {
            "type": "single",
            "resource": "minecraft:custom/gui/sort_recent"
        },
        {
            "type": "single",
            "resource": "minecraft:custom/gui/staffchat"
        },
        {
            "type": "single",
            "resource": "minecraft:custom/gui/staff_freeze"
        },
        {
            "type": "single",
            "resource": "minecraft:custom/gui/staff_punish"
        },
        {
            "type": "single",
            "resource": "minecraft:custom/gui/staff_spectator"
        },
        {
            "type": "single",
            "resource": "minecraft:custom/gui/staff_teleport"
        },
        {
            "type": "single",
            "resource": "minecraft:custom/gui/status_afk"
        },
        {
            "type": "single",
            "resource": "minecraft:custom/gui/status_off"
        },
        {
            "type": "single",
            "resource": "minecraft:custom/gui/status_on"
        },
        {
            "type": "single",
            "resource": "minecraft:custom/gui/swinging_pickaxe"
        },
        {
            "type": "single",
            "resource": "minecraft:custom/gui/trade_ready"
        },
        {
            "type": "single",
            "resource": "minecraft:custom/gui/trade_wait"
        },
        {
            "type": "single",
            "resource": "minecraft:custom/gui/upgrade_gear"
        },
        {
            "type": "single",
            "resource": "minecraft:custom/gui/vanish"
        },
        {
            "type": "single",
            "resource": "minecraft:custom/gui/warning"
        },
        {
            "type": "single",
            "resource": "minecraft:custom/gui/warp_crates"
        },
        {
            "type": "single",
            "resource": "minecraft:custom/gui/warp_hunter"
        },
        {
            "type": "single",
            "resource": "minecraft:custom/gui/warp_mage"
        },
        {
            "type": "single",
            "resource": "minecraft:custom/gui/warp_merchant"
        },
        {
            "type": "single",
            "resource": "minecraft:custom/gui/warp_mines"
        },
        {
            "type": "single",
            "resource": "minecraft:custom/gui/warp_pond"
        },
        {
            "type": "single",
            "resource": "minecraft:custom/gui/warp_pvp"
        },
        {
            "type": "single",
            "resource": "minecraft:custom/gui/warp_spawn"
        },
        {
            "type": "single",
            "resource": "minecraft:custom/gui/website"
        },
        {
            "type": "single",
            "resource": "minecraft:custom/gui/whisper"
        },
        {
            "type": "single",
            "resource": "minecraft:custom/gui/yes"
        },
        {
            "type": "single",
            "resource": "minecraft:custom/locked/candy_cane_pickaxe"
        },
        {
            "type": "single",
            "resource": "minecraft:custom/locked/celestial_pickaxe"
        },
        {
            "type": "single",
            "resource": "minecraft:custom/locked/claw_pickaxe"
        },
        {
            "type": "single",
            "resource": "minecraft:custom/locked/cyber_pickaxe"
        },
        {
            "type": "single",
            "resource": "minecraft:custom/locked/drill_pickaxe"
        },
        {
            "type": "single",
            "resource": "minecraft:custom/locked/electric_pickaxe"
        },
        {
            "type": "single",
            "resource": "minecraft:custom/locked/fish_pickaxe"
        },
        {
            "type": "single",
            "resource": "minecraft:custom/locked/fruit_pickaxe"
        },
        {
            "type": "single",
            "resource": "minecraft:custom/locked/gear_pickaxe"
        },
        {
            "type": "single",
            "resource": "minecraft:custom/locked/ice_pop_pickaxe"
        },
        {
            "type": "single",
            "resource": "minecraft:custom/locked/jungle_pickaxe"
        },
        {
            "type": "single",
            "resource": "minecraft:custom/locked/leaf_pickaxe"
        },
        {
            "type": "single",
            "resource": "minecraft:custom/locked/lollipop_pickaxe"
        },
        {
            "type": "single",
            "resource": "minecraft:custom/locked/magma_pickaxe"
        },
        {
            "type": "single",
            "resource": "minecraft:custom/locked/mini_pickaxe"
        },
        {
            "type": "single",
            "resource": "minecraft:custom/locked/monster_pickaxe"
        },
        {
            "type": "single",
            "resource": "minecraft:custom/locked/music_pickaxe"
        },
        {
            "type": "single",
            "resource": "minecraft:custom/locked/neon_pickaxe"
        },
        {
            "type": "single",
            "resource": "minecraft:custom/locked/rainbow_pickaxe"
        },
        {
            "type": "single",
            "resource": "minecraft:custom/locked/rocket_pickaxe"
        },
        {
            "type": "single",
            "resource": "minecraft:custom/locked/saturn_pickaxe"
        },
        {
            "type": "single",
            "resource": "minecraft:custom/locked/sausage_pickaxe"
        },
        {
            "type": "single",
            "resource": "minecraft:custom/locked/shadow_pickaxe"
        },
        {
            "type": "single",
            "resource": "minecraft:custom/locked/shark_pickaxe"
        },
        {
            "type": "single",
            "resource": "minecraft:custom/locked/star_pickaxe"
        },
        {
            "type": "single",
            "resource": "minecraft:custom/locked/tnt_pickaxe"
        },
        {
            "type": "single",
            "resource": "minecraft:custom/locked/toucan_pickaxe"
        },
        {
            "type": "single",
            "resource": "minecraft:custom/gui/mine_a"
        },
        {
            "type": "single",
            "resource": "minecraft:custom/gui/mine_b"
        },
        {
            "type": "single",
            "resource": "minecraft:custom/gui/mine_c"
        },
        {
            "type": "single",
            "resource": "minecraft:custom/gui/mine_d"
        },
        {
            "type": "single",
            "resource": "minecraft:custom/gui/mine_e"
        },
        {
            "type": "single",
            "resource": "minecraft:custom/gui/mine_f"
        },
        {
            "type": "single",
            "resource": "minecraft:custom/gui/mine_g"
        },
        {
            "type": "single",
            "resource": "minecraft:custom/gui/mine_gilded_1"
        },
        {
            "type": "single",
            "resource": "minecraft:custom/gui/mine_gilded_2"
        },
        {
            "type": "single",
            "resource": "minecraft:custom/gui/mine_h"
        },
        {
            "type": "single",
            "resource": "minecraft:custom/gui/mine_i"
        },
        {
            "type": "single",
            "resource": "minecraft:custom/gui/mine_j"
        },
        {
            "type": "single",
            "resource": "minecraft:custom/gui/mine_k"
        },
        {
            "type": "single",
            "resource": "minecraft:custom/gui/mine_l"
        },
        {
            "type": "single",
            "resource": "minecraft:custom/gui/mine_m"
        },
        {
            "type": "single",
            "resource": "minecraft:custom/gui/mine_n"
        },
        {
            "type": "single",
            "resource": "minecraft:custom/gui/mine_o"
        },
        {
            "type": "single",
            "resource": "minecraft:custom/gui/mine_p"
        },
        {
            "type": "single",
            "resource": "minecraft:custom/gui/mine_pvp"
        },
        {
            "type": "single",
            "resource": "minecraft:custom/gui/mine_q"
        },
        {
            "type": "single",
            "resource": "minecraft:custom/gui/mine_r"
        },
        {
            "type": "single",
            "resource": "minecraft:custom/gui/mine_s"
        },
        {
            "type": "single",
            "resource": "minecraft:custom/gui/mine_t"
        },
        {
            "type": "single",
            "resource": "minecraft:custom/gui/mine_u"
        },
        {
            "type": "single",
            "resource": "minecraft:custom/gui/mine_v"
        },
        {
            "type": "single",
            "resource": "minecraft:custom/gui/mine_w"
        },
        {
            "type": "single",
            "resource": "minecraft:custom/gui/mine_wood"
        },
        {
            "type": "single",
            "resource": "minecraft:custom/gui/mine_x"
        },
        {
            "type": "single",
            "resource": "minecraft:custom/gui/mine_y"
        },
        {
            "type": "single",
            "resource": "minecraft:custom/gui/mine_z"
        },
        {
            "type": "single",
            "resource": "minecraft:custom/gui/blood"
        },
        {
            "type": "single",
            "resource": "minecraft:custom/gui/diamond"
        },
        {
            "type": "single",
            "resource": "minecraft:custom/gui/emerald"
        },
        {
            "type": "single",
            "resource": "minecraft:custom/gui/flame"
        },
        {
            "type": "single",
            "resource": "minecraft:custom/gui/gold"
        },
        {
            "type": "single",
            "resource": "minecraft:custom/gui/heart"
        },
        {
            "type": "single",
            "resource": "minecraft:custom/gui/lavarain"
        },
        {
            "type": "single",
            "resource": "minecraft:custom/gui/note"
        },
        {
            "type": "single",
            "resource": "minecraft:custom/gui/obsidianrain"
        },
        {
            "type": "single",
            "resource": "minecraft:custom/gui/rain"
        },
        {
            "type": "single",
            "resource": "minecraft:custom/gui/rainbow"
        },
        {
            "type": "single",
            "resource": "minecraft:custom/gui/slime"
        },
        {
            "type": "single",
            "resource": "minecraft:custom/gui/snow"
        },
        {
            "type": "single",
            "resource": "minecraft:custom/gui/soulflame"
        },
        {
            "type": "single",
            "resource": "minecraft:custom/gui/spark"
        },
        {
            "type": "single",
            "resource": "minecraft:custom/gui/totem"
        },
        {
            "type": "single",
            "resource": "minecraft:custom/gui/witch"
        },
        {
            "type": "single",
            "resource": "minecraft:custom/pickaxe/candy_cane_pickaxe"
        },
        {
            "type": "single",
            "resource": "minecraft:custom/pickaxe/celestial_pickaxe"
        },
        {
            "type": "single",
            "resource": "minecraft:custom/pickaxe/claw_pickaxe"
        },
        {
            "type": "single",
            "resource": "minecraft:custom/pickaxe/cyber_pickaxe"
        },
        {
            "type": "single",
            "resource": "minecraft:custom/pickaxe/drill_pickaxe"
        },
        {
            "type": "single",
            "resource": "minecraft:custom/pickaxe/electric_pickaxe"
        },
        {
            "type": "single",
            "resource": "minecraft:custom/pickaxe/fish_pickaxe"
        },
        {
            "type": "single",
            "resource": "minecraft:custom/pickaxe/fruit_pickaxe"
        },
        {
            "type": "single",
            "resource": "minecraft:custom/pickaxe/gear_pickaxe"
        },
        {
            "type": "single",
            "resource": "minecraft:custom/pickaxe/ice_pop_pickaxe"
        },
        {
            "type": "single",
            "resource": "minecraft:custom/pickaxe/jungle_pickaxe"
        },
        {
            "type": "single",
            "resource": "minecraft:custom/pickaxe/leaf_pickaxe"
        },
        {
            "type": "single",
            "resource": "minecraft:custom/pickaxe/lollipop_pickaxe"
        },
        {
            "type": "single",
            "resource": "minecraft:custom/pickaxe/magma_pickaxe"
        },
        {
            "type": "single",
            "resource": "minecraft:custom/pickaxe/mini_pickaxe"
        },
        {
            "type": "single",
            "resource": "minecraft:custom/pickaxe/monster_pickaxe"
        },
        {
            "type": "single",
            "resource": "minecraft:custom/pickaxe/music_pickaxe"
        },
        {
            "type": "single",
            "resource": "minecraft:custom/pickaxe/neon_pickaxe"
        },
        {
            "type": "single",
            "resource": "minecraft:custom/pickaxe/rainbow_pickaxe"
        },
        {
            "type": "single",
            "resource": "minecraft:custom/pickaxe/rocket_pickaxe"
        },
        {
            "type": "single",
            "resource": "minecraft:custom/pickaxe/saturn_pickaxe"
        },
        {
            "type": "single",
            "resource": "minecraft:custom/pickaxe/sausage_pickaxe"
        },
        {
            "type": "single",
            "resource": "minecraft:custom/pickaxe/shadow_pickaxe"
        },
        {
            "type": "single",
            "resource": "minecraft:custom/pickaxe/shark_pickaxe"
        },
        {
            "type": "single",
            "resource": "minecraft:custom/pickaxe/star_pickaxe"
        },
        {
            "type": "single",
            "resource": "minecraft:custom/pickaxe/tnt_pickaxe"
        },
        {
            "type": "single",
            "resource": "minecraft:custom/pickaxe/toucan_pickaxe"
        },
        {
            "type": "single",
            "resource": "minecraft:custom/gui/cluster_bomb"
        },
        {
            "type": "single",
            "resource": "minecraft:custom/gui/drill"
        },
        {
            "type": "single",
            "resource": "minecraft:custom/gui/efficiency"
        },
        {
            "type": "single",
            "resource": "minecraft:custom/gui/explosive"
        },
        {
            "type": "single",
            "resource": "minecraft:custom/gui/fortune"
        },
        {
            "type": "single",
            "resource": "minecraft:custom/gui/geode_tracker"
        },
        {
            "type": "single",
            "resource": "minecraft:custom/gui/key_finder"
        },
        {
            "type": "single",
            "resource": "minecraft:custom/gui/laser"
        },
        {
            "type": "single",
            "resource": "minecraft:custom/gui/lucky_block"
        },
        {
            "type": "single",
            "resource": "minecraft:custom/gui/midas"
        },
        {
            "type": "single",
            "resource": "minecraft:custom/gui/prosperity"
        },
        {
            "type": "single",
            "resource": "minecraft:custom/gui/scavenger"
        },
        {
            "type": "single",
            "resource": "modelengine:entity/crate_chromatic"
        },
        {
            "type": "single",
            "resource": "modelengine:entity/crate_legendary"
        },
        {
            "type": "single",
            "resource": "modelengine:entity/crate_mining"
        },
        {
            "type": "single",
            "resource": "modelengine:entity/crate_voting"
        },
        {
            "type": "single",
            "resource": "modelengine:entity/cube"
        },
        {
            "type": "single",
            "resource": "modelengine:entity/floater"
        },
        {
            "type": "single",
            "resource": "modelengine:entity/floater_tail"
        },
        {
            "type": "single",
            "resource": "modelengine:entity/hive_mind"
        },
        {
            "type": "single",
            "resource": "modelengine:entity/kraken"
        },
        {
            "type": "single",
            "resource": "modelengine:entity/mech"
        },
        {
            "type": "single",
            "resource": "modelengine:entity/meteor"
        },
        {
            "type": "single",
            "resource": "modelengine:entity/prisoner"
        },
        {
            "type": "single",
            "resource": "modelengine:entity/prisoner_misc"
        },
        {
            "type": "single",
            "resource": "modelengine:entity/razor"
        },
        {
            "type": "single",
            "resource": "modelengine:entity/soul"
        },
        {
            "type": "single",
            "resource": "modelengine:entity/soul_tail"
        }
    ]
}