{
	"credit": "Made with Blockbench",
	"texture_size": [32, 32],
	"textures": {
		"1": "custom/pet/eye",
		"2": "custom/pet/beaver",
		"particle": "custom/pet/beaver"
	},
	"elements": [
		{
			"from": [6, 3, 16],
			"to": [10, 5, 17],
			"rotation": {"angle": 0, "axis": "y", "origin": [8.5, 5.14668, 9.45518]},
			"faces": {
				"north": {"uv": [7, 3, 9, 4], "texture": "#2"},
				"east": {"uv": [11, 0.5, 11.5, 1.5], "texture": "#2"},
				"south": {"uv": [9, 0.5, 11, 1.5], "texture": "#2"},
				"west": {"uv": [11, 0.5, 11.5, 1.5], "texture": "#2"},
				"up": {"uv": [11, 0.5, 9, 0], "rotation": 180, "texture": "#2"},
				"down": {"uv": [11, 1.5, 9, 2], "rotation": 180, "texture": "#2"}
			}
		},
		{
			"from": [7, 2, 17],
			"to": [9, 3, 17],
			"rotation": {"angle": 0, "axis": "y", "origin": [8.5, 4.14668, 9.45518]},
			"faces": {
				"north": {"uv": [10.5, 2, 9.5, 2.5], "texture": "#2"},
				"east": {"uv": [0, 0, 0, 0.5], "texture": "#2"},
				"south": {"uv": [9.5, 2, 10.5, 2.5], "texture": "#2"},
				"west": {"uv": [0, 0, 0, 0.5], "texture": "#2"},
				"up": {"uv": [1, 0, 0, 0], "rotation": 180, "texture": "#2"},
				"down": {"uv": [1, 0, 0, 0], "rotation": 180, "texture": "#2"}
			}
		},
		{
			"from": [9, 0, 10],
			"to": [11, 2, 12],
			"rotation": {"angle": 0, "axis": "y", "origin": [8.5, 6.14668, 9.45518]},
			"faces": {
				"north": {"uv": [11, 13, 12, 14], "texture": "#2"},
				"east": {"uv": [12, 13, 13, 14], "texture": "#2"},
				"south": {"uv": [9, 12.5, 10, 13.5], "texture": "#2"},
				"west": {"uv": [10, 12.5, 11, 13.5], "texture": "#2"},
				"up": {"uv": [1, 14.5, 0, 13.5], "rotation": 180, "texture": "#2"},
				"down": {"uv": [1, 13.5, 0, 14.5], "rotation": 180, "texture": "#2"}
			}
		},
		{
			"from": [4, 2, 4],
			"to": [12, 9, 12],
			"rotation": {"angle": 0, "axis": "y", "origin": [8.5, 6.14668, 9.45518]},
			"faces": {
				"north": {"uv": [1, 8.5, 5, 12], "texture": "#2"},
				"east": {"uv": [5, 0, 9, 3.5], "texture": "#2"},
				"south": {"uv": [1, 5, 5, 8.5], "texture": "#2"},
				"west": {"uv": [9, 0, 5, 3.5], "texture": "#2"},
				"up": {"uv": [9, 11.5, 5, 7.5], "rotation": 180, "texture": "#2"},
				"down": {"uv": [9, 3.5, 5, 7.5], "rotation": 180, "texture": "#2"}
			}
		},
		{
			"from": [5, 2, 12],
			"to": [11, 8, 16],
			"rotation": {"angle": 0, "axis": "y", "origin": [8.5, 6.14668, 9.45518]},
			"faces": {
				"north": {"uv": [0, 0, 3, 3], "texture": "#2"},
				"east": {"uv": [3, 0, 5, 3], "texture": "#2"},
				"south": {"uv": [0, 0, 3, 3], "texture": "#2"},
				"west": {"uv": [5, 0, 3, 3], "texture": "#2"},
				"up": {"uv": [3, 3, 0, 5], "rotation": 180, "texture": "#2"},
				"down": {"uv": [3, 5, 0, 3], "rotation": 180, "texture": "#2"}
			}
		},
		{
			"from": [4.1, 5.995, 13.375],
			"to": [6.1, 7.995, 14.375],
			"rotation": {"angle": -22.5, "axis": "y", "origin": [6, 6.975, 13.875]},
			"faces": {
				"north": {"uv": [0.5, 5.5, 0, 6], "texture": "#2"},
				"east": {"uv": [0, 5.5, 0.5, 6], "texture": "#2"},
				"south": {"uv": [1, 5, 0, 6], "texture": "#2"},
				"west": {"uv": [0.5, 5, 0, 6], "texture": "#2"},
				"up": {"uv": [0, 5.5, 1, 5], "rotation": 180, "texture": "#2"},
				"down": {"uv": [0, 5.5, 1, 6], "rotation": 180, "texture": "#2"}
			}
		},
		{
			"from": [9.9, 5.995, 13.375],
			"to": [11.9, 7.995, 14.375],
			"rotation": {"angle": 22.5, "axis": "y", "origin": [10, 6.975, 13.875]},
			"faces": {
				"north": {"uv": [0, 5.5, 0.5, 6], "texture": "#2"},
				"east": {"uv": [0, 5, 0.5, 6], "texture": "#2"},
				"south": {"uv": [0, 5, 1, 6], "texture": "#2"},
				"west": {"uv": [0.5, 5.5, 0, 6], "texture": "#2"},
				"up": {"uv": [1, 5.5, 0, 5], "rotation": 180, "texture": "#2"},
				"down": {"uv": [1, 5.5, 0, 6], "rotation": 180, "texture": "#2"}
			}
		},
		{
			"from": [5, 0, 10],
			"to": [7, 2, 12],
			"rotation": {"angle": 0, "axis": "y", "origin": [8.5, 6.14668, 9.45518]},
			"faces": {
				"north": {"uv": [9, 12.5, 10, 13.5], "texture": "#2"},
				"east": {"uv": [10, 12.5, 11, 13.5], "texture": "#2"},
				"south": {"uv": [11, 13, 12, 14], "texture": "#2"},
				"west": {"uv": [12, 13, 13, 14], "texture": "#2"},
				"up": {"uv": [1, 14.5, 0, 13.5], "texture": "#2"},
				"down": {"uv": [1, 13.5, 0, 14.5], "texture": "#2"}
			}
		},
		{
			"from": [9, 0, 5],
			"to": [11, 2, 7],
			"rotation": {"angle": 0, "axis": "y", "origin": [8.5, 6.14668, 9.45518]},
			"faces": {
				"north": {"uv": [11, 13, 12, 14], "texture": "#2"},
				"east": {"uv": [12, 13, 13, 14], "texture": "#2"},
				"south": {"uv": [9, 12.5, 10, 13.5], "texture": "#2"},
				"west": {"uv": [10, 12.5, 11, 13.5], "texture": "#2"},
				"up": {"uv": [1, 14.5, 0, 13.5], "rotation": 180, "texture": "#2"},
				"down": {"uv": [1, 13.5, 0, 14.5], "rotation": 180, "texture": "#2"}
			}
		},
		{
			"from": [5, 0, 5],
			"to": [7, 2, 7],
			"rotation": {"angle": 0, "axis": "y", "origin": [8.5, 6.14668, 9.45518]},
			"faces": {
				"north": {"uv": [9, 12.5, 10, 13.5], "texture": "#2"},
				"east": {"uv": [10, 12.5, 11, 13.5], "texture": "#2"},
				"south": {"uv": [11, 13, 12, 14], "texture": "#2"},
				"west": {"uv": [12, 13, 13, 14], "texture": "#2"},
				"up": {"uv": [1, 14.5, 0, 13.5], "texture": "#2"},
				"down": {"uv": [1, 13.5, 0, 14.5], "texture": "#2"}
			}
		},
		{
			"from": [5.5, 2.17051, -2.21089],
			"to": [10.5, 3.17051, 3.78911],
			"rotation": {"angle": -22.5, "axis": "x", "origin": [7.5, 4.17051, 1.78911]},
			"faces": {
				"north": {"uv": [9.5, 7, 12, 7.5], "texture": "#2"},
				"east": {"uv": [9, 7, 9.5, 4], "rotation": 90, "texture": "#2"},
				"south": {"uv": [9.5, 7, 12, 7.5], "texture": "#2"},
				"west": {"uv": [12, 4, 12.5, 7], "rotation": 90, "texture": "#2"},
				"up": {"uv": [12, 7, 9.5, 4], "texture": "#2"},
				"down": {"uv": [15, 4, 12.5, 7], "texture": "#2"}
			}
		},
		{
			"from": [10, 5, 16.01],
			"to": [11.01, 6, 16.01],
			"rotation": {"angle": 0, "axis": "y", "origin": [10.5, 5.5, 15.5]},
			"faces": {
				"north": {"uv": [0, 0, 16, 16], "texture": "#1"},
				"east": {"uv": [0, 0, 0, 0], "texture": "#1"},
				"south": {"uv": [0, 0, 16, 16], "texture": "#1"},
				"west": {"uv": [0, 0, 0, 0], "texture": "#1"},
				"up": {"uv": [0, 0, 0, 0], "rotation": 180, "texture": "#1"},
				"down": {"uv": [0, 0, 0, 0], "rotation": 180, "texture": "#1"}
			}
		},
		{
			"from": [11.01, 5, 15],
			"to": [11.01, 6, 16.01],
			"rotation": {"angle": 0, "axis": "y", "origin": [10.5, 5.5, 15.5]},
			"faces": {
				"north": {"uv": [0, 0, 0, 0], "texture": "#1"},
				"east": {"uv": [0, 0, 16, 16], "texture": "#1"},
				"south": {"uv": [0, 0, 0, 0], "texture": "#1"},
				"west": {"uv": [0, 0, 16, 16], "texture": "#1"},
				"up": {"uv": [0, 0, 0, 0], "rotation": 90, "texture": "#1"},
				"down": {"uv": [0, 0, 0, 0], "rotation": 270, "texture": "#1"}
			}
		},
		{
			"from": [4.99, 5, 16.01],
			"to": [6, 6, 16.01],
			"rotation": {"angle": 0, "axis": "y", "origin": [5.5, 5.5, 15.5]},
			"faces": {
				"north": {"uv": [16, 0, 0, 16], "texture": "#1"},
				"east": {"uv": [0, 0, 0, 0], "texture": "#1"},
				"south": {"uv": [16, 0, 0, 16], "texture": "#1"},
				"west": {"uv": [0, 0, 0, 0], "texture": "#1"},
				"up": {"uv": [0, 0, 0, 0], "rotation": 180, "texture": "#1"},
				"down": {"uv": [0, 0, 0, 0], "rotation": 180, "texture": "#1"}
			}
		},
		{
			"from": [4.99, 5, 15],
			"to": [4.99, 6, 16.01],
			"rotation": {"angle": 0, "axis": "y", "origin": [5.5, 5.5, 15.5]},
			"faces": {
				"north": {"uv": [0, 0, 0, 0], "texture": "#1"},
				"east": {"uv": [16, 0, 0, 16], "texture": "#1"},
				"south": {"uv": [0, 0, 0, 0], "texture": "#1"},
				"west": {"uv": [16, 0, 0, 16], "texture": "#1"},
				"up": {"uv": [0, 0, 0, 0], "rotation": 90, "texture": "#1"},
				"down": {"uv": [0, 0, 0, 0], "rotation": 270, "texture": "#1"}
			}
		}
	],
	"display": {
		"thirdperson_righthand": {
			"rotation": [75, -135, 0],
			"translation": [0, 2.75, 2.5],
			"scale": [0.31, 0.31, 0.31]
		},
		"thirdperson_lefthand": {
			"rotation": [75, 135, 0],
			"translation": [0, 2.75, 2.5],
			"scale": [0.31, 0.31, 0.31]
		},
		"firstperson_righthand": {
			"rotation": [0, -135, 0],
			"translation": [0, 2, 0],
			"scale": [0.4, 0.4, 0.4]
		},
		"firstperson_lefthand": {
			"rotation": [0, -135, 0],
			"translation": [0, 2, 0],
			"scale": [0.4, 0.4, 0.4]
		},
		"ground": {
			"rotation": [0, 180, 0],
			"translation": [0, 5, 0]
		},
		"gui": {
			"rotation": [30, -45, 0],
			"translation": [0, 2.5, 0],
			"scale": [0.9, 0.9, 0.9]
		},
		"head": {
			"rotation": [0, 180, 0],
			"translation": [0, 8, 0],
			"scale": [1.6, 1.6, 1.6]
		},
		"fixed": {
			"rotation": [-90, 180, 0],
			"translation": [0, 0, -16],
			"scale": [2, 2, 2]
		}
	}
}