{
	"credit": "Made with Blockbench",
	"texture_size": [32, 32],
	"textures": {
		"1": "custom/pet/eye",
		"2": "custom/pet/bread",
		"particle": "custom/pet/bread"
	},
	"elements": [
		{
			"from": [4.5, 0, 3],
			"to": [11.5, 4, 11],
			"rotation": {"angle": 0, "axis": "y", "origin": [8, 6.14668, 5.54482]},
			"faces": {
				"north": {"uv": [0.5, 2, 4, 4], "texture": "#2"},
				"east": {"uv": [4.5, 6.5, 8.5, 8.5], "texture": "#2"},
				"south": {"uv": [0.5, 2, 4, 4], "texture": "#2"},
				"west": {"uv": [8.5, 6.5, 4.5, 8.5], "texture": "#2"},
				"up": {"uv": [4, 8, 0, 4.5], "rotation": 90, "texture": "#2"},
				"down": {"uv": [0, 4.5, 4, 8], "rotation": 90, "texture": "#2"}
			}
		},
		{
			"from": [4.5, 7, 3],
			"to": [11.5, 8, 11],
			"rotation": {"angle": 0, "axis": "y", "origin": [8, 6.14668, 5.54482]},
			"faces": {
				"north": {"uv": [0.5, 0, 4, 0.5], "texture": "#2"},
				"east": {"uv": [8.5, 3.5, 4.5, 4], "rotation": 180, "texture": "#2"},
				"south": {"uv": [0.5, 0, 4, 0.5], "texture": "#2"},
				"west": {"uv": [4.5, 3.5, 8.5, 4], "rotation": 180, "texture": "#2"},
				"up": {"uv": [8.5, 3.5, 4.5, 0], "rotation": 90, "texture": "#2"},
				"down": {"uv": [4.5, 3.5, 8.5, 0], "rotation": 90, "texture": "#2"}
			}
		},
		{
			"from": [3.5, 4, 3],
			"to": [12.5, 7, 11],
			"rotation": {"angle": 0, "axis": "y", "origin": [8, 6.14668, 5.54482]},
			"faces": {
				"north": {"uv": [0, 0.5, 4.5, 2], "texture": "#2"},
				"east": {"uv": [4.5, 4.5, 8.5, 6], "texture": "#2"},
				"south": {"uv": [0, 0.5, 4.5, 2], "texture": "#2"},
				"west": {"uv": [8.5, 4.5, 4.5, 6], "texture": "#2"},
				"up": {"uv": [8.5, 4.5, 4.5, 4], "rotation": 90, "texture": "#2"},
				"down": {"uv": [4.5, 6.5, 8.5, 6], "rotation": 90, "texture": "#2"}
			}
		},
		{
			"from": [4, 0, 11.5],
			"to": [11, 4, 12.5],
			"rotation": {"angle": 0, "axis": "z", "origin": [8.5, 4.75, 12.255]},
			"faces": {
				"north": {"uv": [0.5, 2, 4, 4], "texture": "#2"},
				"east": {"uv": [8, 6.5, 8.5, 8.5], "texture": "#2"},
				"south": {"uv": [0.5, 2, 4, 4], "texture": "#2"},
				"west": {"uv": [8.5, 6.5, 8, 8.5], "texture": "#2"},
				"up": {"uv": [4, 8, 0, 4.5], "rotation": 90, "texture": "#2"},
				"down": {"uv": [0, 4.5, 4, 8], "rotation": 90, "texture": "#2"}
			}
		},
		{
			"from": [3, 4, 11.5],
			"to": [12, 7, 12.5],
			"rotation": {"angle": 0, "axis": "z", "origin": [8.5, 4.75, 12.255]},
			"faces": {
				"north": {"uv": [0, 0.5, 4.5, 2], "texture": "#2"},
				"east": {"uv": [8, 4.5, 8.5, 6], "texture": "#2"},
				"south": {"uv": [0, 0.5, 4.5, 2], "texture": "#2"},
				"west": {"uv": [8.5, 4.5, 8, 6], "texture": "#2"},
				"up": {"uv": [8.5, 4.5, 8, 4], "rotation": 90, "texture": "#2"},
				"down": {"uv": [8, 6.5, 8.5, 6], "rotation": 90, "texture": "#2"}
			}
		},
		{
			"from": [4, 7, 11.5],
			"to": [11, 8, 12.5],
			"rotation": {"angle": 0, "axis": "z", "origin": [8.5, 4.75, 12.255]},
			"faces": {
				"north": {"uv": [0.5, 0, 4, 0.5], "texture": "#2"},
				"east": {"uv": [8.5, 3.5, 8, 4], "rotation": 180, "texture": "#2"},
				"south": {"uv": [0.5, 0, 4, 0.5], "texture": "#2"},
				"west": {"uv": [8, 3.5, 8.5, 4], "rotation": 180, "texture": "#2"},
				"up": {"uv": [8.5, 3.5, 8, 0], "rotation": 90, "texture": "#2"},
				"down": {"uv": [8, 3.5, 8.5, 0], "rotation": 90, "texture": "#2"}
			}
		},
		{
			"from": [8.5, 3, 12.51],
			"to": [9.51, 4, 12.51],
			"rotation": {"angle": 0, "axis": "z", "origin": [8.5, 4.75, 12.255]},
			"faces": {
				"north": {"uv": [0, 0, 16, 16], "texture": "#1"},
				"east": {"uv": [0, 0, 0, 0], "texture": "#1"},
				"south": {"uv": [0, 0, 16, 16], "texture": "#1"},
				"west": {"uv": [0, 0, 0, 0], "texture": "#1"},
				"up": {"uv": [0, 0, 0, 0], "rotation": 180, "texture": "#1"},
				"down": {"uv": [0, 0, 0, 0], "rotation": 180, "texture": "#1"}
			}
		},
		{
			"from": [5.49, 3, 12.51],
			"to": [6.5, 4, 12.51],
			"rotation": {"angle": 0, "axis": "z", "origin": [8.5, 4.75, 12.255]},
			"faces": {
				"north": {"uv": [16, 0, 0, 16], "texture": "#1"},
				"east": {"uv": [0, 0, 0, 0], "texture": "#1"},
				"south": {"uv": [16, 0, 0, 16], "texture": "#1"},
				"west": {"uv": [0, 0, 0, 0], "texture": "#1"},
				"up": {"uv": [0, 0, 0, 0], "rotation": 180, "texture": "#1"},
				"down": {"uv": [0, 0, 0, 0], "rotation": 180, "texture": "#1"}
			}
		}
	],
	"display": {
		"thirdperson_righthand": {
			"rotation": [75, -135, 0],
			"translation": [0, 2.75, 2.5],
			"scale": [0.31, 0.31, 0.31]
		},
		"thirdperson_lefthand": {
			"rotation": [75, 135, 0],
			"translation": [0, 2.75, 2.5],
			"scale": [0.31, 0.31, 0.31]
		},
		"firstperson_righthand": {
			"rotation": [0, -135, 0],
			"translation": [0, 2, 0],
			"scale": [0.4, 0.4, 0.4]
		},
		"firstperson_lefthand": {
			"rotation": [0, -135, 0],
			"translation": [0, 2, 0],
			"scale": [0.4, 0.4, 0.4]
		},
		"ground": {
			"rotation": [0, 180, 0],
			"translation": [0, 5, 0]
		},
		"gui": {
			"rotation": [30, -45, 0],
			"translation": [0, 2.5, 0],
			"scale": [0.9, 0.9, 0.9]
		},
		"head": {
			"rotation": [0, 180, 0],
			"translation": [0, 8, 0],
			"scale": [1.6, 1.6, 1.6]
		},
		"fixed": {
			"rotation": [-90, 180, 0],
			"translation": [0, 0, -16],
			"scale": [2, 2, 2]
		}
	}
}