{
	"credit": "Made with Blockbench",
	"texture_size": [32, 32],
	"textures": {
		"0": "custom/pet/turtle",
		"1": "custom/pet/eye",
		"particle": "custom/pet/turtle"
	},
	"elements": [
		{
			"from": [10.5, 0, 3],
			"to": [12.5, 2, 5],
			"rotation": {"angle": 0, "axis": "y", "origin": [9, 6.14668, 7.45518]},
			"faces": {
				"north": {"uv": [10, 7.5, 11, 8.5], "texture": "#0"},
				"east": {"uv": [11, 7.5, 12, 8.5], "texture": "#0"},
				"south": {"uv": [11, 7.5, 10, 8.5], "texture": "#0"},
				"west": {"uv": [11, 7.5, 12, 8.5], "texture": "#0"},
				"up": {"uv": [10, 8.5, 9, 7.5], "rotation": 180, "texture": "#0"},
				"down": {"uv": [10, 7.5, 9, 8.5], "rotation": 180, "texture": "#0"}
			}
		},
		{
			"from": [7, 2, 0],
			"to": [9, 2, 2],
			"rotation": {"angle": -22.5, "axis": "x", "origin": [8, 2, 2]},
			"faces": {
				"north": {"uv": [11, 7.5, 11, 7.5], "texture": "#0"},
				"east": {"uv": [12, 7.5, 12, 7.5], "texture": "#0"},
				"south": {"uv": [11, 7.5, 11, 7.5], "texture": "#0"},
				"west": {"uv": [12, 7.5, 12, 7.5], "texture": "#0"},
				"up": {"uv": [11, 8.5, 10, 7.5], "texture": "#0"},
				"down": {"uv": [10, 7.5, 9, 8.5], "texture": "#0"}
			}
		},
		{
			"from": [3.5, 0, 3],
			"to": [5.5, 2, 5],
			"rotation": {"angle": 0, "axis": "y", "origin": [4.5, 1, 4]},
			"faces": {
				"north": {"uv": [11, 7.5, 10, 8.5], "texture": "#0"},
				"east": {"uv": [11, 7.5, 12, 8.5], "texture": "#0"},
				"south": {"uv": [10, 7.5, 11, 8.5], "texture": "#0"},
				"west": {"uv": [11, 7.5, 12, 8.5], "texture": "#0"},
				"up": {"uv": [10, 8.5, 9, 7.5], "texture": "#0"},
				"down": {"uv": [10, 7.5, 9, 8.5], "texture": "#0"}
			}
		},
		{
			"from": [3.5, 0, 10],
			"to": [5.5, 2, 12],
			"rotation": {"angle": 0, "axis": "y", "origin": [4.5, 1, 11]},
			"faces": {
				"north": {"uv": [11, 7.5, 10, 8.5], "texture": "#0"},
				"east": {"uv": [11, 7.5, 12, 8.5], "texture": "#0"},
				"south": {"uv": [10, 7.5, 11, 8.5], "texture": "#0"},
				"west": {"uv": [11, 7.5, 12, 8.5], "texture": "#0"},
				"up": {"uv": [10, 8.5, 9, 7.5], "texture": "#0"},
				"down": {"uv": [10, 7.5, 9, 8.5], "texture": "#0"}
			}
		},
		{
			"from": [10.5, 0, 10],
			"to": [12.5, 2, 12],
			"rotation": {"angle": 0, "axis": "y", "origin": [9, 6.14668, 14.45518]},
			"faces": {
				"north": {"uv": [10, 7.5, 11, 8.5], "texture": "#0"},
				"east": {"uv": [11, 7.5, 12, 8.5], "texture": "#0"},
				"south": {"uv": [11, 7.5, 10, 8.5], "texture": "#0"},
				"west": {"uv": [11, 7.5, 12, 8.5], "texture": "#0"},
				"up": {"uv": [10, 8.5, 9, 7.5], "rotation": 180, "texture": "#0"},
				"down": {"uv": [10, 7.5, 9, 8.5], "rotation": 180, "texture": "#0"}
			}
		},
		{
			"from": [10.51, 10, 14],
			"to": [10.51, 11, 15],
			"rotation": {"angle": 0, "axis": "y", "origin": [10, 10.5, 14.5]},
			"faces": {
				"north": {"uv": [0, 0, 0, 0], "texture": "#1"},
				"east": {"uv": [0, 0, 16, 16], "texture": "#1"},
				"south": {"uv": [0, 0, 1.5, 1.5], "texture": "#1"},
				"west": {"uv": [0, 0, 16, 16], "texture": "#1"},
				"up": {"uv": [0, 0, 0, 0], "rotation": 90, "texture": "#1"},
				"down": {"uv": [0, 0, 0, 0], "rotation": 270, "texture": "#1"}
			}
		},
		{
			"from": [5.49, 10, 14],
			"to": [5.49, 11, 15],
			"rotation": {"angle": 0, "axis": "y", "origin": [6, 10.5, 14.5]},
			"faces": {
				"north": {"uv": [0, 0, 0, 0], "texture": "#1"},
				"east": {"uv": [0, 0, 16, 16], "texture": "#1"},
				"south": {"uv": [0, 0, 1.5, 1.5], "texture": "#1"},
				"west": {"uv": [0, 0, 16, 16], "texture": "#1"},
				"up": {"uv": [0, 0, 0, 0], "rotation": 270, "texture": "#1"},
				"down": {"uv": [0, 0, 0, 0], "rotation": 90, "texture": "#1"}
			}
		},
		{
			"from": [2.5, 2, 2],
			"to": [13.5, 8, 13],
			"rotation": {"angle": 0, "axis": "y", "origin": [9, 6, 5.5]},
			"faces": {
				"north": {"uv": [5.5, 3, 0, 0], "texture": "#0"},
				"east": {"uv": [5.5, 8.5, 8.5, 3], "rotation": 90, "texture": "#0"},
				"south": {"uv": [5.5, 3, 0, 0], "texture": "#0"},
				"west": {"uv": [5.5, 3, 8.5, 8.5], "rotation": 90, "texture": "#0"},
				"up": {"uv": [5.5, 3, 0, 8.5], "rotation": 180, "texture": "#0"},
				"down": {"uv": [5.5, 14, 0, 8.5], "rotation": 180, "texture": "#0"}
			}
		},
		{
			"from": [5.5, 4, 12],
			"to": [10.5, 12, 16],
			"rotation": {"angle": 0, "axis": "y", "origin": [8, 7.5, 14]},
			"faces": {
				"north": {"uv": [16, 2, 13.5, 6], "texture": "#0"},
				"east": {"uv": [11, 2, 9, 6], "texture": "#0"},
				"south": {"uv": [11, 2, 13.5, 6], "texture": "#0"},
				"west": {"uv": [9, 2, 11, 6], "texture": "#0"},
				"up": {"uv": [13.5, 2, 11, 0], "rotation": 180, "texture": "#0"},
				"down": {"uv": [16, 6.5, 13.5, 4.5], "rotation": 180, "texture": "#0"}
			}
		}
	],
	"display": {
		"thirdperson_righthand": {
			"rotation": [75, -135, 0],
			"translation": [0, 2.75, 2.5],
			"scale": [0.31, 0.31, 0.31]
		},
		"thirdperson_lefthand": {
			"rotation": [75, 135, 0],
			"translation": [0, 2.75, 2.5],
			"scale": [0.31, 0.31, 0.31]
		},
		"firstperson_righthand": {
			"rotation": [0, -135, 0],
			"translation": [0, 2, 0],
			"scale": [0.4, 0.4, 0.4]
		},
		"firstperson_lefthand": {
			"rotation": [0, -135, 0],
			"translation": [0, 2, 0],
			"scale": [0.4, 0.4, 0.4]
		},
		"ground": {
			"rotation": [0, 180, 0],
			"translation": [0, 5, 0]
		},
		"gui": {
			"rotation": [30, -45, 0],
			"translation": [-0.25, 2.5, 0],
			"scale": [0.9, 0.9, 0.9]
		},
		"head": {
			"rotation": [0, 180, 0],
			"translation": [0, 8, 0],
			"scale": [1.6, 1.6, 1.6]
		},
		"fixed": {
			"rotation": [-90, 180, 0],
			"translation": [0, 0, -16],
			"scale": [2, 2, 2]
		}
	}
}